timestamp,asset,regime,atr,volatility,spread,bos,choch,sweep,ob,fvg,trg,decisionTraceId,providers,courtPermission,riskLevel,sizing,result,holdingTimeSec,mfe,mae,opportunityCost,alphaScore
2026-07-24T09:15:04.000Z,BTC/USD,RANGING_CONSOLIDATION,1.1,1.2,0.0001,false,false,true,false,false,0.45,trace_1,{},ALLOW,1,0.001,win,45,0.006,-0.001,0,85
2026-07-24T09:16:04.000Z,BTC/USD,TRENDING_BULLISH,1.1,1.2,0.0001,true,false,true,false,false,0.45,trace_2,{},ALLOW,1,0.001,win,45,0.006,-0.001,0,85
2026-07-24T09:17:04.000Z,BTC/USD,RANGING_CONSOLIDATION,1.1,1.2,0.0001,false,false,true,false,false,0.45,trace_3,{},ALLOW,1,0.001,loss,45,0.006,-0.001,0,85
2026-07-24T09:18:04.000Z,BTC/USD,TRENDING_BULLISH,1.1,1.2,0.0001,true,false,true,false,false,0.45,trace_4,{},ALLOW,1,0.001,loss,45,0.006,-0.001,0,85
2026-07-24T09:21:05.000Z,BTC/USD,RANGING_CONSOLIDATION,2.5,1.2,0.0001,false,false,true,false,false,0.45,trace_5,{},ALLOW,1,0.001,loss,45,0.006,-0.001,0,85
2026-07-24T09:22:05.000Z,BTC/USD,TRENDING_BULLISH,1.1,1.2,0.0001,true,false,true,false,false,0.45,trace_6,{},ALLOW,1,0.001,loss,45,0.006,-0.001,0,85
2026-07-24T09:23:05.000Z,BTC/USD,RANGING_CONSOLIDATION,1.1,1.2,0.0001,false,false,true,false,false,0.45,trace_7,{},ALLOW,1,0.001,loss,45,0.006,-0.001,0,85
2026-07-24T09:24:06.000Z,BTC/USD,TRENDING_BULLISH,1.1,1.2,0.0001,true,false,true,false,false,0.45,trace_8,{},ALLOW,1,0.001,loss,45,0.006,-0.001,0,85
2026-07-24T09:26:06.000Z,BTC/USD,RANGING_CONSOLIDATION,1.1,1.2,0.0001,false,false,true,false,false,0.45,trace_9,{},ALLOW,1,0.001,loss,45,0.006,-0.001,0,85
2026-07-24T09:27:06.000Z,BTC/USD,TRENDING_BULLISH,2.5,1.2,0.0001,true,false,true,false,false,0.45,trace_10,{},ALLOW,1,0.001,win,45,0.006,-0.001,0,85
2026-07-24T09:28:07.000Z,BTC/USD,RANGING_CONSOLIDATION,1.1,1.2,0.0001,false,false,true,false,false,0.45,trace_11,{},ALLOW,1,0.001,loss,45,0.006,-0.001,0,85
2026-07-24T09:29:07.000Z,BTC/USD,TRENDING_BULLISH,1.1,1.2,0.0001,true,false,true,false,false,0.45,trace_12,{},ALLOW,1,0.001,loss,45,0.006,-0.001,0,85
2026-07-24T09:42:10.000Z,BTC/USD,RANGING_CONSOLIDATION,1.1,1.2,0.0001,false,false,true,false,false,0.45,trace_13,{},ALLOW,1,0.001,loss,45,0.006,-0.001,0,85
2026-07-24T09:48:11.000Z,BTC/USD,TRENDING_BULLISH,1.1,1.2,0.0001,true,false,true,false,false,0.45,trace_14,{},ALLOW,1,0.001,loss,45,0.006,-0.001,0,85
2026-07-24T09:49:11.000Z,BTC/USD,RANGING_CONSOLIDATION,2.5,1.2,0.0001,false,false,true,false,false,0.45,trace_15,{},ALLOW,1,0.001,win,45,0.006,-0.001,0,85
2026-07-24T09:55:12.000Z,BTC/USD,TRENDING_BULLISH,1.1,1.2,0.0001,true,false,true,false,false,0.45,trace_16,{},ALLOW,1,0.001,loss,45,0.006,-0.001,0,85
2026-07-24T09:56:13.000Z,BTC/USD,RANGING_CONSOLIDATION,1.1,1.2,0.0001,false,false,true,false,false,0.45,trace_17,{},ALLOW,1,0.001,loss,45,0.006,-0.001,0,85
2026-07-24T10:03:14.000Z,BTC/USD,TRENDING_BULLISH,1.1,1.2,0.0001,true,false,true,false,false,0.45,trace_18,{},ALLOW,1,0.001,win,45,0.006,-0.001,0,85
2026-07-24T10:05:15.000Z,BTC/USD,RANGING_CONSOLIDATION,1.1,1.2,0.0001,false,false,true,false,false,0.45,trace_19,{},ALLOW,1,0.001,loss,45,0.006,-0.001,0,85
2026-07-24T10:08:15.000Z,BTC/USD,TRENDING_BULLISH,2.5,1.2,0.0001,true,false,true,false,false,0.45,trace_20,{},ALLOW,1,0.001,loss,45,0.006,-0.001,0,85
2026-07-24T10:09:15.000Z,BTC/USD,RANGING_CONSOLIDATION,1.1,1.2,0.0001,false,false,true,false,false,0.45,trace_21,{},ALLOW,1,0.001,loss,45,0.006,-0.001,0,85
2026-07-24T10:10:16.000Z,BTC/USD,TRENDING_BULLISH,1.1,1.2,0.0001,true,false,true,false,false,0.45,trace_22,{},ALLOW,1,0.001,loss,45,0.006,-0.001,0,85
2026-07-24T10:11:16.000Z,BTC/USD,RANGING_CONSOLIDATION,1.1,1.2,0.0001,false,false,true,false,false,0.45,trace_23,{},ALLOW,1,0.001,win,45,0.006,-0.001,0,85
2026-07-24T10:17:17.000Z,BTC/USD,TRENDING_BULLISH,1.1,1.2,0.0001,true,false,true,false,false,0.45,trace_24,{},ALLOW,1,0.001,loss,45,0.006,-0.001,0,85
2026-07-24T10:26:19.000Z,BTC/USD,RANGING_CONSOLIDATION,2.5,1.2,0.0001,false,false,true,false,false,0.45,trace_25,{},ALLOW,1,0.001,loss,45,0.006,-0.001,0,85
2026-07-24T10:46:23.000Z,BTC/USD,TRENDING_BULLISH,1.1,1.2,0.0001,true,false,true,false,false,0.45,trace_26,{},ALLOW,1,0.001,win,45,0.006,-0.001,0,85
2026-07-24T10:47:24.000Z,BTC/USD,RANGING_CONSOLIDATION,1.1,1.2,0.0001,false,false,true,false,false,0.45,trace_27,{},ALLOW,1,0.001,loss,45,0.006,-0.001,0,85
2026-07-24T10:48:24.000Z,BTC/USD,TRENDING_BULLISH,1.1,1.2,0.0001,true,false,true,false,false,0.45,trace_28,{},ALLOW,1,0.001,win,45,0.006,-0.001,0,85
2026-07-24T10:50:24.000Z,BTC/USD,RANGING_CONSOLIDATION,1.1,1.2,0.0001,false,false,true,false,false,0.45,trace_29,{},ALLOW,1,0.001,loss,45,0.006,-0.001,0,85
2026-07-24T10:51:25.000Z,BTC/USD,TRENDING_BULLISH,2.5,1.2,0.0001,true,false,true,false,false,0.45,trace_30,{},ALLOW,1,0.001,loss,45,0.006,-0.001,0,85
2026-07-24T10:55:25.000Z,BTC/USD,RANGING_CONSOLIDATION,1.1,1.2,0.0001,false,false,true,false,false,0.45,trace_31,{},ALLOW,1,0.001,loss,45,0.006,-0.001,0,85
2026-07-24T10:59:26.000Z,BTC/USD,TRENDING_BULLISH,1.1,1.2,0.0001,true,false,true,false,false,0.45,trace_32,{},ALLOW,1,0.001,win,45,0.006,-0.001,0,85
2026-07-24T11:00:26.000Z,BTC/USD,RANGING_CONSOLIDATION,1.1,1.2,0.0001,false,false,true,false,false,0.45,trace_33,{},ALLOW,1,0.001,loss,45,0.006,-0.001,0,85
2026-07-24T11:01:27.000Z,BTC/USD,TRENDING_BULLISH,1.1,1.2,0.0001,true,false,true,false,false,0.45,trace_34,{},ALLOW,1,0.001,loss,45,0.006,-0.001,0,85
2026-07-24T11:02:27.000Z,BTC/USD,RANGING_CONSOLIDATION,2.5,1.2,0.0001,false,false,true,false,false,0.45,trace_35,{},ALLOW,1,0.001,loss,45,0.006,-0.001,0,85
2026-07-24T11:03:27.000Z,BTC/USD,TRENDING_BULLISH,1.1,1.2,0.0001,true,false,true,false,false,0.45,trace_36,{},ALLOW,1,0.001,loss,45,0.006,-0.001,0,85
2026-07-24T11:04:27.000Z,BTC/USD,RANGING_CONSOLIDATION,1.1,1.2,0.0001,false,false,true,false,false,0.45,trace_37,{},ALLOW,1,0.001,loss,45,0.006,-0.001,0,85
2026-07-24T11:05:28.000Z,BTC/USD,TRENDING_BULLISH,1.1,1.2,0.0001,true,false,true,false,false,0.45,trace_38,{},ALLOW,1,0.001,win,45,0.006,-0.001,0,85
2026-07-24T11:06:28.000Z,BTC/USD,RANGING_CONSOLIDATION,1.1,1.2,0.0001,false,false,true,false,false,0.45,trace_39,{},ALLOW,1,0.001,loss,45,0.006,-0.001,0,85
2026-07-24T11:07:28.000Z,BTC/USD,TRENDING_BULLISH,2.5,1.2,0.0001,true,false,true,false,false,0.45,trace_40,{},ALLOW,1,0.001,loss,45,0.006,-0.001,0,85
2026-07-24T11:08:28.000Z,BTC/USD,RANGING_CONSOLIDATION,1.1,1.2,0.0001,false,false,true,false,false,0.45,trace_41,{},ALLOW,1,0.001,win,45,0.006,-0.001,0,85
2026-07-24T11:09:28.000Z,BTC/USD,TRENDING_BULLISH,1.1,1.2,0.0001,true,false,true,false,false,0.45,trace_42,{},ALLOW,1,0.001,win,45,0.006,-0.001,0,85
2026-07-24T11:11:29.000Z,BTC/USD,RANGING_CONSOLIDATION,1.1,1.2,0.0001,false,false,true,false,false,0.45,trace_43,{},ALLOW,1,0.001,win,45,0.006,-0.001,0,85
2026-07-24T11:13:29.000Z,BTC/USD,TRENDING_BULLISH,1.1,1.2,0.0001,true,false,true,false,false,0.45,trace_44,{},ALLOW,1,0.001,loss,45,0.006,-0.001,0,85
2026-07-24T11:14:29.000Z,BTC/USD,RANGING_CONSOLIDATION,2.5,1.2,0.0001,false,false,true,false,false,0.45,trace_45,{},ALLOW,1,0.001,win,45,0.006,-0.001,0,85
2026-07-24T11:15:30.000Z,BTC/USD,TRENDING_BULLISH,1.1,1.2,0.0001,true,false,true,false,false,0.45,trace_46,{},ALLOW,1,0.001,loss,45,0.006,-0.001,0,85
2026-07-24T11:30:33.000Z,BTC/USD,RANGING_CONSOLIDATION,1.1,1.2,0.0001,false,false,true,false,false,0.45,trace_47,{},ALLOW,1,0.001,loss,45,0.006,-0.001,0,85
2026-07-24T11:32:33.000Z,BTC/USD,TRENDING_BULLISH,1.1,1.2,0.0001,true,false,true,false,false,0.45,trace_48,{},ALLOW,1,0.001,loss,45,0.006,-0.001,0,85
2026-07-24T11:34:34.000Z,BTC/USD,RANGING_CONSOLIDATION,1.1,1.2,0.0001,false,false,true,false,false,0.45,trace_49,{},ALLOW,1,0.001,loss,45,0.006,-0.001,0,85
2026-07-24T11:36:34.000Z,BTC/USD,TRENDING_BULLISH,2.5,1.2,0.0001,true,false,true,false,false,0.45,trace_50,{},ALLOW,1,0.001,loss,45,0.006,-0.001,0,85
2026-07-24T11:37:34.000Z,BTC/USD,RANGING_CONSOLIDATION,1.1,1.2,0.0001,false,false,true,false,false,0.45,trace_51,{},ALLOW,1,0.001,loss,45,0.006,-0.001,0,85
2026-07-24T11:40:35.000Z,BTC/USD,TRENDING_BULLISH,1.1,1.2,0.0001,true,false,true,false,false,0.45,trace_52,{},ALLOW,1,0.001,loss,45,0.006,-0.001,0,85
2026-07-24T12:03:40.000Z,BTC/USD,RANGING_CONSOLIDATION,1.1,1.2,0.0001,false,false,true,false,false,0.45,trace_53,{},ALLOW,1,0.001,loss,45,0.006,-0.001,0,85
2026-07-24T12:06:41.000Z,BTC/USD,TRENDING_BULLISH,1.1,1.2,0.0001,true,false,true,false,false,0.45,trace_54,{},ALLOW,1,0.001,win,45,0.006,-0.001,0,85
2026-07-24T12:09:42.000Z,BTC/USD,RANGING_CONSOLIDATION,2.5,1.2,0.0001,false,false,true,false,false,0.45,trace_55,{},ALLOW,1,0.001,loss,45,0.006,-0.001,0,85
2026-07-24T12:11:42.000Z,BTC/USD,TRENDING_BULLISH,1.1,1.2,0.0001,true,false,true,false,false,0.45,trace_56,{},ALLOW,1,0.001,win,45,0.006,-0.001,0,85
2026-07-24T12:14:43.000Z,BTC/USD,RANGING_CONSOLIDATION,1.1,1.2,0.0001,false,false,true,false,false,0.45,trace_57,{},ALLOW,1,0.001,loss,45,0.006,-0.001,0,85
2026-07-24T12:15:43.000Z,BTC/USD,TRENDING_BULLISH,1.1,1.2,0.0001,true,false,true,false,false,0.45,trace_58,{},ALLOW,1,0.001,loss,45,0.006,-0.001,0,85
2026-07-24T12:16:43.000Z,BTC/USD,RANGING_CONSOLIDATION,1.1,1.2,0.0001,false,false,true,false,false,0.45,trace_59,{},ALLOW,1,0.001,loss,45,0.006,-0.001,0,85
2026-07-24T12:18:44.000Z,BTC/USD,TRENDING_BULLISH,2.5,1.2,0.0001,true,false,true,false,false,0.45,trace_60,{},ALLOW,1,0.001,loss,45,0.006,-0.001,0,85
2026-07-24T12:19:44.000Z,BTC/USD,RANGING_CONSOLIDATION,1.1,1.2,0.0001,false,false,true,false,false,0.45,trace_61,{},ALLOW,1,0.001,loss,45,0.006,-0.001,0,85
2026-07-24T12:20:44.000Z,BTC/USD,TRENDING_BULLISH,1.1,1.2,0.0001,true,false,true,false,false,0.45,trace_62,{},ALLOW,1,0.001,loss,45,0.006,-0.001,0,85
2026-07-24T12:22:45.000Z,BTC/USD,RANGING_CONSOLIDATION,1.1,1.2,0.0001,false,false,true,false,false,0.45,trace_63,{},ALLOW,1,0.001,loss,45,0.006,-0.001,0,85
2026-07-24T12:23:45.000Z,BTC/USD,TRENDING_BULLISH,1.1,1.2,0.0001,true,false,true,false,false,0.45,trace_64,{},ALLOW,1,0.001,win,45,0.006,-0.001,0,85
2026-07-24T12:27:46.000Z,BTC/USD,RANGING_CONSOLIDATION,2.5,1.2,0.0001,false,false,true,false,false,0.45,trace_65,{},ALLOW,1,0.001,loss,45,0.006,-0.001,0,85
2026-07-24T12:29:46.000Z,BTC/USD,TRENDING_BULLISH,1.1,1.2,0.0001,true,false,true,false,false,0.45,trace_66,{},ALLOW,1,0.001,loss,45,0.006,-0.001,0,85
2026-07-24T12:31:47.000Z,BTC/USD,RANGING_CONSOLIDATION,1.1,1.2,0.0001,false,false,true,false,false,0.45,trace_67,{},ALLOW,1,0.001,loss,45,0.006,-0.001,0,85
2026-07-24T12:32:47.000Z,BTC/USD,TRENDING_BULLISH,1.1,1.2,0.0001,true,false,true,false,false,0.45,trace_68,{},ALLOW,1,0.001,win,45,0.006,-0.001,0,85
2026-07-24T12:33:47.000Z,BTC/USD,RANGING_CONSOLIDATION,1.1,1.2,0.0001,false,false,true,false,false,0.45,trace_69,{},ALLOW,1,0.001,win,45,0.006,-0.001,0,85
2026-07-24T12:34:47.000Z,BTC/USD,TRENDING_BULLISH,2.5,1.2,0.0001,true,false,true,false,false,0.45,trace_70,{},ALLOW,1,0.001,loss,45,0.006,-0.001,0,85
2026-07-24T12:35:47.000Z,BTC/USD,RANGING_CONSOLIDATION,1.1,1.2,0.0001,false,false,true,false,false,0.45,trace_71,{},ALLOW,1,0.001,loss,45,0.006,-0.001,0,85
2026-07-24T12:36:48.000Z,BTC/USD,TRENDING_BULLISH,1.1,1.2,0.0001,true,false,true,false,false,0.45,trace_72,{},ALLOW,1,0.001,loss,45,0.006,-0.001,0,85
2026-07-24T12:37:48.000Z,BTC/USD,RANGING_CONSOLIDATION,1.1,1.2,0.0001,false,false,true,false,false,0.45,trace_73,{},ALLOW,1,0.001,loss,45,0.006,-0.001,0,85
2026-07-24T12:38:48.000Z,BTC/USD,TRENDING_BULLISH,1.1,1.2,0.0001,true,false,true,false,false,0.45,trace_74,{},ALLOW,1,0.001,win,45,0.006,-0.001,0,85
2026-07-24T12:40:49.000Z,BTC/USD,RANGING_CONSOLIDATION,2.5,1.2,0.0001,false,false,true,false,false,0.45,trace_75,{},ALLOW,1,0.001,win,45,0.006,-0.001,0,85
2026-07-24T12:41:49.000Z,BTC/USD,TRENDING_BULLISH,1.1,1.2,0.0001,true,false,true,false,false,0.45,trace_76,{},ALLOW,1,0.001,loss,45,0.006,-0.001,0,85
2026-07-24T12:42:49.000Z,BTC/USD,RANGING_CONSOLIDATION,1.1,1.2,0.0001,false,false,true,false,false,0.45,trace_77,{},ALLOW,1,0.001,win,45,0.006,-0.001,0,85
2026-07-24T12:43:49.000Z,BTC/USD,TRENDING_BULLISH,1.1,1.2,0.0001,true,false,true,false,false,0.45,trace_78,{},ALLOW,1,0.001,loss,45,0.006,-0.001,0,85
2026-07-24T12:44:49.000Z,BTC/USD,RANGING_CONSOLIDATION,1.1,1.2,0.0001,false,false,true,false,false,0.45,trace_79,{},ALLOW,1,0.001,loss,45,0.006,-0.001,0,85
2026-07-24T12:50:51.000Z,BTC/USD,TRENDING_BULLISH,2.5,1.2,0.0001,true,false,true,false,false,0.45,trace_80,{},ALLOW,1,0.001,loss,45,0.006,-0.001,0,85
2026-07-24T12:52:51.000Z,BTC/USD,RANGING_CONSOLIDATION,1.1,1.2,0.0001,false,false,true,false,false,0.45,trace_81,{},ALLOW,1,0.001,loss,45,0.006,-0.001,0,85
2026-07-24T13:00:53.000Z,BTC/USD,TRENDING_BULLISH,1.1,1.2,0.0001,true,false,true,false,false,0.45,trace_82,{},ALLOW,1,0.001,loss,45,0.006,-0.001,0,85
2026-07-24T13:01:53.000Z,BTC/USD,RANGING_CONSOLIDATION,1.1,1.2,0.0001,false,false,true,false,false,0.45,trace_83,{},ALLOW,1,0.001,loss,45,0.006,-0.001,0,85
2026-07-24T13:02:53.000Z,BTC/USD,TRENDING_BULLISH,1.1,1.2,0.0001,true,false,true,false,false,0.45,trace_84,{},ALLOW,1,0.001,loss,45,0.006,-0.001,0,85
2026-07-24T13:03:53.000Z,BTC/USD,RANGING_CONSOLIDATION,2.5,1.2,0.0001,false,false,true,false,false,0.45,trace_85,{},ALLOW,1,0.001,win,45,0.006,-0.001,0,85
2026-07-24T13:04:54.000Z,BTC/USD,TRENDING_BULLISH,1.1,1.2,0.0001,true,false,true,false,false,0.45,trace_86,{},ALLOW,1,0.001,win,45,0.006,-0.001,0,85
2026-07-24T13:13:56.000Z,BTC/USD,RANGING_CONSOLIDATION,1.1,1.2,0.0001,false,false,true,false,false,0.45,trace_87,{},ALLOW,1,0.001,win,45,0.006,-0.001,0,85
2026-07-24T13:19:57.000Z,BTC/USD,TRENDING_BULLISH,1.1,1.2,0.0001,true,false,true,false,false,0.45,trace_88,{},ALLOW,1,0.001,win,45,0.006,-0.001,0,85
2026-07-24T13:20:57.000Z,BTC/USD,RANGING_CONSOLIDATION,1.1,1.2,0.0001,false,false,true,false,false,0.45,trace_89,{},ALLOW,1,0.001,loss,45,0.006,-0.001,0,85
2026-07-24T13:21:57.000Z,BTC/USD,TRENDING_BULLISH,2.5,1.2,0.0001,true,false,true,false,false,0.45,trace_90,{},ALLOW,1,0.001,loss,45,0.006,-0.001,0,85
2026-07-24T13:22:57.000Z,BTC/USD,RANGING_CONSOLIDATION,1.1,1.2,0.0001,false,false,true,false,false,0.45,trace_91,{},ALLOW,1,0.001,loss,45,0.006,-0.001,0,85
2026-07-24T13:27:59.000Z,BTC/USD,TRENDING_BULLISH,1.1,1.2,0.0001,true,false,true,false,false,0.45,trace_92,{},ALLOW,1,0.001,win,45,0.006,-0.001,0,85
2026-07-24T13:28:59.000Z,BTC/USD,RANGING_CONSOLIDATION,1.1,1.2,0.0001,false,false,true,false,false,0.45,trace_93,{},ALLOW,1,0.001,loss,45,0.006,-0.001,0,85
2026-07-24T13:29:59.000Z,BTC/USD,TRENDING_BULLISH,1.1,1.2,0.0001,true,false,true,false,false,0.45,trace_94,{},ALLOW,1,0.001,loss,45,0.006,-0.001,0,85
2026-07-24T13:38:01.000Z,BTC/USD,RANGING_CONSOLIDATION,2.5,1.2,0.0001,false,false,true,false,false,0.45,trace_95,{},ALLOW,1,0.001,win,45,0.006,-0.001,0,85
2026-07-24T13:39:01.000Z,BTC/USD,TRENDING_BULLISH,1.1,1.2,0.0001,true,false,true,false,false,0.45,trace_96,{},ALLOW,1,0.001,loss,45,0.006,-0.001,0,85
2026-07-24T13:40:01.000Z,BTC/USD,RANGING_CONSOLIDATION,1.1,1.2,0.0001,false,false,true,false,false,0.45,trace_97,{},ALLOW,1,0.001,win,45,0.006,-0.001,0,85
2026-07-24T13:42:02.000Z,BTC/USD,TRENDING_BULLISH,1.1,1.2,0.0001,true,false,true,false,false,0.45,trace_98,{},ALLOW,1,0.001,win,45,0.006,-0.001,0,85
2026-07-24T13:43:02.000Z,BTC/USD,RANGING_CONSOLIDATION,1.1,1.2,0.0001,false,false,true,false,false,0.45,trace_99,{},ALLOW,1,0.001,loss,45,0.006,-0.001,0,85
2026-07-24T13:44:02.000Z,BTC/USD,TRENDING_BULLISH,2.5,1.2,0.0001,true,false,true,false,false,0.45,trace_100,{},ALLOW,1,0.001,loss,45,0.006,-0.001,0,85
2026-07-24T13:45:03.000Z,BTC/USD,RANGING_CONSOLIDATION,1.1,1.2,0.0001,false,false,true,false,false,0.45,trace_101,{},ALLOW,1,0.001,loss,45,0.006,-0.001,0,85
2026-07-24T13:52:04.000Z,BTC/USD,TRENDING_BULLISH,1.1,1.2,0.0001,true,false,true,false,false,0.45,trace_102,{},ALLOW,1,0.001,loss,45,0.006,-0.001,0,85
2026-07-24T13:54:05.000Z,BTC/USD,RANGING_CONSOLIDATION,1.1,1.2,0.0001,false,false,true,false,false,0.45,trace_103,{},ALLOW,1,0.001,win,45,0.006,-0.001,0,85
2026-07-24T13:55:05.000Z,BTC/USD,TRENDING_BULLISH,1.1,1.2,0.0001,true,false,true,false,false,0.45,trace_104,{},ALLOW,1,0.001,loss,45,0.006,-0.001,0,85
2026-07-24T13:56:05.000Z,BTC/USD,RANGING_CONSOLIDATION,2.5,1.2,0.0001,false,false,true,false,false,0.45,trace_105,{},ALLOW,1,0.001,win,45,0.006,-0.001,0,85
2026-07-24T13:57:05.000Z,BTC/USD,TRENDING_BULLISH,1.1,1.2,0.0001,true,false,true,false,false,0.45,trace_106,{},ALLOW,1,0.001,loss,45,0.006,-0.001,0,85
2026-07-24T13:59:06.000Z,BTC/USD,RANGING_CONSOLIDATION,1.1,1.2,0.0001,false,false,true,false,false,0.45,trace_107,{},ALLOW,1,0.001,win,45,0.006,-0.001,0,85
2026-07-24T14:00:06.000Z,BTC/USD,TRENDING_BULLISH,1.1,1.2,0.0001,true,false,true,false,false,0.45,trace_108,{},ALLOW,1,0.001,loss,45,0.006,-0.001,0,85
2026-07-24T14:01:06.000Z,BTC/USD,RANGING_CONSOLIDATION,1.1,1.2,0.0001,false,false,true,false,false,0.45,trace_109,{},ALLOW,1,0.001,win,45,0.006,-0.001,0,85
2026-07-24T14:03:07.000Z,BTC/USD,TRENDING_BULLISH,2.5,1.2,0.0001,true,false,true,false,false,0.45,trace_110,{},ALLOW,1,0.001,loss,45,0.006,-0.001,0,85
2026-07-24T14:07:08.000Z,BTC/USD,RANGING_CONSOLIDATION,1.1,1.2,0.0001,false,false,true,false,false,0.45,trace_111,{},ALLOW,1,0.001,loss,45,0.006,-0.001,0,85
2026-07-24T14:22:11.000Z,BTC/USD,TRENDING_BULLISH,1.1,1.2,0.0001,true,false,true,false,false,0.45,trace_112,{},ALLOW,1,0.001,win,45,0.006,-0.001,0,85
2026-07-24T14:34:14.000Z,BTC/USD,RANGING_CONSOLIDATION,1.1,1.2,0.0001,false,false,true,false,false,0.45,trace_113,{},ALLOW,1,0.001,loss,45,0.006,-0.001,0,85
2026-07-24T14:38:15.000Z,BTC/USD,TRENDING_BULLISH,1.1,1.2,0.0001,true,false,true,false,false,0.45,trace_114,{},ALLOW,1,0.001,win,45,0.006,-0.001,0,85
2026-07-24T14:46:16.000Z,BTC/USD,RANGING_CONSOLIDATION,2.5,1.2,0.0001,false,false,true,false,false,0.45,trace_115,{},ALLOW,1,0.001,loss,45,0.006,-0.001,0,85
2026-07-24T14:47:17.000Z,BTC/USD,TRENDING_BULLISH,1.1,1.2,0.0001,true,false,true,false,false,0.45,trace_116,{},ALLOW,1,0.001,loss,45,0.006,-0.001,0,85
2026-07-24T14:48:17.000Z,BTC/USD,RANGING_CONSOLIDATION,1.1,1.2,0.0001,false,false,true,false,false,0.45,trace_117,{},ALLOW,1,0.001,loss,45,0.006,-0.001,0,85
2026-07-24T14:50:17.000Z,BTC/USD,TRENDING_BULLISH,1.1,1.2,0.0001,true,false,true,false,false,0.45,trace_118,{},ALLOW,1,0.001,loss,45,0.006,-0.001,0,85
2026-07-24T14:54:18.000Z,BTC/USD,RANGING_CONSOLIDATION,1.1,1.2,0.0001,false,false,true,false,false,0.45,trace_119,{},ALLOW,1,0.001,loss,45,0.006,-0.001,0,85
2026-07-24T14:57:19.000Z,BTC/USD,TRENDING_BULLISH,2.5,1.2,0.0001,true,false,true,false,false,0.45,trace_120,{},ALLOW,1,0.001,win,45,0.006,-0.001,0,85
2026-07-24T15:00:20.000Z,BTC/USD,RANGING_CONSOLIDATION,1.1,1.2,0.0001,false,false,true,false,false,0.45,trace_121,{},ALLOW,1,0.001,loss,45,0.006,-0.001,0,85
2026-07-24T15:04:20.000Z,BTC/USD,TRENDING_BULLISH,1.1,1.2,0.0001,true,false,true,false,false,0.45,trace_122,{},ALLOW,1,0.001,loss,45,0.006,-0.001,0,85
2026-07-24T15:05:21.000Z,BTC/USD,RANGING_CONSOLIDATION,1.1,1.2,0.0001,false,false,true,false,false,0.45,trace_123,{},ALLOW,1,0.001,loss,45,0.006,-0.001,0,85
2026-07-24T15:06:21.000Z,BTC/USD,TRENDING_BULLISH,1.1,1.2,0.0001,true,false,true,false,false,0.45,trace_124,{},ALLOW,1,0.001,win,45,0.006,-0.001,0,85
2026-07-24T15:07:21.000Z,BTC/USD,RANGING_CONSOLIDATION,2.5,1.2,0.0001,false,false,true,false,false,0.45,trace_125,{},ALLOW,1,0.001,loss,45,0.006,-0.001,0,85
2026-07-24T15:08:21.000Z,BTC/USD,TRENDING_BULLISH,1.1,1.2,0.0001,true,false,true,false,false,0.45,trace_126,{},ALLOW,1,0.001,loss,45,0.006,-0.001,0,85
2026-07-24T15:10:22.000Z,BTC/USD,RANGING_CONSOLIDATION,1.1,1.2,0.0001,false,false,true,false,false,0.45,trace_127,{},ALLOW,1,0.001,loss,45,0.006,-0.001,0,85
2026-07-24T15:11:22.000Z,BTC/USD,TRENDING_BULLISH,1.1,1.2,0.0001,true,false,true,false,false,0.45,trace_128,{},ALLOW,1,0.001,win,45,0.006,-0.001,0,85
2026-07-24T15:12:22.000Z,BTC/USD,RANGING_CONSOLIDATION,1.1,1.2,0.0001,false,false,true,false,false,0.45,trace_129,{},ALLOW,1,0.001,loss,45,0.006,-0.001,0,85
2026-07-24T15:14:23.000Z,BTC/USD,TRENDING_BULLISH,2.5,1.2,0.0001,true,false,true,false,false,0.45,trace_130,{},ALLOW,1,0.001,loss,45,0.006,-0.001,0,85
2026-07-24T15:16:23.000Z,BTC/USD,RANGING_CONSOLIDATION,1.1,1.2,0.0001,false,false,true,false,false,0.45,trace_131,{},ALLOW,1,0.001,loss,45,0.006,-0.001,0,85
2026-07-24T15:18:24.000Z,BTC/USD,TRENDING_BULLISH,1.1,1.2,0.0001,true,false,true,false,false,0.45,trace_132,{},ALLOW,1,0.001,loss,45,0.006,-0.001,0,85
2026-07-24T15:21:25.000Z,BTC/USD,RANGING_CONSOLIDATION,1.1,1.2,0.0001,false,false,true,false,false,0.45,trace_133,{},ALLOW,1,0.001,loss,45,0.006,-0.001,0,85
2026-07-24T15:22:25.000Z,BTC/USD,TRENDING_BULLISH,1.1,1.2,0.0001,true,false,true,false,false,0.45,trace_134,{},ALLOW,1,0.001,win,45,0.006,-0.001,0,85
2026-07-24T15:26:26.000Z,BTC/USD,RANGING_CONSOLIDATION,2.5,1.2,0.0001,false,false,true,false,false,0.45,trace_135,{},ALLOW,1,0.001,loss,45,0.006,-0.001,0,85
2026-07-24T15:27:26.000Z,BTC/USD,TRENDING_BULLISH,1.1,1.2,0.0001,true,false,true,false,false,0.45,trace_136,{},ALLOW,1,0.001,loss,45,0.006,-0.001,0,85
2026-07-24T15:29:26.000Z,BTC/USD,RANGING_CONSOLIDATION,1.1,1.2,0.0001,false,false,true,false,false,0.45,trace_137,{},ALLOW,1,0.001,loss,45,0.006,-0.001,0,85
2026-07-24T15:31:27.000Z,BTC/USD,TRENDING_BULLISH,1.1,1.2,0.0001,true,false,true,false,false,0.45,trace_138,{},ALLOW,1,0.001,win,45,0.006,-0.001,0,85
2026-07-24T15:33:27.000Z,BTC/USD,RANGING_CONSOLIDATION,1.1,1.2,0.0001,false,false,true,false,false,0.45,trace_139,{},ALLOW,1,0.001,win,45,0.006,-0.001,0,85
2026-07-24T15:37:28.000Z,BTC/USD,TRENDING_BULLISH,2.5,1.2,0.0001,true,false,true,false,false,0.45,trace_140,{},ALLOW,1,0.001,loss,45,0.006,-0.001,0,85
2026-07-24T15:42:30.000Z,BTC/USD,RANGING_CONSOLIDATION,1.1,1.2,0.0001,false,false,true,false,false,0.45,trace_141,{},ALLOW,1,0.001,win,45,0.006,-0.001,0,85
2026-07-24T15:51:32.000Z,BTC/USD,TRENDING_BULLISH,1.1,1.2,0.0001,true,false,true,false,false,0.45,trace_142,{},ALLOW,1,0.001,loss,45,0.006,-0.001,0,85
2026-07-24T15:54:32.000Z,BTC/USD,RANGING_CONSOLIDATION,1.1,1.2,0.0001,false,false,true,false,false,0.45,trace_143,{},ALLOW,1,0.001,loss,45,0.006,-0.001,0,85
2026-07-24T15:55:33.000Z,BTC/USD,TRENDING_BULLISH,1.1,1.2,0.0001,true,false,true,false,false,0.45,trace_144,{},ALLOW,1,0.001,loss,45,0.006,-0.001,0,85
2026-07-24T15:58:33.000Z,BTC/USD,RANGING_CONSOLIDATION,2.5,1.2,0.0001,false,false,true,false,false,0.45,trace_145,{},ALLOW,1,0.001,loss,45,0.006,-0.001,0,85
2026-07-24T16:00:34.000Z,BTC/USD,TRENDING_BULLISH,1.1,1.2,0.0001,true,false,true,false,false,0.45,trace_146,{},ALLOW,1,0.001,loss,45,0.006,-0.001,0,85
2026-07-24T16:04:35.000Z,BTC/USD,RANGING_CONSOLIDATION,1.1,1.2,0.0001,false,false,true,false,false,0.45,trace_147,{},ALLOW,1,0.001,loss,45,0.006,-0.001,0,85
2026-07-24T16:05:35.000Z,BTC/USD,TRENDING_BULLISH,1.1,1.2,0.0001,true,false,true,false,false,0.45,trace_148,{},ALLOW,1,0.001,loss,45,0.006,-0.001,0,85
2026-07-24T16:06:35.000Z,BTC/USD,RANGING_CONSOLIDATION,1.1,1.2,0.0001,false,false,true,false,false,0.45,trace_149,{},ALLOW,1,0.001,loss,45,0.006,-0.001,0,85
2026-07-24T16:08:36.000Z,BTC/USD,TRENDING_BULLISH,2.5,1.2,0.0001,true,false,true,false,false,0.45,trace_150,{},ALLOW,1,0.001,loss,45,0.006,-0.001,0,85
2026-07-24T16:11:37.000Z,BTC/USD,RANGING_CONSOLIDATION,1.1,1.2,0.0001,false,false,true,false,false,0.45,trace_151,{},ALLOW,1,0.001,loss,45,0.006,-0.001,0,85
2026-07-24T16:12:37.000Z,BTC/USD,TRENDING_BULLISH,1.1,1.2,0.0001,true,false,true,false,false,0.45,trace_152,{},ALLOW,1,0.001,win,45,0.006,-0.001,0,85
2026-07-24T16:19:39.000Z,BTC/USD,RANGING_CONSOLIDATION,1.1,1.2,0.0001,false,false,true,false,false,0.45,trace_153,{},ALLOW,1,0.001,loss,45,0.006,-0.001,0,85
2026-07-24T16:21:39.000Z,BTC/USD,TRENDING_BULLISH,1.1,1.2,0.0001,true,false,true,false,false,0.45,trace_154,{},ALLOW,1,0.001,win,45,0.006,-0.001,0,85
2026-07-24T16:27:41.000Z,BTC/USD,RANGING_CONSOLIDATION,2.5,1.2,0.0001,false,false,true,false,false,0.45,trace_155,{},ALLOW,1,0.001,loss,45,0.006,-0.001,0,85
2026-07-24T16:28:41.000Z,BTC/USD,TRENDING_BULLISH,1.1,1.2,0.0001,true,false,true,false,false,0.45,trace_156,{},ALLOW,1,0.001,loss,45,0.006,-0.001,0,85
2026-07-24T16:32:42.000Z,BTC/USD,RANGING_CONSOLIDATION,1.1,1.2,0.0001,false,false,true,false,false,0.45,trace_157,{},ALLOW,1,0.001,loss,45,0.006,-0.001,0,85
2026-07-24T16:41:44.000Z,BTC/USD,TRENDING_BULLISH,1.1,1.2,0.0001,true,false,true,false,false,0.45,trace_158,{},ALLOW,1,0.001,win,45,0.006,-0.001,0,85
2026-07-24T16:43:45.000Z,BTC/USD,RANGING_CONSOLIDATION,1.1,1.2,0.0001,false,false,true,false,false,0.45,trace_159,{},ALLOW,1,0.001,loss,45,0.006,-0.001,0,85
2026-07-24T16:47:46.000Z,BTC/USD,TRENDING_BULLISH,2.5,1.2,0.0001,true,false,true,false,false,0.45,trace_160,{},ALLOW,1,0.001,loss,45,0.006,-0.001,0,85
2026-07-24T16:51:47.000Z,BTC/USD,RANGING_CONSOLIDATION,1.1,1.2,0.0001,false,false,true,false,false,0.45,trace_161,{},ALLOW,1,0.001,loss,45,0.006,-0.001,0,85
2026-07-24T16:53:47.000Z,BTC/USD,TRENDING_BULLISH,1.1,1.2,0.0001,true,false,true,false,false,0.45,trace_162,{},ALLOW,1,0.001,win,45,0.006,-0.001,0,85
2026-07-24T16:57:48.000Z,BTC/USD,RANGING_CONSOLIDATION,1.1,1.2,0.0001,false,false,true,false,false,0.45,trace_163,{},ALLOW,1,0.001,loss,45,0.006,-0.001,0,85
2026-07-24T16:59:49.000Z,BTC/USD,TRENDING_BULLISH,1.1,1.2,0.0001,true,false,true,false,false,0.45,trace_164,{},ALLOW,1,0.001,win,45,0.006,-0.001,0,85
2026-07-24T17:00:49.000Z,BTC/USD,RANGING_CONSOLIDATION,2.5,1.2,0.0001,false,false,true,false,false,0.45,trace_165,{},ALLOW,1,0.001,loss,45,0.006,-0.001,0,85
2026-07-24T17:01:49.000Z,BTC/USD,TRENDING_BULLISH,1.1,1.2,0.0001,true,false,true,false,false,0.45,trace_166,{},ALLOW,1,0.001,loss,45,0.006,-0.001,0,85
2026-07-24T17:02:50.000Z,BTC/USD,RANGING_CONSOLIDATION,1.1,1.2,0.0001,false,false,true,false,false,0.45,trace_167,{},ALLOW,1,0.001,loss,45,0.006,-0.001,0,85
2026-07-24T17:05:50.000Z,BTC/USD,TRENDING_BULLISH,1.1,1.2,0.0001,true,false,true,false,false,0.45,trace_168,{},ALLOW,1,0.001,win,45,0.006,-0.001,0,85
2026-07-24T17:06:51.000Z,BTC/USD,RANGING_CONSOLIDATION,1.1,1.2,0.0001,false,false,true,false,false,0.45,trace_169,{},ALLOW,1,0.001,win,45,0.006,-0.001,0,85
2026-07-24T17:10:52.000Z,BTC/USD,TRENDING_BULLISH,2.5,1.2,0.0001,true,false,true,false,false,0.45,trace_170,{},ALLOW,1,0.001,win,45,0.006,-0.001,0,85
2026-07-24T17:13:52.000Z,BTC/USD,RANGING_CONSOLIDATION,1.1,1.2,0.0001,false,false,true,false,false,0.45,trace_171,{},ALLOW,1,0.001,loss,45,0.006,-0.001,0,85
2026-07-24T17:15:53.000Z,BTC/USD,TRENDING_BULLISH,1.1,1.2,0.0001,true,false,true,false,false,0.45,trace_172,{},ALLOW,1,0.001,loss,45,0.006,-0.001,0,85
2026-07-24T17:16:53.000Z,BTC/USD,RANGING_CONSOLIDATION,1.1,1.2,0.0001,false,false,true,false,false,0.45,trace_173,{},ALLOW,1,0.001,loss,45,0.006,-0.001,0,85
2026-07-24T17:17:54.000Z,BTC/USD,TRENDING_BULLISH,1.1,1.2,0.0001,true,false,true,false,false,0.45,trace_174,{},ALLOW,1,0.001,loss,45,0.006,-0.001,0,85
2026-07-24T17:18:54.000Z,BTC/USD,RANGING_CONSOLIDATION,2.5,1.2,0.0001,false,false,true,false,false,0.45,trace_175,{},ALLOW,1,0.001,loss,45,0.006,-0.001,0,85
2026-07-24T17:20:54.000Z,BTC/USD,TRENDING_BULLISH,1.1,1.2,0.0001,true,false,true,false,false,0.45,trace_176,{},ALLOW,1,0.001,win,45,0.006,-0.001,0,85
2026-07-24T17:21:55.000Z,BTC/USD,RANGING_CONSOLIDATION,1.1,1.2,0.0001,false,false,true,false,false,0.45,trace_177,{},ALLOW,1,0.001,win,45,0.006,-0.001,0,85
2026-07-24T17:23:55.000Z,BTC/USD,TRENDING_BULLISH,1.1,1.2,0.0001,true,false,true,false,false,0.45,trace_178,{},ALLOW,1,0.001,win,45,0.006,-0.001,0,85
2026-07-24T17:24:55.000Z,BTC/USD,RANGING_CONSOLIDATION,1.1,1.2,0.0001,false,false,true,false,false,0.45,trace_179,{},ALLOW,1,0.001,loss,45,0.006,-0.001,0,85
2026-07-24T17:25:55.000Z,BTC/USD,TRENDING_BULLISH,2.5,1.2,0.0001,true,false,true,false,false,0.45,trace_180,{},ALLOW,1,0.001,win,45,0.006,-0.001,0,85
2026-07-24T17:26:56.000Z,BTC/USD,RANGING_CONSOLIDATION,1.1,1.2,0.0001,false,false,true,false,false,0.45,trace_181,{},ALLOW,1,0.001,win,45,0.006,-0.001,0,85
2026-07-24T17:28:56.000Z,BTC/USD,TRENDING_BULLISH,1.1,1.2,0.0001,true,false,true,false,false,0.45,trace_182,{},ALLOW,1,0.001,loss,45,0.006,-0.001,0,85
2026-07-24T17:29:56.000Z,BTC/USD,RANGING_CONSOLIDATION,1.1,1.2,0.0001,false,false,true,false,false,0.45,trace_183,{},ALLOW,1,0.001,loss,45,0.006,-0.001,0,85
2026-07-24T17:33:57.000Z,BTC/USD,TRENDING_BULLISH,1.1,1.2,0.0001,true,false,true,false,false,0.45,trace_184,{},ALLOW,1,0.001,loss,45,0.006,-0.001,0,85
2026-07-24T17:35:58.000Z,BTC/USD,RANGING_CONSOLIDATION,2.5,1.2,0.0001,false,false,true,false,false,0.45,trace_185,{},ALLOW,1,0.001,win,45,0.006,-0.001,0,85
2026-07-24T17:37:58.000Z,BTC/USD,TRENDING_BULLISH,1.1,1.2,0.0001,true,false,true,false,false,0.45,trace_186,{},ALLOW,1,0.001,loss,45,0.006,-0.001,0,85
2026-07-24T17:38:58.000Z,BTC/USD,RANGING_CONSOLIDATION,1.1,1.2,0.0001,false,false,true,false,false,0.45,trace_187,{},ALLOW,1,0.001,loss,45,0.006,-0.001,0,85
2026-07-24T17:39:59.000Z,BTC/USD,TRENDING_BULLISH,1.1,1.2,0.0001,true,false,true,false,false,0.45,trace_188,{},ALLOW,1,0.001,loss,45,0.006,-0.001,0,85
2026-07-24T17:53:01.000Z,BTC/USD,RANGING_CONSOLIDATION,1.1,1.2,0.0001,false,false,true,false,false,0.45,trace_189,{},ALLOW,1,0.001,loss,45,0.006,-0.001,0,85
2026-07-24T18:04:04.000Z,BTC/USD,TRENDING_BULLISH,2.5,1.2,0.0001,true,false,true,false,false,0.45,trace_190,{},ALLOW,1,0.001,loss,45,0.006,-0.001,0,85
2026-07-24T18:06:04.000Z,BTC/USD,RANGING_CONSOLIDATION,1.1,1.2,0.0001,false,false,true,false,false,0.45,trace_191,{},ALLOW,1,0.001,loss,45,0.006,-0.001,0,85
2026-07-24T18:07:04.000Z,BTC/USD,TRENDING_BULLISH,1.1,1.2,0.0001,true,false,true,false,false,0.45,trace_192,{},ALLOW,1,0.001,loss,45,0.006,-0.001,0,85
2026-07-24T18:08:04.000Z,BTC/USD,RANGING_CONSOLIDATION,1.1,1.2,0.0001,false,false,true,false,false,0.45,trace_193,{},ALLOW,1,0.001,win,45,0.006,-0.001,0,85
2026-07-24T18:09:05.000Z,BTC/USD,TRENDING_BULLISH,1.1,1.2,0.0001,true,false,true,false,false,0.45,trace_194,{},ALLOW,1,0.001,win,45,0.006,-0.001,0,85
2026-07-24T18:15:06.000Z,BTC/USD,RANGING_CONSOLIDATION,2.5,1.2,0.0001,false,false,true,false,false,0.45,trace_195,{},ALLOW,1,0.001,win,45,0.006,-0.001,0,85
2026-07-24T18:17:06.000Z,BTC/USD,TRENDING_BULLISH,1.1,1.2,0.0001,true,false,true,false,false,0.45,trace_196,{},ALLOW,1,0.001,loss,45,0.006,-0.001,0,85
2026-07-24T18:23:08.000Z,BTC/USD,RANGING_CONSOLIDATION,1.1,1.2,0.0001,false,false,true,false,false,0.45,trace_197,{},ALLOW,1,0.001,loss,45,0.006,-0.001,0,85
2026-07-24T18:24:08.000Z,BTC/USD,TRENDING_BULLISH,1.1,1.2,0.0001,true,false,true,false,false,0.45,trace_198,{},ALLOW,1,0.001,win,45,0.006,-0.001,0,85
2026-07-24T18:25:08.000Z,BTC/USD,RANGING_CONSOLIDATION,1.1,1.2,0.0001,false,false,true,false,false,0.45,trace_199,{},ALLOW,1,0.001,loss,45,0.006,-0.001,0,85
2026-07-24T18:26:09.000Z,BTC/USD,TRENDING_BULLISH,2.5,1.2,0.0001,true,false,true,false,false,0.45,trace_200,{},ALLOW,1,0.001,win,45,0.006,-0.001,0,85
2026-07-24T18:27:09.000Z,BTC/USD,RANGING_CONSOLIDATION,1.1,1.2,0.0001,false,false,true,false,false,0.45,trace_201,{},ALLOW,1,0.001,win,45,0.006,-0.001,0,85
2026-07-24T18:31:10.000Z,BTC/USD,TRENDING_BULLISH,1.1,1.2,0.0001,true,false,true,false,false,0.45,trace_202,{},ALLOW,1,0.001,win,45,0.006,-0.001,0,85
2026-07-24T18:32:10.000Z,BTC/USD,RANGING_CONSOLIDATION,1.1,1.2,0.0001,false,false,true,false,false,0.45,trace_203,{},ALLOW,1,0.001,loss,45,0.006,-0.001,0,85
2026-07-24T18:35:11.000Z,BTC/USD,TRENDING_BULLISH,1.1,1.2,0.0001,true,false,true,false,false,0.45,trace_204,{},ALLOW,1,0.001,loss,45,0.006,-0.001,0,85
2026-07-24T18:37:11.000Z,BTC/USD,RANGING_CONSOLIDATION,2.5,1.2,0.0001,false,false,true,false,false,0.45,trace_205,{},ALLOW,1,0.001,win,45,0.006,-0.001,0,85
2026-07-24T18:42:12.000Z,BTC/USD,TRENDING_BULLISH,1.1,1.2,0.0001,true,false,true,false,false,0.45,trace_206,{},ALLOW,1,0.001,win,45,0.006,-0.001,0,85
2026-07-24T18:47:13.000Z,BTC/USD,RANGING_CONSOLIDATION,1.1,1.2,0.0001,false,false,true,false,false,0.45,trace_207,{},ALLOW,1,0.001,loss,45,0.006,-0.001,0,85
2026-07-24T18:51:14.000Z,BTC/USD,TRENDING_BULLISH,1.1,1.2,0.0001,true,false,true,false,false,0.45,trace_208,{},ALLOW,1,0.001,loss,45,0.006,-0.001,0,85
2026-07-24T18:53:15.000Z,BTC/USD,RANGING_CONSOLIDATION,1.1,1.2,0.0001,false,false,true,false,false,0.45,trace_209,{},ALLOW,1,0.001,loss,45,0.006,-0.001,0,85
2026-07-24T18:54:15.000Z,BTC/USD,TRENDING_BULLISH,2.5,1.2,0.0001,true,false,true,false,false,0.45,trace_210,{},ALLOW,1,0.001,win,45,0.006,-0.001,0,85
2026-07-24T18:55:15.000Z,BTC/USD,RANGING_CONSOLIDATION,1.1,1.2,0.0001,false,false,true,false,false,0.45,trace_211,{},ALLOW,1,0.001,loss,45,0.006,-0.001,0,85
2026-07-24T18:59:16.000Z,BTC/USD,TRENDING_BULLISH,1.1,1.2,0.0001,true,false,true,false,false,0.45,trace_212,{},ALLOW,1,0.001,loss,45,0.006,-0.001,0,85
2026-07-24T19:07:18.000Z,BTC/USD,RANGING_CONSOLIDATION,1.1,1.2,0.0001,false,false,true,false,false,0.45,trace_213,{},ALLOW,1,0.001,loss,45,0.006,-0.001,0,85
2026-07-24T19:08:18.000Z,BTC/USD,TRENDING_BULLISH,1.1,1.2,0.0001,true,false,true,false,false,0.45,trace_214,{},ALLOW,1,0.001,loss,45,0.006,-0.001,0,85
2026-07-24T19:09:18.000Z,BTC/USD,RANGING_CONSOLIDATION,2.5,1.2,0.0001,false,false,true,false,false,0.45,trace_215,{},ALLOW,1,0.001,win,45,0.006,-0.001,0,85
2026-07-24T19:12:19.000Z,BTC/USD,TRENDING_BULLISH,1.1,1.2,0.0001,true,false,true,false,false,0.45,trace_216,{},ALLOW,1,0.001,win,45,0.006,-0.001,0,85
2026-07-24T19:14:19.000Z,BTC/USD,RANGING_CONSOLIDATION,1.1,1.2,0.0001,false,false,true,false,false,0.45,trace_217,{},ALLOW,1,0.001,loss,45,0.006,-0.001,0,85
2026-07-24T19:27:22.000Z,BTC/USD,TRENDING_BULLISH,1.1,1.2,0.0001,true,false,true,false,false,0.45,trace_218,{},ALLOW,1,0.001,loss,45,0.006,-0.001,0,85
2026-07-24T19:38:25.000Z,BTC/USD,RANGING_CONSOLIDATION,1.1,1.2,0.0001,false,false,true,false,false,0.45,trace_219,{},ALLOW,1,0.001,loss,45,0.006,-0.001,0,85
2026-07-24T19:40:25.000Z,BTC/USD,TRENDING_BULLISH,2.5,1.2,0.0001,true,false,true,false,false,0.45,trace_220,{},ALLOW,1,0.001,loss,45,0.006,-0.001,0,85
2026-07-24T19:43:26.000Z,BTC/USD,RANGING_CONSOLIDATION,1.1,1.2,0.0001,false,false,true,false,false,0.45,trace_221,{},ALLOW,1,0.001,win,45,0.006,-0.001,0,85
2026-07-24T19:50:28.000Z,BTC/USD,TRENDING_BULLISH,1.1,1.2,0.0001,true,false,true,false,false,0.45,trace_222,{},ALLOW,1,0.001,loss,45,0.006,-0.001,0,85
2026-07-24T19:54:29.000Z,BTC/USD,RANGING_CONSOLIDATION,1.1,1.2,0.0001,false,false,true,false,false,0.45,trace_223,{},ALLOW,1,0.001,win,45,0.006,-0.001,0,85
2026-07-24T19:57:30.000Z,BTC/USD,TRENDING_BULLISH,1.1,1.2,0.0001,true,false,true,false,false,0.45,trace_224,{},ALLOW,1,0.001,loss,45,0.006,-0.001,0,85
2026-07-24T19:58:30.000Z,BTC/USD,RANGING_CONSOLIDATION,2.5,1.2,0.0001,false,false,true,false,false,0.45,trace_225,{},ALLOW,1,0.001,loss,45,0.006,-0.001,0,85
2026-07-24T20:01:31.000Z,BTC/USD,TRENDING_BULLISH,1.1,1.2,0.0001,true,false,true,false,false,0.45,trace_226,{},ALLOW,1,0.001,loss,45,0.006,-0.001,0,85
2026-07-24T20:04:31.000Z,BTC/USD,RANGING_CONSOLIDATION,1.1,1.2,0.0001,false,false,true,false,false,0.45,trace_227,{},ALLOW,1,0.001,loss,45,0.006,-0.001,0,85
2026-07-24T20:05:32.000Z,BTC/USD,TRENDING_BULLISH,1.1,1.2,0.0001,true,false,true,false,false,0.45,trace_228,{},ALLOW,1,0.001,loss,45,0.006,-0.001,0,85
2026-07-24T20:06:32.000Z,BTC/USD,RANGING_CONSOLIDATION,1.1,1.2,0.0001,false,false,true,false,false,0.45,trace_229,{},ALLOW,1,0.001,win,45,0.006,-0.001,0,85
2026-07-24T20:09:33.000Z,BTC/USD,TRENDING_BULLISH,2.5,1.2,0.0001,true,false,true,false,false,0.45,trace_230,{},ALLOW,1,0.001,loss,45,0.006,-0.001,0,85
2026-07-24T20:12:33.000Z,BTC/USD,RANGING_CONSOLIDATION,1.1,1.2,0.0001,false,false,true,false,false,0.45,trace_231,{},ALLOW,1,0.001,loss,45,0.006,-0.001,0,85
2026-07-24T20:15:34.000Z,BTC/USD,TRENDING_BULLISH,1.1,1.2,0.0001,true,false,true,false,false,0.45,trace_232,{},ALLOW,1,0.001,loss,45,0.006,-0.001,0,85
2026-07-24T20:17:35.000Z,BTC/USD,RANGING_CONSOLIDATION,1.1,1.2,0.0001,false,false,true,false,false,0.45,trace_233,{},ALLOW,1,0.001,loss,45,0.006,-0.001,0,85
2026-07-24T20:18:35.000Z,BTC/USD,TRENDING_BULLISH,1.1,1.2,0.0001,true,false,true,false,false,0.45,trace_234,{},ALLOW,1,0.001,loss,45,0.006,-0.001,0,85
2026-07-24T20:19:35.000Z,BTC/USD,RANGING_CONSOLIDATION,2.5,1.2,0.0001,false,false,true,false,false,0.45,trace_235,{},ALLOW,1,0.001,loss,45,0.006,-0.001,0,85
2026-07-24T20:20:35.000Z,BTC/USD,TRENDING_BULLISH,1.1,1.2,0.0001,true,false,true,false,false,0.45,trace_236,{},ALLOW,1,0.001,win,45,0.006,-0.001,0,85
2026-07-24T20:22:36.000Z,BTC/USD,RANGING_CONSOLIDATION,1.1,1.2,0.0001,false,false,true,false,false,0.45,trace_237,{},ALLOW,1,0.001,loss,45,0.006,-0.001,0,85
2026-07-24T20:25:37.000Z,BTC/USD,TRENDING_BULLISH,1.1,1.2,0.0001,true,false,true,false,false,0.45,trace_238,{},ALLOW,1,0.001,loss,45,0.006,-0.001,0,85
2026-07-24T20:26:37.000Z,BTC/USD,RANGING_CONSOLIDATION,1.1,1.2,0.0001,false,false,true,false,false,0.45,trace_239,{},ALLOW,1,0.001,loss,45,0.006,-0.001,0,85
2026-07-24T20:27:37.000Z,BTC/USD,TRENDING_BULLISH,2.5,1.2,0.0001,true,false,true,false,false,0.45,trace_240,{},ALLOW,1,0.001,loss,45,0.006,-0.001,0,85
2026-07-24T20:28:37.000Z,BTC/USD,RANGING_CONSOLIDATION,1.1,1.2,0.0001,false,false,true,false,false,0.45,trace_241,{},ALLOW,1,0.001,loss,45,0.006,-0.001,0,85
2026-07-24T20:29:38.000Z,BTC/USD,TRENDING_BULLISH,1.1,1.2,0.0001,true,false,true,false,false,0.45,trace_242,{},ALLOW,1,0.001,loss,45,0.006,-0.001,0,85
2026-07-24T20:30:38.000Z,BTC/USD,RANGING_CONSOLIDATION,1.1,1.2,0.0001,false,false,true,false,false,0.45,trace_243,{},ALLOW,1,0.001,loss,45,0.006,-0.001,0,85
2026-07-24T20:31:38.000Z,BTC/USD,TRENDING_BULLISH,1.1,1.2,0.0001,true,false,true,false,false,0.45,trace_244,{},ALLOW,1,0.001,win,45,0.006,-0.001,0,85
2026-07-24T20:33:39.000Z,BTC/USD,RANGING_CONSOLIDATION,2.5,1.2,0.0001,false,false,true,false,false,0.45,trace_245,{},ALLOW,1,0.001,win,45,0.006,-0.001,0,85
2026-07-24T20:35:39.000Z,BTC/USD,TRENDING_BULLISH,1.1,1.2,0.0001,true,false,true,false,false,0.45,trace_246,{},ALLOW,1,0.001,loss,45,0.006,-0.001,0,85
2026-07-24T20:36:40.000Z,BTC/USD,RANGING_CONSOLIDATION,1.1,1.2,0.0001,false,false,true,false,false,0.45,trace_247,{},ALLOW,1,0.001,win,45,0.006,-0.001,0,85
2026-07-24T20:38:40.000Z,BTC/USD,TRENDING_BULLISH,1.1,1.2,0.0001,true,false,true,false,false,0.45,trace_248,{},ALLOW,1,0.001,win,45,0.006,-0.001,0,85
2026-07-24T20:41:41.000Z,BTC/USD,RANGING_CONSOLIDATION,1.1,1.2,0.0001,false,false,true,false,false,0.45,trace_249,{},ALLOW,1,0.001,loss,45,0.006,-0.001,0,85
2026-07-24T20:42:41.000Z,BTC/USD,TRENDING_BULLISH,2.5,1.2,0.0001,true,false,true,false,false,0.45,trace_250,{},ALLOW,1,0.001,win,45,0.006,-0.001,0,85
2026-07-24T20:43:41.000Z,BTC/USD,RANGING_CONSOLIDATION,1.1,1.2,0.0001,false,false,true,false,false,0.45,trace_251,{},ALLOW,1,0.001,loss,45,0.006,-0.001,0,85
2026-07-24T20:44:42.000Z,BTC/USD,TRENDING_BULLISH,1.1,1.2,0.0001,true,false,true,false,false,0.45,trace_252,{},ALLOW,1,0.001,win,45,0.006,-0.001,0,85
2026-07-24T20:48:43.000Z,BTC/USD,RANGING_CONSOLIDATION,1.1,1.2,0.0001,false,false,true,false,false,0.45,trace_253,{},ALLOW,1,0.001,loss,45,0.006,-0.001,0,85
2026-07-24T20:49:43.000Z,BTC/USD,TRENDING_BULLISH,1.1,1.2,0.0001,true,false,true,false,false,0.45,trace_254,{},ALLOW,1,0.001,loss,45,0.006,-0.001,0,85
2026-07-24T21:00:45.000Z,BTC/USD,RANGING_CONSOLIDATION,2.5,1.2,0.0001,false,false,true,false,false,0.45,trace_255,{},ALLOW,1,0.001,loss,45,0.006,-0.001,0,85
2026-07-24T21:01:46.000Z,BTC/USD,TRENDING_BULLISH,1.1,1.2,0.0001,true,false,true,false,false,0.45,trace_256,{},ALLOW,1,0.001,loss,45,0.006,-0.001,0,85
2026-07-24T21:04:46.000Z,BTC/USD,RANGING_CONSOLIDATION,1.1,1.2,0.0001,false,false,true,false,false,0.45,trace_257,{},ALLOW,1,0.001,loss,45,0.006,-0.001,0,85
2026-07-24T21:06:47.000Z,BTC/USD,TRENDING_BULLISH,1.1,1.2,0.0001,true,false,true,false,false,0.45,trace_258,{},ALLOW,1,0.001,loss,45,0.006,-0.001,0,85
2026-07-24T21:14:49.000Z,BTC/USD,RANGING_CONSOLIDATION,1.1,1.2,0.0001,false,false,true,false,false,0.45,trace_259,{},ALLOW,1,0.001,loss,45,0.006,-0.001,0,85
2026-07-24T21:20:50.000Z,BTC/USD,TRENDING_BULLISH,2.5,1.2,0.0001,true,false,true,false,false,0.45,trace_260,{},ALLOW,1,0.001,win,45,0.006,-0.001,0,85
2026-07-24T21:23:51.000Z,BTC/USD,RANGING_CONSOLIDATION,1.1,1.2,0.0001,false,false,true,false,false,0.45,trace_261,{},ALLOW,1,0.001,loss,45,0.006,-0.001,0,85
2026-07-24T09:17:05.000Z,ETH/USD,TRENDING_BULLISH,1.1,1.2,0.0001,true,false,true,false,false,0.45,trace_262,{},ALLOW,1,0.001,win,45,0.006,-0.001,0,85
2026-07-24T09:19:06.000Z,ETH/USD,RANGING_CONSOLIDATION,1.1,1.2,0.0001,false,false,true,false,false,0.45,trace_263,{},ALLOW,1,0.001,win,45,0.006,-0.001,0,85
2026-07-24T09:21:06.000Z,ETH/USD,TRENDING_BULLISH,1.1,1.2,0.0001,true,false,true,false,false,0.45,trace_264,{},ALLOW,1,0.001,win,45,0.006,-0.001,0,85
2026-07-24T09:29:08.000Z,ETH/USD,RANGING_CONSOLIDATION,2.5,1.2,0.0001,false,false,true,false,false,0.45,trace_265,{},ALLOW,1,0.001,win,45,0.006,-0.001,0,85
2026-07-24T09:31:08.000Z,ETH/USD,TRENDING_BULLISH,1.1,1.2,0.0001,true,false,true,false,false,0.45,trace_266,{},ALLOW,1,0.001,win,45,0.006,-0.001,0,85
2026-07-24T09:36:10.000Z,ETH/USD,RANGING_CONSOLIDATION,1.1,1.2,0.0001,false,false,true,false,false,0.45,trace_267,{},ALLOW,1,0.001,loss,45,0.006,-0.001,0,85
2026-07-24T09:51:13.000Z,ETH/USD,TRENDING_BULLISH,1.1,1.2,0.0001,true,false,true,false,false,0.45,trace_268,{},ALLOW,1,0.001,win,45,0.006,-0.001,0,85
2026-07-24T09:52:13.000Z,ETH/USD,RANGING_CONSOLIDATION,1.1,1.2,0.0001,false,false,true,false,false,0.45,trace_269,{},ALLOW,1,0.001,win,45,0.006,-0.001,0,85
2026-07-24T09:53:13.000Z,ETH/USD,TRENDING_BULLISH,2.5,1.2,0.0001,true,false,true,false,false,0.45,trace_270,{},ALLOW,1,0.001,loss,45,0.006,-0.001,0,85
2026-07-24T09:54:13.000Z,ETH/USD,RANGING_CONSOLIDATION,1.1,1.2,0.0001,false,false,true,false,false,0.45,trace_271,{},ALLOW,1,0.001,win,45,0.006,-0.001,0,85
2026-07-24T09:57:14.000Z,ETH/USD,TRENDING_BULLISH,1.1,1.2,0.0001,true,false,true,false,false,0.45,trace_272,{},ALLOW,1,0.001,loss,45,0.006,-0.001,0,85
2026-07-24T09:58:14.000Z,ETH/USD,RANGING_CONSOLIDATION,1.1,1.2,0.0001,false,false,true,false,false,0.45,trace_273,{},ALLOW,1,0.001,win,45,0.006,-0.001,0,85
2026-07-24T10:00:15.000Z,ETH/USD,TRENDING_BULLISH,1.1,1.2,0.0001,true,false,true,false,false,0.45,trace_274,{},ALLOW,1,0.001,loss,45,0.006,-0.001,0,85
2026-07-24T10:01:15.000Z,ETH/USD,RANGING_CONSOLIDATION,2.5,1.2,0.0001,false,false,true,false,false,0.45,trace_275,{},ALLOW,1,0.001,loss,45,0.006,-0.001,0,85
2026-07-24T10:05:16.000Z,ETH/USD,TRENDING_BULLISH,1.1,1.2,0.0001,true,false,true,false,false,0.45,trace_276,{},ALLOW,1,0.001,loss,45,0.006,-0.001,0,85
2026-07-24T10:09:17.000Z,ETH/USD,RANGING_CONSOLIDATION,1.1,1.2,0.0001,false,false,true,false,false,0.45,trace_277,{},ALLOW,1,0.001,win,45,0.006,-0.001,0,85
2026-07-24T10:11:17.000Z,ETH/USD,TRENDING_BULLISH,1.1,1.2,0.0001,true,false,true,false,false,0.45,trace_278,{},ALLOW,1,0.001,loss,45,0.006,-0.001,0,85
2026-07-24T10:12:17.000Z,ETH/USD,RANGING_CONSOLIDATION,1.1,1.2,0.0001,false,false,true,false,false,0.45,trace_279,{},ALLOW,1,0.001,win,45,0.006,-0.001,0,85
2026-07-24T10:17:18.000Z,ETH/USD,TRENDING_BULLISH,2.5,1.2,0.0001,true,false,true,false,false,0.45,trace_280,{},ALLOW,1,0.001,loss,45,0.006,-0.001,0,85
2026-07-24T10:19:19.000Z,ETH/USD,RANGING_CONSOLIDATION,1.1,1.2,0.0001,false,false,true,false,false,0.45,trace_281,{},ALLOW,1,0.001,loss,45,0.006,-0.001,0,85
2026-07-24T10:30:21.000Z,ETH/USD,TRENDING_BULLISH,1.1,1.2,0.0001,true,false,true,false,false,0.45,trace_282,{},ALLOW,1,0.001,win,45,0.006,-0.001,0,85
2026-07-24T10:33:22.000Z,ETH/USD,RANGING_CONSOLIDATION,1.1,1.2,0.0001,false,false,true,false,false,0.45,trace_283,{},ALLOW,1,0.001,win,45,0.006,-0.001,0,85
2026-07-24T10:36:22.000Z,ETH/USD,TRENDING_BULLISH,1.1,1.2,0.0001,true,false,true,false,false,0.45,trace_284,{},ALLOW,1,0.001,loss,45,0.006,-0.001,0,85
2026-07-24T10:40:23.000Z,ETH/USD,RANGING_CONSOLIDATION,2.5,1.2,0.0001,false,false,true,false,false,0.45,trace_285,{},ALLOW,1,0.001,loss,45,0.006,-0.001,0,85
2026-07-24T10:45:24.000Z,ETH/USD,TRENDING_BULLISH,1.1,1.2,0.0001,true,false,true,false,false,0.45,trace_286,{},ALLOW,1,0.001,loss,45,0.006,-0.001,0,85
2026-07-24T10:47:25.000Z,ETH/USD,RANGING_CONSOLIDATION,1.1,1.2,0.0001,false,false,true,false,false,0.45,trace_287,{},ALLOW,1,0.001,loss,45,0.006,-0.001,0,85
2026-07-24T10:52:26.000Z,ETH/USD,TRENDING_BULLISH,1.1,1.2,0.0001,true,false,true,false,false,0.45,trace_288,{},ALLOW,1,0.001,loss,45,0.006,-0.001,0,85
2026-07-24T10:57:27.000Z,ETH/USD,RANGING_CONSOLIDATION,1.1,1.2,0.0001,false,false,true,false,false,0.45,trace_289,{},ALLOW,1,0.001,loss,45,0.006,-0.001,0,85
2026-07-24T11:03:28.000Z,ETH/USD,TRENDING_BULLISH,2.5,1.2,0.0001,true,false,true,false,false,0.45,trace_290,{},ALLOW,1,0.001,loss,45,0.006,-0.001,0,85
2026-07-24T11:06:29.000Z,ETH/USD,RANGING_CONSOLIDATION,1.1,1.2,0.0001,false,false,true,false,false,0.45,trace_291,{},ALLOW,1,0.001,loss,45,0.006,-0.001,0,85
2026-07-24T11:08:29.000Z,ETH/USD,TRENDING_BULLISH,1.1,1.2,0.0001,true,false,true,false,false,0.45,trace_292,{},ALLOW,1,0.001,loss,45,0.006,-0.001,0,85
2026-07-24T11:19:31.000Z,ETH/USD,RANGING_CONSOLIDATION,1.1,1.2,0.0001,false,false,true,false,false,0.45,trace_293,{},ALLOW,1,0.001,win,45,0.006,-0.001,0,85
2026-07-24T11:21:32.000Z,ETH/USD,TRENDING_BULLISH,1.1,1.2,0.0001,true,false,true,false,false,0.45,trace_294,{},ALLOW,1,0.001,loss,45,0.006,-0.001,0,85
2026-07-24T11:25:33.000Z,ETH/USD,RANGING_CONSOLIDATION,2.5,1.2,0.0001,false,false,true,false,false,0.45,trace_295,{},ALLOW,1,0.001,loss,45,0.006,-0.001,0,85
2026-07-24T11:32:34.000Z,ETH/USD,TRENDING_BULLISH,1.1,1.2,0.0001,true,false,true,false,false,0.45,trace_296,{},ALLOW,1,0.001,loss,45,0.006,-0.001,0,85
2026-07-24T11:33:34.000Z,ETH/USD,RANGING_CONSOLIDATION,1.1,1.2,0.0001,false,false,true,false,false,0.45,trace_297,{},ALLOW,1,0.001,loss,45,0.006,-0.001,0,85
2026-07-24T11:34:35.000Z,ETH/USD,TRENDING_BULLISH,1.1,1.2,0.0001,true,false,true,false,false,0.45,trace_298,{},ALLOW,1,0.001,win,45,0.006,-0.001,0,85
2026-07-24T11:36:35.000Z,ETH/USD,RANGING_CONSOLIDATION,1.1,1.2,0.0001,false,false,true,false,false,0.45,trace_299,{},ALLOW,1,0.001,loss,45,0.006,-0.001,0,85
2026-07-24T11:38:35.000Z,ETH/USD,TRENDING_BULLISH,2.5,1.2,0.0001,true,false,true,false,false,0.45,trace_300,{},ALLOW,1,0.001,loss,45,0.006,-0.001,0,85
2026-07-24T11:41:36.000Z,ETH/USD,RANGING_CONSOLIDATION,1.1,1.2,0.0001,false,false,true,false,false,0.45,trace_301,{},ALLOW,1,0.001,loss,45,0.006,-0.001,0,85
2026-07-24T11:56:39.000Z,ETH/USD,TRENDING_BULLISH,1.1,1.2,0.0001,true,false,true,false,false,0.45,trace_302,{},ALLOW,1,0.001,loss,45,0.006,-0.001,0,85
2026-07-24T11:58:40.000Z,ETH/USD,RANGING_CONSOLIDATION,1.1,1.2,0.0001,false,false,true,false,false,0.45,trace_303,{},ALLOW,1,0.001,win,45,0.006,-0.001,0,85
2026-07-24T11:59:40.000Z,ETH/USD,TRENDING_BULLISH,1.1,1.2,0.0001,true,false,true,false,false,0.45,trace_304,{},ALLOW,1,0.001,loss,45,0.006,-0.001,0,85
2026-07-24T12:00:40.000Z,ETH/USD,RANGING_CONSOLIDATION,2.5,1.2,0.0001,false,false,true,false,false,0.45,trace_305,{},ALLOW,1,0.001,loss,45,0.006,-0.001,0,85
2026-07-24T12:05:41.000Z,ETH/USD,TRENDING_BULLISH,1.1,1.2,0.0001,true,false,true,false,false,0.45,trace_306,{},ALLOW,1,0.001,loss,45,0.006,-0.001,0,85
2026-07-24T12:06:42.000Z,ETH/USD,RANGING_CONSOLIDATION,1.1,1.2,0.0001,false,false,true,false,false,0.45,trace_307,{},ALLOW,1,0.001,loss,45,0.006,-0.001,0,85
2026-07-24T12:08:42.000Z,ETH/USD,TRENDING_BULLISH,1.1,1.2,0.0001,true,false,true,false,false,0.45,trace_308,{},ALLOW,1,0.001,loss,45,0.006,-0.001,0,85
2026-07-24T12:09:42.000Z,ETH/USD,RANGING_CONSOLIDATION,1.1,1.2,0.0001,false,false,true,false,false,0.45,trace_309,{},ALLOW,1,0.001,loss,45,0.006,-0.001,0,85
2026-07-24T12:10:43.000Z,ETH/USD,TRENDING_BULLISH,2.5,1.2,0.0001,true,false,true,false,false,0.45,trace_310,{},ALLOW,1,0.001,loss,45,0.006,-0.001,0,85
2026-07-24T12:11:43.000Z,ETH/USD,RANGING_CONSOLIDATION,1.1,1.2,0.0001,false,false,true,false,false,0.45,trace_311,{},ALLOW,1,0.001,loss,45,0.006,-0.001,0,85
2026-07-24T12:13:43.000Z,ETH/USD,TRENDING_BULLISH,1.1,1.2,0.0001,true,false,true,false,false,0.45,trace_312,{},ALLOW,1,0.001,loss,45,0.006,-0.001,0,85
2026-07-24T12:14:44.000Z,ETH/USD,RANGING_CONSOLIDATION,1.1,1.2,0.0001,false,false,true,false,false,0.45,trace_313,{},ALLOW,1,0.001,loss,45,0.006,-0.001,0,85
2026-07-24T12:15:44.000Z,ETH/USD,TRENDING_BULLISH,1.1,1.2,0.0001,true,false,true,false,false,0.45,trace_314,{},ALLOW,1,0.001,win,45,0.006,-0.001,0,85
2026-07-24T12:16:44.000Z,ETH/USD,RANGING_CONSOLIDATION,2.5,1.2,0.0001,false,false,true,false,false,0.45,trace_315,{},ALLOW,1,0.001,win,45,0.006,-0.001,0,85
2026-07-24T12:21:45.000Z,ETH/USD,TRENDING_BULLISH,1.1,1.2,0.0001,true,false,true,false,false,0.45,trace_316,{},ALLOW,1,0.001,loss,45,0.006,-0.001,0,85
2026-07-24T12:23:46.000Z,ETH/USD,RANGING_CONSOLIDATION,1.1,1.2,0.0001,false,false,true,false,false,0.45,trace_317,{},ALLOW,1,0.001,win,45,0.006,-0.001,0,85
2026-07-24T12:28:47.000Z,ETH/USD,TRENDING_BULLISH,1.1,1.2,0.0001,true,false,true,false,false,0.45,trace_318,{},ALLOW,1,0.001,loss,45,0.006,-0.001,0,85
2026-07-24T12:30:47.000Z,ETH/USD,RANGING_CONSOLIDATION,1.1,1.2,0.0001,false,false,true,false,false,0.45,trace_319,{},ALLOW,1,0.001,loss,45,0.006,-0.001,0,85
2026-07-24T12:31:47.000Z,ETH/USD,TRENDING_BULLISH,2.5,1.2,0.0001,true,false,true,false,false,0.45,trace_320,{},ALLOW,1,0.001,loss,45,0.006,-0.001,0,85
2026-07-24T12:32:48.000Z,ETH/USD,RANGING_CONSOLIDATION,1.1,1.2,0.0001,false,false,true,false,false,0.45,trace_321,{},ALLOW,1,0.001,win,45,0.006,-0.001,0,85
2026-07-24T12:35:48.000Z,ETH/USD,TRENDING_BULLISH,1.1,1.2,0.0001,true,false,true,false,false,0.45,trace_322,{},ALLOW,1,0.001,win,45,0.006,-0.001,0,85
2026-07-24T12:38:49.000Z,ETH/USD,RANGING_CONSOLIDATION,1.1,1.2,0.0001,false,false,true,false,false,0.45,trace_323,{},ALLOW,1,0.001,loss,45,0.006,-0.001,0,85
2026-07-24T12:41:50.000Z,ETH/USD,TRENDING_BULLISH,1.1,1.2,0.0001,true,false,true,false,false,0.45,trace_324,{},ALLOW,1,0.001,win,45,0.006,-0.001,0,85
2026-07-24T12:45:50.000Z,ETH/USD,RANGING_CONSOLIDATION,2.5,1.2,0.0001,false,false,true,false,false,0.45,trace_325,{},ALLOW,1,0.001,win,45,0.006,-0.001,0,85
2026-07-24T12:51:52.000Z,ETH/USD,TRENDING_BULLISH,1.1,1.2,0.0001,true,false,true,false,false,0.45,trace_326,{},ALLOW,1,0.001,loss,45,0.006,-0.001,0,85
2026-07-24T13:02:54.000Z,ETH/USD,RANGING_CONSOLIDATION,1.1,1.2,0.0001,false,false,true,false,false,0.45,trace_327,{},ALLOW,1,0.001,win,45,0.006,-0.001,0,85
2026-07-24T13:05:55.000Z,ETH/USD,TRENDING_BULLISH,1.1,1.2,0.0001,true,false,true,false,false,0.45,trace_328,{},ALLOW,1,0.001,win,45,0.006,-0.001,0,85
2026-07-24T13:09:56.000Z,ETH/USD,RANGING_CONSOLIDATION,1.1,1.2,0.0001,false,false,true,false,false,0.45,trace_329,{},ALLOW,1,0.001,loss,45,0.006,-0.001,0,85
2026-07-24T13:10:56.000Z,ETH/USD,TRENDING_BULLISH,2.5,1.2,0.0001,true,false,true,false,false,0.45,trace_330,{},ALLOW,1,0.001,loss,45,0.006,-0.001,0,85
2026-07-24T13:11:56.000Z,ETH/USD,RANGING_CONSOLIDATION,1.1,1.2,0.0001,false,false,true,false,false,0.45,trace_331,{},ALLOW,1,0.001,loss,45,0.006,-0.001,0,85
2026-07-24T13:14:57.000Z,ETH/USD,TRENDING_BULLISH,1.1,1.2,0.0001,true,false,true,false,false,0.45,trace_332,{},ALLOW,1,0.001,win,45,0.006,-0.001,0,85
2026-07-24T13:17:58.000Z,ETH/USD,RANGING_CONSOLIDATION,1.1,1.2,0.0001,false,false,true,false,false,0.45,trace_333,{},ALLOW,1,0.001,win,45,0.006,-0.001,0,85
2026-07-24T13:21:59.000Z,ETH/USD,TRENDING_BULLISH,1.1,1.2,0.0001,true,false,true,false,false,0.45,trace_334,{},ALLOW,1,0.001,win,45,0.006,-0.001,0,85
2026-07-24T13:24:59.000Z,ETH/USD,RANGING_CONSOLIDATION,2.5,1.2,0.0001,false,false,true,false,false,0.45,trace_335,{},ALLOW,1,0.001,loss,45,0.006,-0.001,0,85
2026-07-24T13:25:59.000Z,ETH/USD,TRENDING_BULLISH,1.1,1.2,0.0001,true,false,true,false,false,0.45,trace_336,{},ALLOW,1,0.001,win,45,0.006,-0.001,0,85
2026-07-24T13:27:00.000Z,ETH/USD,RANGING_CONSOLIDATION,1.1,1.2,0.0001,false,false,true,false,false,0.45,trace_337,{},ALLOW,1,0.001,loss,45,0.006,-0.001,0,85
2026-07-24T13:28:00.000Z,ETH/USD,TRENDING_BULLISH,1.1,1.2,0.0001,true,false,true,false,false,0.45,trace_338,{},ALLOW,1,0.001,win,45,0.006,-0.001,0,85
2026-07-24T13:29:00.000Z,ETH/USD,RANGING_CONSOLIDATION,1.1,1.2,0.0001,false,false,true,false,false,0.45,trace_339,{},ALLOW,1,0.001,loss,45,0.006,-0.001,0,85
2026-07-24T13:36:02.000Z,ETH/USD,TRENDING_BULLISH,2.5,1.2,0.0001,true,false,true,false,false,0.45,trace_340,{},ALLOW,1,0.001,win,45,0.006,-0.001,0,85
2026-07-24T13:38:02.000Z,ETH/USD,RANGING_CONSOLIDATION,1.1,1.2,0.0001,false,false,true,false,false,0.45,trace_341,{},ALLOW,1,0.001,loss,45,0.006,-0.001,0,85
2026-07-24T13:39:02.000Z,ETH/USD,TRENDING_BULLISH,1.1,1.2,0.0001,true,false,true,false,false,0.45,trace_342,{},ALLOW,1,0.001,loss,45,0.006,-0.001,0,85
2026-07-24T13:41:03.000Z,ETH/USD,RANGING_CONSOLIDATION,1.1,1.2,0.0001,false,false,true,false,false,0.45,trace_343,{},ALLOW,1,0.001,loss,45,0.006,-0.001,0,85
2026-07-24T13:42:03.000Z,ETH/USD,TRENDING_BULLISH,1.1,1.2,0.0001,true,false,true,false,false,0.45,trace_344,{},ALLOW,1,0.001,win,45,0.006,-0.001,0,85
2026-07-24T13:43:03.000Z,ETH/USD,RANGING_CONSOLIDATION,2.5,1.2,0.0001,false,false,true,false,false,0.45,trace_345,{},ALLOW,1,0.001,loss,45,0.006,-0.001,0,85
2026-07-24T13:45:04.000Z,ETH/USD,TRENDING_BULLISH,1.1,1.2,0.0001,true,false,true,false,false,0.45,trace_346,{},ALLOW,1,0.001,loss,45,0.006,-0.001,0,85
2026-07-24T13:47:04.000Z,ETH/USD,RANGING_CONSOLIDATION,1.1,1.2,0.0001,false,false,true,false,false,0.45,trace_347,{},ALLOW,1,0.001,loss,45,0.006,-0.001,0,85
2026-07-24T13:48:05.000Z,ETH/USD,TRENDING_BULLISH,1.1,1.2,0.0001,true,false,true,false,false,0.45,trace_348,{},ALLOW,1,0.001,loss,45,0.006,-0.001,0,85
2026-07-24T14:00:07.000Z,ETH/USD,RANGING_CONSOLIDATION,1.1,1.2,0.0001,false,false,true,false,false,0.45,trace_349,{},ALLOW,1,0.001,loss,45,0.006,-0.001,0,85
2026-07-24T14:12:10.000Z,ETH/USD,TRENDING_BULLISH,2.5,1.2,0.0001,true,false,true,false,false,0.45,trace_350,{},ALLOW,1,0.001,win,45,0.006,-0.001,0,85
2026-07-24T14:13:11.000Z,ETH/USD,RANGING_CONSOLIDATION,1.1,1.2,0.0001,false,false,true,false,false,0.45,trace_351,{},ALLOW,1,0.001,loss,45,0.006,-0.001,0,85
2026-07-24T14:16:11.000Z,ETH/USD,TRENDING_BULLISH,1.1,1.2,0.0001,true,false,true,false,false,0.45,trace_352,{},ALLOW,1,0.001,loss,45,0.006,-0.001,0,85
2026-07-24T14:28:14.000Z,ETH/USD,RANGING_CONSOLIDATION,1.1,1.2,0.0001,false,false,true,false,false,0.45,trace_353,{},ALLOW,1,0.001,loss,45,0.006,-0.001,0,85
2026-07-24T14:33:15.000Z,ETH/USD,TRENDING_BULLISH,1.1,1.2,0.0001,true,false,true,false,false,0.45,trace_354,{},ALLOW,1,0.001,loss,45,0.006,-0.001,0,85
2026-07-24T14:44:17.000Z,ETH/USD,RANGING_CONSOLIDATION,2.5,1.2,0.0001,false,false,true,false,false,0.45,trace_355,{},ALLOW,1,0.001,win,45,0.006,-0.001,0,85
2026-07-24T14:48:18.000Z,ETH/USD,TRENDING_BULLISH,1.1,1.2,0.0001,true,false,true,false,false,0.45,trace_356,{},ALLOW,1,0.001,win,45,0.006,-0.001,0,85
2026-07-24T14:53:19.000Z,ETH/USD,RANGING_CONSOLIDATION,1.1,1.2,0.0001,false,false,true,false,false,0.45,trace_357,{},ALLOW,1,0.001,loss,45,0.006,-0.001,0,85
2026-07-24T14:55:20.000Z,ETH/USD,TRENDING_BULLISH,1.1,1.2,0.0001,true,false,true,false,false,0.45,trace_358,{},ALLOW,1,0.001,loss,45,0.006,-0.001,0,85
2026-07-24T15:00:21.000Z,ETH/USD,RANGING_CONSOLIDATION,1.1,1.2,0.0001,false,false,true,false,false,0.45,trace_359,{},ALLOW,1,0.001,win,45,0.006,-0.001,0,85
2026-07-24T15:01:21.000Z,ETH/USD,TRENDING_BULLISH,2.5,1.2,0.0001,true,false,true,false,false,0.45,trace_360,{},ALLOW,1,0.001,win,45,0.006,-0.001,0,85
2026-07-24T15:02:21.000Z,ETH/USD,RANGING_CONSOLIDATION,1.1,1.2,0.0001,false,false,true,false,false,0.45,trace_361,{},ALLOW,1,0.001,loss,45,0.006,-0.001,0,85
2026-07-24T15:04:22.000Z,ETH/USD,TRENDING_BULLISH,1.1,1.2,0.0001,true,false,true,false,false,0.45,trace_362,{},ALLOW,1,0.001,loss,45,0.006,-0.001,0,85
2026-07-24T15:05:22.000Z,ETH/USD,RANGING_CONSOLIDATION,1.1,1.2,0.0001,false,false,true,false,false,0.45,trace_363,{},ALLOW,1,0.001,loss,45,0.006,-0.001,0,85
2026-07-24T15:06:22.000Z,ETH/USD,TRENDING_BULLISH,1.1,1.2,0.0001,true,false,true,false,false,0.45,trace_364,{},ALLOW,1,0.001,win,45,0.006,-0.001,0,85
2026-07-24T15:07:23.000Z,ETH/USD,RANGING_CONSOLIDATION,2.5,1.2,0.0001,false,false,true,false,false,0.45,trace_365,{},ALLOW,1,0.001,loss,45,0.006,-0.001,0,85
2026-07-24T15:08:23.000Z,ETH/USD,TRENDING_BULLISH,1.1,1.2,0.0001,true,false,true,false,false,0.45,trace_366,{},ALLOW,1,0.001,loss,45,0.006,-0.001,0,85
2026-07-24T15:10:23.000Z,ETH/USD,RANGING_CONSOLIDATION,1.1,1.2,0.0001,false,false,true,false,false,0.45,trace_367,{},ALLOW,1,0.001,loss,45,0.006,-0.001,0,85
2026-07-24T15:11:24.000Z,ETH/USD,TRENDING_BULLISH,1.1,1.2,0.0001,true,false,true,false,false,0.45,trace_368,{},ALLOW,1,0.001,loss,45,0.006,-0.001,0,85
2026-07-24T15:15:25.000Z,ETH/USD,RANGING_CONSOLIDATION,1.1,1.2,0.0001,false,false,true,false,false,0.45,trace_369,{},ALLOW,1,0.001,win,45,0.006,-0.001,0,85
2026-07-24T15:16:25.000Z,ETH/USD,TRENDING_BULLISH,2.5,1.2,0.0001,true,false,true,false,false,0.45,trace_370,{},ALLOW,1,0.001,loss,45,0.006,-0.001,0,85
2026-07-24T15:23:26.000Z,ETH/USD,RANGING_CONSOLIDATION,1.1,1.2,0.0001,false,false,true,false,false,0.45,trace_371,{},ALLOW,1,0.001,win,45,0.006,-0.001,0,85
2026-07-24T15:25:27.000Z,ETH/USD,TRENDING_BULLISH,1.1,1.2,0.0001,true,false,true,false,false,0.45,trace_372,{},ALLOW,1,0.001,win,45,0.006,-0.001,0,85
2026-07-24T15:35:29.000Z,ETH/USD,RANGING_CONSOLIDATION,1.1,1.2,0.0001,false,false,true,false,false,0.45,trace_373,{},ALLOW,1,0.001,loss,45,0.006,-0.001,0,85
2026-07-24T15:46:32.000Z,ETH/USD,TRENDING_BULLISH,1.1,1.2,0.0001,true,false,true,false,false,0.45,trace_374,{},ALLOW,1,0.001,win,45,0.006,-0.001,0,85
2026-07-24T15:47:32.000Z,ETH/USD,RANGING_CONSOLIDATION,2.5,1.2,0.0001,false,false,true,false,false,0.45,trace_375,{},ALLOW,1,0.001,loss,45,0.006,-0.001,0,85
2026-07-24T15:48:33.000Z,ETH/USD,TRENDING_BULLISH,1.1,1.2,0.0001,true,false,true,false,false,0.45,trace_376,{},ALLOW,1,0.001,loss,45,0.006,-0.001,0,85
2026-07-24T15:49:33.000Z,ETH/USD,RANGING_CONSOLIDATION,1.1,1.2,0.0001,false,false,true,false,false,0.45,trace_377,{},ALLOW,1,0.001,loss,45,0.006,-0.001,0,85
2026-07-24T15:55:34.000Z,ETH/USD,TRENDING_BULLISH,1.1,1.2,0.0001,true,false,true,false,false,0.45,trace_378,{},ALLOW,1,0.001,loss,45,0.006,-0.001,0,85
2026-07-24T16:02:36.000Z,ETH/USD,RANGING_CONSOLIDATION,1.1,1.2,0.0001,false,false,true,false,false,0.45,trace_379,{},ALLOW,1,0.001,loss,45,0.006,-0.001,0,85
2026-07-24T16:07:37.000Z,ETH/USD,TRENDING_BULLISH,2.5,1.2,0.0001,true,false,true,false,false,0.45,trace_380,{},ALLOW,1,0.001,loss,45,0.006,-0.001,0,85
2026-07-24T16:09:38.000Z,ETH/USD,RANGING_CONSOLIDATION,1.1,1.2,0.0001,false,false,true,false,false,0.45,trace_381,{},ALLOW,1,0.001,loss,45,0.006,-0.001,0,85
2026-07-24T16:11:38.000Z,ETH/USD,TRENDING_BULLISH,1.1,1.2,0.0001,true,false,true,false,false,0.45,trace_382,{},ALLOW,1,0.001,loss,45,0.006,-0.001,0,85
2026-07-24T16:12:38.000Z,ETH/USD,RANGING_CONSOLIDATION,1.1,1.2,0.0001,false,false,true,false,false,0.45,trace_383,{},ALLOW,1,0.001,loss,45,0.006,-0.001,0,85
2026-07-24T16:23:41.000Z,ETH/USD,TRENDING_BULLISH,1.1,1.2,0.0001,true,false,true,false,false,0.45,trace_384,{},ALLOW,1,0.001,loss,45,0.006,-0.001,0,85
2026-07-24T16:31:43.000Z,ETH/USD,RANGING_CONSOLIDATION,2.5,1.2,0.0001,false,false,true,false,false,0.45,trace_385,{},ALLOW,1,0.001,win,45,0.006,-0.001,0,85
2026-07-24T16:42:46.000Z,ETH/USD,TRENDING_BULLISH,1.1,1.2,0.0001,true,false,true,false,false,0.45,trace_386,{},ALLOW,1,0.001,loss,45,0.006,-0.001,0,85
2026-07-24T16:48:47.000Z,ETH/USD,RANGING_CONSOLIDATION,1.1,1.2,0.0001,false,false,true,false,false,0.45,trace_387,{},ALLOW,1,0.001,loss,45,0.006,-0.001,0,85
2026-07-24T16:49:48.000Z,ETH/USD,TRENDING_BULLISH,1.1,1.2,0.0001,true,false,true,false,false,0.45,trace_388,{},ALLOW,1,0.001,loss,45,0.006,-0.001,0,85
2026-07-24T16:50:48.000Z,ETH/USD,RANGING_CONSOLIDATION,1.1,1.2,0.0001,false,false,true,false,false,0.45,trace_389,{},ALLOW,1,0.001,loss,45,0.006,-0.001,0,85
2026-07-24T16:51:48.000Z,ETH/USD,TRENDING_BULLISH,2.5,1.2,0.0001,true,false,true,false,false,0.45,trace_390,{},ALLOW,1,0.001,loss,45,0.006,-0.001,0,85
2026-07-24T16:52:48.000Z,ETH/USD,RANGING_CONSOLIDATION,1.1,1.2,0.0001,false,false,true,false,false,0.45,trace_391,{},ALLOW,1,0.001,win,45,0.006,-0.001,0,85
2026-07-24T16:53:49.000Z,ETH/USD,TRENDING_BULLISH,1.1,1.2,0.0001,true,false,true,false,false,0.45,trace_392,{},ALLOW,1,0.001,win,45,0.006,-0.001,0,85
2026-07-24T16:55:49.000Z,ETH/USD,RANGING_CONSOLIDATION,1.1,1.2,0.0001,false,false,true,false,false,0.45,trace_393,{},ALLOW,1,0.001,win,45,0.006,-0.001,0,85
2026-07-24T16:57:50.000Z,ETH/USD,TRENDING_BULLISH,1.1,1.2,0.0001,true,false,true,false,false,0.45,trace_394,{},ALLOW,1,0.001,loss,45,0.006,-0.001,0,85
2026-07-24T16:59:50.000Z,ETH/USD,RANGING_CONSOLIDATION,2.5,1.2,0.0001,false,false,true,false,false,0.45,trace_395,{},ALLOW,1,0.001,win,45,0.006,-0.001,0,85
2026-07-24T17:10:53.000Z,ETH/USD,TRENDING_BULLISH,1.1,1.2,0.0001,true,false,true,false,false,0.45,trace_396,{},ALLOW,1,0.001,loss,45,0.006,-0.001,0,85
2026-07-24T17:12:53.000Z,ETH/USD,RANGING_CONSOLIDATION,1.1,1.2,0.0001,false,false,true,false,false,0.45,trace_397,{},ALLOW,1,0.001,loss,45,0.006,-0.001,0,85
2026-07-24T17:13:54.000Z,ETH/USD,TRENDING_BULLISH,1.1,1.2,0.0001,true,false,true,false,false,0.45,trace_398,{},ALLOW,1,0.001,win,45,0.006,-0.001,0,85
2026-07-24T17:19:55.000Z,ETH/USD,RANGING_CONSOLIDATION,1.1,1.2,0.0001,false,false,true,false,false,0.45,trace_399,{},ALLOW,1,0.001,loss,45,0.006,-0.001,0,85
2026-07-24T17:26:57.000Z,ETH/USD,TRENDING_BULLISH,2.5,1.2,0.0001,true,false,true,false,false,0.45,trace_400,{},ALLOW,1,0.001,win,45,0.006,-0.001,0,85
2026-07-24T17:31:58.000Z,ETH/USD,RANGING_CONSOLIDATION,1.1,1.2,0.0001,false,false,true,false,false,0.45,trace_401,{},ALLOW,1,0.001,win,45,0.006,-0.001,0,85
2026-07-24T17:33:58.000Z,ETH/USD,TRENDING_BULLISH,1.1,1.2,0.0001,true,false,true,false,false,0.45,trace_402,{},ALLOW,1,0.001,win,45,0.006,-0.001,0,85
2026-07-24T17:34:58.000Z,ETH/USD,RANGING_CONSOLIDATION,1.1,1.2,0.0001,false,false,true,false,false,0.45,trace_403,{},ALLOW,1,0.001,loss,45,0.006,-0.001,0,85
2026-07-24T17:35:59.000Z,ETH/USD,TRENDING_BULLISH,1.1,1.2,0.0001,true,false,true,false,false,0.45,trace_404,{},ALLOW,1,0.001,win,45,0.006,-0.001,0,85
2026-07-24T17:37:59.000Z,ETH/USD,RANGING_CONSOLIDATION,2.5,1.2,0.0001,false,false,true,false,false,0.45,trace_405,{},ALLOW,1,0.001,loss,45,0.006,-0.001,0,85
2026-07-24T17:38:59.000Z,ETH/USD,TRENDING_BULLISH,1.1,1.2,0.0001,true,false,true,false,false,0.45,trace_406,{},ALLOW,1,0.001,loss,45,0.006,-0.001,0,85
2026-07-24T17:39:59.000Z,ETH/USD,RANGING_CONSOLIDATION,1.1,1.2,0.0001,false,false,true,false,false,0.45,trace_407,{},ALLOW,1,0.001,loss,45,0.006,-0.001,0,85
2026-07-24T17:41:00.000Z,ETH/USD,TRENDING_BULLISH,1.1,1.2,0.0001,true,false,true,false,false,0.45,trace_408,{},ALLOW,1,0.001,loss,45,0.006,-0.001,0,85
2026-07-24T17:42:00.000Z,ETH/USD,RANGING_CONSOLIDATION,1.1,1.2,0.0001,false,false,true,false,false,0.45,trace_409,{},ALLOW,1,0.001,win,45,0.006,-0.001,0,85
2026-07-24T17:44:00.000Z,ETH/USD,TRENDING_BULLISH,2.5,1.2,0.0001,true,false,true,false,false,0.45,trace_410,{},ALLOW,1,0.001,loss,45,0.006,-0.001,0,85
2026-07-24T17:47:01.000Z,ETH/USD,RANGING_CONSOLIDATION,1.1,1.2,0.0001,false,false,true,false,false,0.45,trace_411,{},ALLOW,1,0.001,win,45,0.006,-0.001,0,85
2026-07-24T18:00:04.000Z,ETH/USD,TRENDING_BULLISH,1.1,1.2,0.0001,true,false,true,false,false,0.45,trace_412,{},ALLOW,1,0.001,loss,45,0.006,-0.001,0,85
2026-07-24T18:04:05.000Z,ETH/USD,RANGING_CONSOLIDATION,1.1,1.2,0.0001,false,false,true,false,false,0.45,trace_413,{},ALLOW,1,0.001,loss,45,0.006,-0.001,0,85
2026-07-24T18:08:06.000Z,ETH/USD,TRENDING_BULLISH,1.1,1.2,0.0001,true,false,true,false,false,0.45,trace_414,{},ALLOW,1,0.001,loss,45,0.006,-0.001,0,85
2026-07-24T18:14:07.000Z,ETH/USD,RANGING_CONSOLIDATION,2.5,1.2,0.0001,false,false,true,false,false,0.45,trace_415,{},ALLOW,1,0.001,loss,45,0.006,-0.001,0,85
2026-07-24T18:19:08.000Z,ETH/USD,TRENDING_BULLISH,1.1,1.2,0.0001,true,false,true,false,false,0.45,trace_416,{},ALLOW,1,0.001,win,45,0.006,-0.001,0,85
2026-07-24T18:26:10.000Z,ETH/USD,RANGING_CONSOLIDATION,1.1,1.2,0.0001,false,false,true,false,false,0.45,trace_417,{},ALLOW,1,0.001,loss,45,0.006,-0.001,0,85
2026-07-24T18:28:10.000Z,ETH/USD,TRENDING_BULLISH,1.1,1.2,0.0001,true,false,true,false,false,0.45,trace_418,{},ALLOW,1,0.001,loss,45,0.006,-0.001,0,85
2026-07-24T18:29:10.000Z,ETH/USD,RANGING_CONSOLIDATION,1.1,1.2,0.0001,false,false,true,false,false,0.45,trace_419,{},ALLOW,1,0.001,loss,45,0.006,-0.001,0,85
2026-07-24T18:35:12.000Z,ETH/USD,TRENDING_BULLISH,2.5,1.2,0.0001,true,false,true,false,false,0.45,trace_420,{},ALLOW,1,0.001,loss,45,0.006,-0.001,0,85
2026-07-24T18:37:12.000Z,ETH/USD,RANGING_CONSOLIDATION,1.1,1.2,0.0001,false,false,true,false,false,0.45,trace_421,{},ALLOW,1,0.001,win,45,0.006,-0.001,0,85
2026-07-24T18:39:13.000Z,ETH/USD,TRENDING_BULLISH,1.1,1.2,0.0001,true,false,true,false,false,0.45,trace_422,{},ALLOW,1,0.001,loss,45,0.006,-0.001,0,85
2026-07-24T18:42:13.000Z,ETH/USD,RANGING_CONSOLIDATION,1.1,1.2,0.0001,false,false,true,false,false,0.45,trace_423,{},ALLOW,1,0.001,loss,45,0.006,-0.001,0,85
2026-07-24T18:46:14.000Z,ETH/USD,TRENDING_BULLISH,1.1,1.2,0.0001,true,false,true,false,false,0.45,trace_424,{},ALLOW,1,0.001,win,45,0.006,-0.001,0,85
2026-07-24T18:54:16.000Z,ETH/USD,RANGING_CONSOLIDATION,2.5,1.2,0.0001,false,false,true,false,false,0.45,trace_425,{},ALLOW,1,0.001,win,45,0.006,-0.001,0,85
2026-07-24T18:55:16.000Z,ETH/USD,TRENDING_BULLISH,1.1,1.2,0.0001,true,false,true,false,false,0.45,trace_426,{},ALLOW,1,0.001,loss,45,0.006,-0.001,0,85
2026-07-24T18:56:17.000Z,ETH/USD,RANGING_CONSOLIDATION,1.1,1.2,0.0001,false,false,true,false,false,0.45,trace_427,{},ALLOW,1,0.001,loss,45,0.006,-0.001,0,85
2026-07-24T18:57:17.000Z,ETH/USD,TRENDING_BULLISH,1.1,1.2,0.0001,true,false,true,false,false,0.45,trace_428,{},ALLOW,1,0.001,loss,45,0.006,-0.001,0,85
2026-07-24T18:58:17.000Z,ETH/USD,RANGING_CONSOLIDATION,1.1,1.2,0.0001,false,false,true,false,false,0.45,trace_429,{},ALLOW,1,0.001,win,45,0.006,-0.001,0,85
2026-07-24T18:59:17.000Z,ETH/USD,TRENDING_BULLISH,2.5,1.2,0.0001,true,false,true,false,false,0.45,trace_430,{},ALLOW,1,0.001,win,45,0.006,-0.001,0,85
2026-07-24T19:03:18.000Z,ETH/USD,RANGING_CONSOLIDATION,1.1,1.2,0.0001,false,false,true,false,false,0.45,trace_431,{},ALLOW,1,0.001,win,45,0.006,-0.001,0,85
2026-07-24T19:04:18.000Z,ETH/USD,TRENDING_BULLISH,1.1,1.2,0.0001,true,false,true,false,false,0.45,trace_432,{},ALLOW,1,0.001,win,45,0.006,-0.001,0,85
2026-07-24T19:05:19.000Z,ETH/USD,RANGING_CONSOLIDATION,1.1,1.2,0.0001,false,false,true,false,false,0.45,trace_433,{},ALLOW,1,0.001,loss,45,0.006,-0.001,0,85
2026-07-24T19:06:19.000Z,ETH/USD,TRENDING_BULLISH,1.1,1.2,0.0001,true,false,true,false,false,0.45,trace_434,{},ALLOW,1,0.001,loss,45,0.006,-0.001,0,85
2026-07-24T19:07:19.000Z,ETH/USD,RANGING_CONSOLIDATION,2.5,1.2,0.0001,false,false,true,false,false,0.45,trace_435,{},ALLOW,1,0.001,win,45,0.006,-0.001,0,85
2026-07-24T19:08:19.000Z,ETH/USD,TRENDING_BULLISH,1.1,1.2,0.0001,true,false,true,false,false,0.45,trace_436,{},ALLOW,1,0.001,loss,45,0.006,-0.001,0,85
2026-07-24T19:09:20.000Z,ETH/USD,RANGING_CONSOLIDATION,1.1,1.2,0.0001,false,false,true,false,false,0.45,trace_437,{},ALLOW,1,0.001,win,45,0.006,-0.001,0,85
2026-07-24T19:11:20.000Z,ETH/USD,TRENDING_BULLISH,1.1,1.2,0.0001,true,false,true,false,false,0.45,trace_438,{},ALLOW,1,0.001,win,45,0.006,-0.001,0,85
2026-07-24T19:13:21.000Z,ETH/USD,RANGING_CONSOLIDATION,1.1,1.2,0.0001,false,false,true,false,false,0.45,trace_439,{},ALLOW,1,0.001,win,45,0.006,-0.001,0,85
2026-07-24T19:28:24.000Z,ETH/USD,TRENDING_BULLISH,2.5,1.2,0.0001,true,false,true,false,false,0.45,trace_440,{},ALLOW,1,0.001,win,45,0.006,-0.001,0,85
2026-07-24T19:30:24.000Z,ETH/USD,RANGING_CONSOLIDATION,1.1,1.2,0.0001,false,false,true,false,false,0.45,trace_441,{},ALLOW,1,0.001,loss,45,0.006,-0.001,0,85
2026-07-24T19:31:25.000Z,ETH/USD,TRENDING_BULLISH,1.1,1.2,0.0001,true,false,true,false,false,0.45,trace_442,{},ALLOW,1,0.001,loss,45,0.006,-0.001,0,85
2026-07-24T19:32:25.000Z,ETH/USD,RANGING_CONSOLIDATION,1.1,1.2,0.0001,false,false,true,false,false,0.45,trace_443,{},ALLOW,1,0.001,loss,45,0.006,-0.001,0,85
2026-07-24T19:33:25.000Z,ETH/USD,TRENDING_BULLISH,1.1,1.2,0.0001,true,false,true,false,false,0.45,trace_444,{},ALLOW,1,0.001,win,45,0.006,-0.001,0,85
2026-07-24T19:34:25.000Z,ETH/USD,RANGING_CONSOLIDATION,2.5,1.2,0.0001,false,false,true,false,false,0.45,trace_445,{},ALLOW,1,0.001,loss,45,0.006,-0.001,0,85
2026-07-24T19:35:26.000Z,ETH/USD,TRENDING_BULLISH,1.1,1.2,0.0001,true,false,true,false,false,0.45,trace_446,{},ALLOW,1,0.001,loss,45,0.006,-0.001,0,85
2026-07-24T19:36:26.000Z,ETH/USD,RANGING_CONSOLIDATION,1.1,1.2,0.0001,false,false,true,false,false,0.45,trace_447,{},ALLOW,1,0.001,loss,45,0.006,-0.001,0,85
2026-07-24T19:37:26.000Z,ETH/USD,TRENDING_BULLISH,1.1,1.2,0.0001,true,false,true,false,false,0.45,trace_448,{},ALLOW,1,0.001,loss,45,0.006,-0.001,0,85
2026-07-24T19:40:27.000Z,ETH/USD,RANGING_CONSOLIDATION,1.1,1.2,0.0001,false,false,true,false,false,0.45,trace_449,{},ALLOW,1,0.001,loss,45,0.006,-0.001,0,85
2026-07-24T19:41:27.000Z,ETH/USD,TRENDING_BULLISH,2.5,1.2,0.0001,true,false,true,false,false,0.45,trace_450,{},ALLOW,1,0.001,win,45,0.006,-0.001,0,85
2026-07-24T19:42:27.000Z,ETH/USD,RANGING_CONSOLIDATION,1.1,1.2,0.0001,false,false,true,false,false,0.45,trace_451,{},ALLOW,1,0.001,loss,45,0.006,-0.001,0,85
2026-07-24T19:43:28.000Z,ETH/USD,TRENDING_BULLISH,1.1,1.2,0.0001,true,false,true,false,false,0.45,trace_452,{},ALLOW,1,0.001,loss,45,0.006,-0.001,0,85
2026-07-24T19:46:28.000Z,ETH/USD,RANGING_CONSOLIDATION,1.1,1.2,0.0001,false,false,true,false,false,0.45,trace_453,{},ALLOW,1,0.001,loss,45,0.006,-0.001,0,85
2026-07-24T19:47:29.000Z,ETH/USD,TRENDING_BULLISH,1.1,1.2,0.0001,true,false,true,false,false,0.45,trace_454,{},ALLOW,1,0.001,win,45,0.006,-0.001,0,85
2026-07-24T19:49:29.000Z,ETH/USD,RANGING_CONSOLIDATION,2.5,1.2,0.0001,false,false,true,false,false,0.45,trace_455,{},ALLOW,1,0.001,loss,45,0.006,-0.001,0,85
2026-07-24T19:50:29.000Z,ETH/USD,TRENDING_BULLISH,1.1,1.2,0.0001,true,false,true,false,false,0.45,trace_456,{},ALLOW,1,0.001,win,45,0.006,-0.001,0,85
2026-07-24T19:51:30.000Z,ETH/USD,RANGING_CONSOLIDATION,1.1,1.2,0.0001,false,false,true,false,false,0.45,trace_457,{},ALLOW,1,0.001,win,45,0.006,-0.001,0,85
2026-07-24T19:53:30.000Z,ETH/USD,TRENDING_BULLISH,1.1,1.2,0.0001,true,false,true,false,false,0.45,trace_458,{},ALLOW,1,0.001,loss,45,0.006,-0.001,0,85
2026-07-24T19:54:30.000Z,ETH/USD,RANGING_CONSOLIDATION,1.1,1.2,0.0001,false,false,true,false,false,0.45,trace_459,{},ALLOW,1,0.001,loss,45,0.006,-0.001,0,85
2026-07-24T19:56:31.000Z,ETH/USD,TRENDING_BULLISH,2.5,1.2,0.0001,true,false,true,false,false,0.45,trace_460,{},ALLOW,1,0.001,loss,45,0.006,-0.001,0,85
2026-07-24T20:00:32.000Z,ETH/USD,RANGING_CONSOLIDATION,1.1,1.2,0.0001,false,false,true,false,false,0.45,trace_461,{},ALLOW,1,0.001,loss,45,0.006,-0.001,0,85
2026-07-24T20:01:32.000Z,ETH/USD,TRENDING_BULLISH,1.1,1.2,0.0001,true,false,true,false,false,0.45,trace_462,{},ALLOW,1,0.001,win,45,0.006,-0.001,0,85
2026-07-24T20:11:35.000Z,ETH/USD,RANGING_CONSOLIDATION,1.1,1.2,0.0001,false,false,true,false,false,0.45,trace_463,{},ALLOW,1,0.001,win,45,0.006,-0.001,0,85
2026-07-24T20:12:35.000Z,ETH/USD,TRENDING_BULLISH,1.1,1.2,0.0001,true,false,true,false,false,0.45,trace_464,{},ALLOW,1,0.001,win,45,0.006,-0.001,0,85
2026-07-24T20:13:35.000Z,ETH/USD,RANGING_CONSOLIDATION,2.5,1.2,0.0001,false,false,true,false,false,0.45,trace_465,{},ALLOW,1,0.001,loss,45,0.006,-0.001,0,85
2026-07-24T20:14:35.000Z,ETH/USD,TRENDING_BULLISH,1.1,1.2,0.0001,true,false,true,false,false,0.45,trace_466,{},ALLOW,1,0.001,loss,45,0.006,-0.001,0,85
2026-07-24T20:18:36.000Z,ETH/USD,RANGING_CONSOLIDATION,1.1,1.2,0.0001,false,false,true,false,false,0.45,trace_467,{},ALLOW,1,0.001,loss,45,0.006,-0.001,0,85
2026-07-24T20:19:36.000Z,ETH/USD,TRENDING_BULLISH,1.1,1.2,0.0001,true,false,true,false,false,0.45,trace_468,{},ALLOW,1,0.001,loss,45,0.006,-0.001,0,85
2026-07-24T20:22:37.000Z,ETH/USD,RANGING_CONSOLIDATION,1.1,1.2,0.0001,false,false,true,false,false,0.45,trace_469,{},ALLOW,1,0.001,loss,45,0.006,-0.001,0,85
2026-07-24T20:40:42.000Z,ETH/USD,TRENDING_BULLISH,2.5,1.2,0.0001,true,false,true,false,false,0.45,trace_470,{},ALLOW,1,0.001,loss,45,0.006,-0.001,0,85
2026-07-24T20:46:43.000Z,ETH/USD,RANGING_CONSOLIDATION,1.1,1.2,0.0001,false,false,true,false,false,0.45,trace_471,{},ALLOW,1,0.001,win,45,0.006,-0.001,0,85
2026-07-24T21:29:53.000Z,ETH/USD,TRENDING_BULLISH,1.1,1.2,0.0001,true,false,true,false,false,0.45,trace_472,{},ALLOW,1,0.001,breakeven,45,0.006,-0.001,0,85
2026-07-24T20:47:43.000Z,ETH/USD,RANGING_CONSOLIDATION,1.1,1.2,0.0001,false,false,true,false,false,0.45,trace_473,{},ALLOW,1,0.001,loss,45,0.006,-0.001,0,85
2026-07-24T20:49:44.000Z,ETH/USD,TRENDING_BULLISH,1.1,1.2,0.0001,true,false,true,false,false,0.45,trace_474,{},ALLOW,1,0.001,loss,45,0.006,-0.001,0,85
2026-07-24T20:51:44.000Z,ETH/USD,RANGING_CONSOLIDATION,2.5,1.2,0.0001,false,false,true,false,false,0.45,trace_475,{},ALLOW,1,0.001,win,45,0.006,-0.001,0,85
2026-07-24T20:53:45.000Z,ETH/USD,TRENDING_BULLISH,1.1,1.2,0.0001,true,false,true,false,false,0.45,trace_476,{},ALLOW,1,0.001,win,45,0.006,-0.001,0,85
2026-07-24T20:56:45.000Z,ETH/USD,RANGING_CONSOLIDATION,1.1,1.2,0.0001,false,false,true,false,false,0.45,trace_477,{},ALLOW,1,0.001,loss,45,0.006,-0.001,0,85
2026-07-24T21:01:47.000Z,ETH/USD,TRENDING_BULLISH,1.1,1.2,0.0001,true,false,true,false,false,0.45,trace_478,{},ALLOW,1,0.001,win,45,0.006,-0.001,0,85
2026-07-24T21:03:47.000Z,ETH/USD,RANGING_CONSOLIDATION,1.1,1.2,0.0001,false,false,true,false,false,0.45,trace_479,{},ALLOW,1,0.001,loss,45,0.006,-0.001,0,85
2026-07-24T21:05:47.000Z,ETH/USD,TRENDING_BULLISH,2.5,1.2,0.0001,true,false,true,false,false,0.45,trace_480,{},ALLOW,1,0.001,loss,45,0.006,-0.001,0,85
2026-07-24T21:13:49.000Z,ETH/USD,RANGING_CONSOLIDATION,1.1,1.2,0.0001,false,false,true,false,false,0.45,trace_481,{},ALLOW,1,0.001,loss,45,0.006,-0.001,0,85
2026-07-24T21:18:51.000Z,ETH/USD,TRENDING_BULLISH,1.1,1.2,0.0001,true,false,true,false,false,0.45,trace_482,{},ALLOW,1,0.001,loss,45,0.006,-0.001,0,85
2026-07-24T21:20:51.000Z,ETH/USD,RANGING_CONSOLIDATION,1.1,1.2,0.0001,false,false,true,false,false,0.45,trace_483,{},ALLOW,1,0.001,win,45,0.006,-0.001,0,85
2026-07-24T21:27:53.000Z,ETH/USD,TRENDING_BULLISH,1.1,1.2,0.0001,true,false,true,false,false,0.45,trace_484,{},ALLOW,1,0.001,loss,45,0.006,-0.001,0,85
2026-07-24T09:18:08.000Z,SOL/USD,RANGING_CONSOLIDATION,2.5,1.2,0.0001,false,false,true,false,false,0.45,trace_485,{},ALLOW,1,0.001,loss,45,0.006,-0.001,0,85
2026-07-24T09:21:08.000Z,SOL/USD,TRENDING_BULLISH,1.1,1.2,0.0001,true,false,true,false,false,0.45,trace_486,{},ALLOW,1,0.001,loss,45,0.006,-0.001,0,85
2026-07-24T09:22:09.000Z,SOL/USD,RANGING_CONSOLIDATION,1.1,1.2,0.0001,false,false,true,false,false,0.45,trace_487,{},ALLOW,1,0.001,loss,45,0.006,-0.001,0,85
2026-07-24T09:27:10.000Z,SOL/USD,TRENDING_BULLISH,1.1,1.2,0.0001,true,false,true,false,false,0.45,trace_488,{},ALLOW,1,0.001,loss,45,0.006,-0.001,0,85
2026-07-24T09:28:10.000Z,SOL/USD,RANGING_CONSOLIDATION,1.1,1.2,0.0001,false,false,true,false,false,0.45,trace_489,{},ALLOW,1,0.001,loss,45,0.006,-0.001,0,85
2026-07-24T09:31:10.000Z,SOL/USD,TRENDING_BULLISH,2.5,1.2,0.0001,true,false,true,false,false,0.45,trace_490,{},ALLOW,1,0.001,loss,45,0.006,-0.001,0,85
2026-07-24T09:40:12.000Z,SOL/USD,RANGING_CONSOLIDATION,1.1,1.2,0.0001,false,false,true,false,false,0.45,trace_491,{},ALLOW,1,0.001,win,45,0.006,-0.001,0,85
2026-07-24T10:00:17.000Z,SOL/USD,TRENDING_BULLISH,1.1,1.2,0.0001,true,false,true,false,false,0.45,trace_492,{},ALLOW,1,0.001,loss,45,0.006,-0.001,0,85
2026-07-24T10:01:17.000Z,SOL/USD,RANGING_CONSOLIDATION,1.1,1.2,0.0001,false,false,true,false,false,0.45,trace_493,{},ALLOW,1,0.001,loss,45,0.006,-0.001,0,85
2026-07-24T10:02:17.000Z,SOL/USD,TRENDING_BULLISH,1.1,1.2,0.0001,true,false,true,false,false,0.45,trace_494,{},ALLOW,1,0.001,win,45,0.006,-0.001,0,85
2026-07-24T10:07:18.000Z,SOL/USD,RANGING_CONSOLIDATION,2.5,1.2,0.0001,false,false,true,false,false,0.45,trace_495,{},ALLOW,1,0.001,win,45,0.006,-0.001,0,85
2026-07-24T10:10:19.000Z,SOL/USD,TRENDING_BULLISH,1.1,1.2,0.0001,true,false,true,false,false,0.45,trace_496,{},ALLOW,1,0.001,loss,45,0.006,-0.001,0,85
2026-07-24T10:12:19.000Z,SOL/USD,RANGING_CONSOLIDATION,1.1,1.2,0.0001,false,false,true,false,false,0.45,trace_497,{},ALLOW,1,0.001,loss,45,0.006,-0.001,0,85
2026-07-24T10:13:20.000Z,SOL/USD,TRENDING_BULLISH,1.1,1.2,0.0001,true,false,true,false,false,0.45,trace_498,{},ALLOW,1,0.001,loss,45,0.006,-0.001,0,85
2026-07-24T10:30:23.000Z,SOL/USD,RANGING_CONSOLIDATION,1.1,1.2,0.0001,false,false,true,false,false,0.45,trace_499,{},ALLOW,1,0.001,loss,45,0.006,-0.001,0,85
2026-07-24T10:31:24.000Z,SOL/USD,TRENDING_BULLISH,2.5,1.2,0.0001,true,false,true,false,false,0.45,trace_500,{},ALLOW,1,0.001,loss,45,0.006,-0.001,0,85
2026-07-24T10:35:24.000Z,SOL/USD,RANGING_CONSOLIDATION,1.1,1.2,0.0001,false,false,true,false,false,0.45,trace_501,{},ALLOW,1,0.001,loss,45,0.006,-0.001,0,85
2026-07-24T10:37:25.000Z,SOL/USD,TRENDING_BULLISH,1.1,1.2,0.0001,true,false,true,false,false,0.45,trace_502,{},ALLOW,1,0.001,win,45,0.006,-0.001,0,85
2026-07-24T10:39:25.000Z,SOL/USD,RANGING_CONSOLIDATION,1.1,1.2,0.0001,false,false,true,false,false,0.45,trace_503,{},ALLOW,1,0.001,loss,45,0.006,-0.001,0,85
2026-07-24T10:41:26.000Z,SOL/USD,TRENDING_BULLISH,1.1,1.2,0.0001,true,false,true,false,false,0.45,trace_504,{},ALLOW,1,0.001,win,45,0.006,-0.001,0,85
2026-07-24T10:43:26.000Z,SOL/USD,RANGING_CONSOLIDATION,2.5,1.2,0.0001,false,false,true,false,false,0.45,trace_505,{},ALLOW,1,0.001,win,45,0.006,-0.001,0,85
2026-07-24T10:44:26.000Z,SOL/USD,TRENDING_BULLISH,1.1,1.2,0.0001,true,false,true,false,false,0.45,trace_506,{},ALLOW,1,0.001,loss,45,0.006,-0.001,0,85
2026-07-24T10:47:27.000Z,SOL/USD,RANGING_CONSOLIDATION,1.1,1.2,0.0001,false,false,true,false,false,0.45,trace_507,{},ALLOW,1,0.001,loss,45,0.006,-0.001,0,85
2026-07-24T10:48:27.000Z,SOL/USD,TRENDING_BULLISH,1.1,1.2,0.0001,true,false,true,false,false,0.45,trace_508,{},ALLOW,1,0.001,loss,45,0.006,-0.001,0,85
2026-07-24T10:49:27.000Z,SOL/USD,RANGING_CONSOLIDATION,1.1,1.2,0.0001,false,false,true,false,false,0.45,trace_509,{},ALLOW,1,0.001,win,45,0.006,-0.001,0,85
2026-07-24T10:50:28.000Z,SOL/USD,TRENDING_BULLISH,2.5,1.2,0.0001,true,false,true,false,false,0.45,trace_510,{},ALLOW,1,0.001,loss,45,0.006,-0.001,0,85
2026-07-24T10:51:28.000Z,SOL/USD,RANGING_CONSOLIDATION,1.1,1.2,0.0001,false,false,true,false,false,0.45,trace_511,{},ALLOW,1,0.001,loss,45,0.006,-0.001,0,85
2026-07-24T10:54:28.000Z,SOL/USD,TRENDING_BULLISH,1.1,1.2,0.0001,true,false,true,false,false,0.45,trace_512,{},ALLOW,1,0.001,win,45,0.006,-0.001,0,85
2026-07-24T10:57:29.000Z,SOL/USD,RANGING_CONSOLIDATION,1.1,1.2,0.0001,false,false,true,false,false,0.45,trace_513,{},ALLOW,1,0.001,loss,45,0.006,-0.001,0,85
2026-07-24T10:58:29.000Z,SOL/USD,TRENDING_BULLISH,1.1,1.2,0.0001,true,false,true,false,false,0.45,trace_514,{},ALLOW,1,0.001,loss,45,0.006,-0.001,0,85
2026-07-24T11:00:30.000Z,SOL/USD,RANGING_CONSOLIDATION,2.5,1.2,0.0001,false,false,true,false,false,0.45,trace_515,{},ALLOW,1,0.001,loss,45,0.006,-0.001,0,85
2026-07-24T11:01:30.000Z,SOL/USD,TRENDING_BULLISH,1.1,1.2,0.0001,true,false,true,false,false,0.45,trace_516,{},ALLOW,1,0.001,win,45,0.006,-0.001,0,85
2026-07-24T11:02:30.000Z,SOL/USD,RANGING_CONSOLIDATION,1.1,1.2,0.0001,false,false,true,false,false,0.45,trace_517,{},ALLOW,1,0.001,loss,45,0.006,-0.001,0,85
2026-07-24T11:05:31.000Z,SOL/USD,TRENDING_BULLISH,1.1,1.2,0.0001,true,false,true,false,false,0.45,trace_518,{},ALLOW,1,0.001,win,45,0.006,-0.001,0,85
2026-07-24T11:07:31.000Z,SOL/USD,RANGING_CONSOLIDATION,1.1,1.2,0.0001,false,false,true,false,false,0.45,trace_519,{},ALLOW,1,0.001,win,45,0.006,-0.001,0,85
2026-07-24T11:10:32.000Z,SOL/USD,TRENDING_BULLISH,2.5,1.2,0.0001,true,false,true,false,false,0.45,trace_520,{},ALLOW,1,0.001,loss,45,0.006,-0.001,0,85
2026-07-24T11:11:32.000Z,SOL/USD,RANGING_CONSOLIDATION,1.1,1.2,0.0001,false,false,true,false,false,0.45,trace_521,{},ALLOW,1,0.001,win,45,0.006,-0.001,0,85
2026-07-24T11:28:35.000Z,SOL/USD,TRENDING_BULLISH,1.1,1.2,0.0001,true,false,true,false,false,0.45,trace_522,{},ALLOW,1,0.001,loss,45,0.006,-0.001,0,85
2026-07-24T11:31:36.000Z,SOL/USD,RANGING_CONSOLIDATION,1.1,1.2,0.0001,false,false,true,false,false,0.45,trace_523,{},ALLOW,1,0.001,win,45,0.006,-0.001,0,85
2026-07-24T11:33:36.000Z,SOL/USD,TRENDING_BULLISH,1.1,1.2,0.0001,true,false,true,false,false,0.45,trace_524,{},ALLOW,1,0.001,win,45,0.006,-0.001,0,85
2026-07-24T11:42:39.000Z,SOL/USD,RANGING_CONSOLIDATION,2.5,1.2,0.0001,false,false,true,false,false,0.45,trace_525,{},ALLOW,1,0.001,loss,45,0.006,-0.001,0,85
2026-07-24T11:43:39.000Z,SOL/USD,TRENDING_BULLISH,1.1,1.2,0.0001,true,false,true,false,false,0.45,trace_526,{},ALLOW,1,0.001,loss,45,0.006,-0.001,0,85
2026-07-24T11:45:39.000Z,SOL/USD,RANGING_CONSOLIDATION,1.1,1.2,0.0001,false,false,true,false,false,0.45,trace_527,{},ALLOW,1,0.001,win,45,0.006,-0.001,0,85
2026-07-24T11:52:41.000Z,SOL/USD,TRENDING_BULLISH,1.1,1.2,0.0001,true,false,true,false,false,0.45,trace_528,{},ALLOW,1,0.001,loss,45,0.006,-0.001,0,85
2026-07-24T11:55:41.000Z,SOL/USD,RANGING_CONSOLIDATION,1.1,1.2,0.0001,false,false,true,false,false,0.45,trace_529,{},ALLOW,1,0.001,loss,45,0.006,-0.001,0,85
2026-07-24T11:57:42.000Z,SOL/USD,TRENDING_BULLISH,2.5,1.2,0.0001,true,false,true,false,false,0.45,trace_530,{},ALLOW,1,0.001,loss,45,0.006,-0.001,0,85
2026-07-24T11:58:42.000Z,SOL/USD,RANGING_CONSOLIDATION,1.1,1.2,0.0001,false,false,true,false,false,0.45,trace_531,{},ALLOW,1,0.001,loss,45,0.006,-0.001,0,85
2026-07-24T12:00:43.000Z,SOL/USD,TRENDING_BULLISH,1.1,1.2,0.0001,true,false,true,false,false,0.45,trace_532,{},ALLOW,1,0.001,loss,45,0.006,-0.001,0,85
2026-07-24T12:01:43.000Z,SOL/USD,RANGING_CONSOLIDATION,1.1,1.2,0.0001,false,false,true,false,false,0.45,trace_533,{},ALLOW,1,0.001,loss,45,0.006,-0.001,0,85
2026-07-24T12:02:43.000Z,SOL/USD,TRENDING_BULLISH,1.1,1.2,0.0001,true,false,true,false,false,0.45,trace_534,{},ALLOW,1,0.001,win,45,0.006,-0.001,0,85
2026-07-24T12:04:43.000Z,SOL/USD,RANGING_CONSOLIDATION,2.5,1.2,0.0001,false,false,true,false,false,0.45,trace_535,{},ALLOW,1,0.001,loss,45,0.006,-0.001,0,85
2026-07-24T12:05:44.000Z,SOL/USD,TRENDING_BULLISH,1.1,1.2,0.0001,true,false,true,false,false,0.45,trace_536,{},ALLOW,1,0.001,loss,45,0.006,-0.001,0,85
2026-07-24T12:09:45.000Z,SOL/USD,RANGING_CONSOLIDATION,1.1,1.2,0.0001,false,false,true,false,false,0.45,trace_537,{},ALLOW,1,0.001,loss,45,0.006,-0.001,0,85
2026-07-24T12:10:45.000Z,SOL/USD,TRENDING_BULLISH,1.1,1.2,0.0001,true,false,true,false,false,0.45,trace_538,{},ALLOW,1,0.001,loss,45,0.006,-0.001,0,85
2026-07-24T12:11:45.000Z,SOL/USD,RANGING_CONSOLIDATION,1.1,1.2,0.0001,false,false,true,false,false,0.45,trace_539,{},ALLOW,1,0.001,win,45,0.006,-0.001,0,85
2026-07-24T12:17:46.000Z,SOL/USD,TRENDING_BULLISH,2.5,1.2,0.0001,true,false,true,false,false,0.45,trace_540,{},ALLOW,1,0.001,win,45,0.006,-0.001,0,85
2026-07-24T12:19:47.000Z,SOL/USD,RANGING_CONSOLIDATION,1.1,1.2,0.0001,false,false,true,false,false,0.45,trace_541,{},ALLOW,1,0.001,loss,45,0.006,-0.001,0,85
2026-07-24T12:20:47.000Z,SOL/USD,TRENDING_BULLISH,1.1,1.2,0.0001,true,false,true,false,false,0.45,trace_542,{},ALLOW,1,0.001,loss,45,0.006,-0.001,0,85
2026-07-24T12:21:47.000Z,SOL/USD,RANGING_CONSOLIDATION,1.1,1.2,0.0001,false,false,true,false,false,0.45,trace_543,{},ALLOW,1,0.001,loss,45,0.006,-0.001,0,85
2026-07-24T12:32:50.000Z,SOL/USD,TRENDING_BULLISH,1.1,1.2,0.0001,true,false,true,false,false,0.45,trace_544,{},ALLOW,1,0.001,loss,45,0.006,-0.001,0,85
2026-07-24T12:35:50.000Z,SOL/USD,RANGING_CONSOLIDATION,2.5,1.2,0.0001,false,false,true,false,false,0.45,trace_545,{},ALLOW,1,0.001,loss,45,0.006,-0.001,0,85
2026-07-24T12:50:54.000Z,SOL/USD,TRENDING_BULLISH,1.1,1.2,0.0001,true,false,true,false,false,0.45,trace_546,{},ALLOW,1,0.001,loss,45,0.006,-0.001,0,85
2026-07-24T12:54:54.000Z,SOL/USD,RANGING_CONSOLIDATION,1.1,1.2,0.0001,false,false,true,false,false,0.45,trace_547,{},ALLOW,1,0.001,win,45,0.006,-0.001,0,85
2026-07-24T12:58:55.000Z,SOL/USD,TRENDING_BULLISH,1.1,1.2,0.0001,true,false,true,false,false,0.45,trace_548,{},ALLOW,1,0.001,loss,45,0.006,-0.001,0,85
2026-07-24T13:00:56.000Z,SOL/USD,RANGING_CONSOLIDATION,1.1,1.2,0.0001,false,false,true,false,false,0.45,trace_549,{},ALLOW,1,0.001,win,45,0.006,-0.001,0,85
2026-07-24T13:04:57.000Z,SOL/USD,TRENDING_BULLISH,2.5,1.2,0.0001,true,false,true,false,false,0.45,trace_550,{},ALLOW,1,0.001,loss,45,0.006,-0.001,0,85
2026-07-24T13:06:57.000Z,SOL/USD,RANGING_CONSOLIDATION,1.1,1.2,0.0001,false,false,true,false,false,0.45,trace_551,{},ALLOW,1,0.001,loss,45,0.006,-0.001,0,85
2026-07-24T13:07:57.000Z,SOL/USD,TRENDING_BULLISH,1.1,1.2,0.0001,true,false,true,false,false,0.45,trace_552,{},ALLOW,1,0.001,win,45,0.006,-0.001,0,85
2026-07-24T13:08:57.000Z,SOL/USD,RANGING_CONSOLIDATION,1.1,1.2,0.0001,false,false,true,false,false,0.45,trace_553,{},ALLOW,1,0.001,win,45,0.006,-0.001,0,85
2026-07-24T13:16:59.000Z,SOL/USD,TRENDING_BULLISH,1.1,1.2,0.0001,true,false,true,false,false,0.45,trace_554,{},ALLOW,1,0.001,win,45,0.006,-0.001,0,85
2026-07-24T13:17:59.000Z,SOL/USD,RANGING_CONSOLIDATION,2.5,1.2,0.0001,false,false,true,false,false,0.45,trace_555,{},ALLOW,1,0.001,loss,45,0.006,-0.001,0,85
2026-07-24T13:24:01.000Z,SOL/USD,TRENDING_BULLISH,1.1,1.2,0.0001,true,false,true,false,false,0.45,trace_556,{},ALLOW,1,0.001,loss,45,0.006,-0.001,0,85
2026-07-24T13:25:01.000Z,SOL/USD,RANGING_CONSOLIDATION,1.1,1.2,0.0001,false,false,true,false,false,0.45,trace_557,{},ALLOW,1,0.001,loss,45,0.006,-0.001,0,85
2026-07-24T13:30:02.000Z,SOL/USD,TRENDING_BULLISH,1.1,1.2,0.0001,true,false,true,false,false,0.45,trace_558,{},ALLOW,1,0.001,loss,45,0.006,-0.001,0,85
2026-07-24T13:35:03.000Z,SOL/USD,RANGING_CONSOLIDATION,1.1,1.2,0.0001,false,false,true,false,false,0.45,trace_559,{},ALLOW,1,0.001,win,45,0.006,-0.001,0,85
2026-07-24T13:36:03.000Z,SOL/USD,TRENDING_BULLISH,2.5,1.2,0.0001,true,false,true,false,false,0.45,trace_560,{},ALLOW,1,0.001,loss,45,0.006,-0.001,0,85
2026-07-24T13:38:04.000Z,SOL/USD,RANGING_CONSOLIDATION,1.1,1.2,0.0001,false,false,true,false,false,0.45,trace_561,{},ALLOW,1,0.001,loss,45,0.006,-0.001,0,85
2026-07-24T13:39:04.000Z,SOL/USD,TRENDING_BULLISH,1.1,1.2,0.0001,true,false,true,false,false,0.45,trace_562,{},ALLOW,1,0.001,win,45,0.006,-0.001,0,85
2026-07-24T13:42:05.000Z,SOL/USD,RANGING_CONSOLIDATION,1.1,1.2,0.0001,false,false,true,false,false,0.45,trace_563,{},ALLOW,1,0.001,loss,45,0.006,-0.001,0,85
2026-07-24T13:48:06.000Z,SOL/USD,TRENDING_BULLISH,1.1,1.2,0.0001,true,false,true,false,false,0.45,trace_564,{},ALLOW,1,0.001,loss,45,0.006,-0.001,0,85
2026-07-24T13:49:06.000Z,SOL/USD,RANGING_CONSOLIDATION,2.5,1.2,0.0001,false,false,true,false,false,0.45,trace_565,{},ALLOW,1,0.001,win,45,0.006,-0.001,0,85
2026-07-24T13:53:07.000Z,SOL/USD,TRENDING_BULLISH,1.1,1.2,0.0001,true,false,true,false,false,0.45,trace_566,{},ALLOW,1,0.001,win,45,0.006,-0.001,0,85
2026-07-24T13:56:08.000Z,SOL/USD,RANGING_CONSOLIDATION,1.1,1.2,0.0001,false,false,true,false,false,0.45,trace_567,{},ALLOW,1,0.001,loss,45,0.006,-0.001,0,85
2026-07-24T13:57:08.000Z,SOL/USD,TRENDING_BULLISH,1.1,1.2,0.0001,true,false,true,false,false,0.45,trace_568,{},ALLOW,1,0.001,loss,45,0.006,-0.001,0,85
2026-07-24T13:58:08.000Z,SOL/USD,RANGING_CONSOLIDATION,1.1,1.2,0.0001,false,false,true,false,false,0.45,trace_569,{},ALLOW,1,0.001,loss,45,0.006,-0.001,0,85
2026-07-24T14:00:09.000Z,SOL/USD,TRENDING_BULLISH,2.5,1.2,0.0001,true,false,true,false,false,0.45,trace_570,{},ALLOW,1,0.001,loss,45,0.006,-0.001,0,85
2026-07-24T14:01:09.000Z,SOL/USD,RANGING_CONSOLIDATION,1.1,1.2,0.0001,false,false,true,false,false,0.45,trace_571,{},ALLOW,1,0.001,loss,45,0.006,-0.001,0,85
2026-07-24T14:03:10.000Z,SOL/USD,TRENDING_BULLISH,1.1,1.2,0.0001,true,false,true,false,false,0.45,trace_572,{},ALLOW,1,0.001,loss,45,0.006,-0.001,0,85
2026-07-24T14:04:10.000Z,SOL/USD,RANGING_CONSOLIDATION,1.1,1.2,0.0001,false,false,true,false,false,0.45,trace_573,{},ALLOW,1,0.001,win,45,0.006,-0.001,0,85
2026-07-24T14:07:11.000Z,SOL/USD,TRENDING_BULLISH,1.1,1.2,0.0001,true,false,true,false,false,0.45,trace_574,{},ALLOW,1,0.001,loss,45,0.006,-0.001,0,85
2026-07-24T14:09:11.000Z,SOL/USD,RANGING_CONSOLIDATION,2.5,1.2,0.0001,false,false,true,false,false,0.45,trace_575,{},ALLOW,1,0.001,loss,45,0.006,-0.001,0,85
2026-07-24T14:11:12.000Z,SOL/USD,TRENDING_BULLISH,1.1,1.2,0.0001,true,false,true,false,false,0.45,trace_576,{},ALLOW,1,0.001,loss,45,0.006,-0.001,0,85
2026-07-24T14:20:13.000Z,SOL/USD,RANGING_CONSOLIDATION,1.1,1.2,0.0001,false,false,true,false,false,0.45,trace_577,{},ALLOW,1,0.001,loss,45,0.006,-0.001,0,85
2026-07-24T14:23:14.000Z,SOL/USD,TRENDING_BULLISH,1.1,1.2,0.0001,true,false,true,false,false,0.45,trace_578,{},ALLOW,1,0.001,loss,45,0.006,-0.001,0,85
2026-07-24T14:32:16.000Z,SOL/USD,RANGING_CONSOLIDATION,1.1,1.2,0.0001,false,false,true,false,false,0.45,trace_579,{},ALLOW,1,0.001,loss,45,0.006,-0.001,0,85
2026-07-24T14:38:17.000Z,SOL/USD,TRENDING_BULLISH,2.5,1.2,0.0001,true,false,true,false,false,0.45,trace_580,{},ALLOW,1,0.001,win,45,0.006,-0.001,0,85
2026-07-24T14:45:19.000Z,SOL/USD,RANGING_CONSOLIDATION,1.1,1.2,0.0001,false,false,true,false,false,0.45,trace_581,{},ALLOW,1,0.001,loss,45,0.006,-0.001,0,85
2026-07-24T14:53:21.000Z,SOL/USD,TRENDING_BULLISH,1.1,1.2,0.0001,true,false,true,false,false,0.45,trace_582,{},ALLOW,1,0.001,loss,45,0.006,-0.001,0,85
2026-07-24T14:54:21.000Z,SOL/USD,RANGING_CONSOLIDATION,1.1,1.2,0.0001,false,false,true,false,false,0.45,trace_583,{},ALLOW,1,0.001,loss,45,0.006,-0.001,0,85
2026-07-24T14:55:21.000Z,SOL/USD,TRENDING_BULLISH,1.1,1.2,0.0001,true,false,true,false,false,0.45,trace_584,{},ALLOW,1,0.001,win,45,0.006,-0.001,0,85
2026-07-24T15:00:22.000Z,SOL/USD,RANGING_CONSOLIDATION,2.5,1.2,0.0001,false,false,true,false,false,0.45,trace_585,{},ALLOW,1,0.001,win,45,0.006,-0.001,0,85
2026-07-24T15:02:23.000Z,SOL/USD,TRENDING_BULLISH,1.1,1.2,0.0001,true,false,true,false,false,0.45,trace_586,{},ALLOW,1,0.001,win,45,0.006,-0.001,0,85
2026-07-24T15:05:24.000Z,SOL/USD,RANGING_CONSOLIDATION,1.1,1.2,0.0001,false,false,true,false,false,0.45,trace_587,{},ALLOW,1,0.001,loss,45,0.006,-0.001,0,85
2026-07-24T15:06:24.000Z,SOL/USD,TRENDING_BULLISH,1.1,1.2,0.0001,true,false,true,false,false,0.45,trace_588,{},ALLOW,1,0.001,loss,45,0.006,-0.001,0,85
2026-07-24T15:07:24.000Z,SOL/USD,RANGING_CONSOLIDATION,1.1,1.2,0.0001,false,false,true,false,false,0.45,trace_589,{},ALLOW,1,0.001,loss,45,0.006,-0.001,0,85
2026-07-24T15:08:24.000Z,SOL/USD,TRENDING_BULLISH,2.5,1.2,0.0001,true,false,true,false,false,0.45,trace_590,{},ALLOW,1,0.001,win,45,0.006,-0.001,0,85
2026-07-24T15:10:25.000Z,SOL/USD,RANGING_CONSOLIDATION,1.1,1.2,0.0001,false,false,true,false,false,0.45,trace_591,{},ALLOW,1,0.001,loss,45,0.006,-0.001,0,85
2026-07-24T15:11:25.000Z,SOL/USD,TRENDING_BULLISH,1.1,1.2,0.0001,true,false,true,false,false,0.45,trace_592,{},ALLOW,1,0.001,loss,45,0.006,-0.001,0,85
2026-07-24T15:12:25.000Z,SOL/USD,RANGING_CONSOLIDATION,1.1,1.2,0.0001,false,false,true,false,false,0.45,trace_593,{},ALLOW,1,0.001,loss,45,0.006,-0.001,0,85
2026-07-24T15:13:25.000Z,SOL/USD,TRENDING_BULLISH,1.1,1.2,0.0001,true,false,true,false,false,0.45,trace_594,{},ALLOW,1,0.001,loss,45,0.006,-0.001,0,85
2026-07-24T15:14:26.000Z,SOL/USD,RANGING_CONSOLIDATION,2.5,1.2,0.0001,false,false,true,false,false,0.45,trace_595,{},ALLOW,1,0.001,win,45,0.006,-0.001,0,85
2026-07-24T15:16:26.000Z,SOL/USD,TRENDING_BULLISH,1.1,1.2,0.0001,true,false,true,false,false,0.45,trace_596,{},ALLOW,1,0.001,win,45,0.006,-0.001,0,85
2026-07-24T15:18:27.000Z,SOL/USD,RANGING_CONSOLIDATION,1.1,1.2,0.0001,false,false,true,false,false,0.45,trace_597,{},ALLOW,1,0.001,win,45,0.006,-0.001,0,85
2026-07-24T15:21:27.000Z,SOL/USD,TRENDING_BULLISH,1.1,1.2,0.0001,true,false,true,false,false,0.45,trace_598,{},ALLOW,1,0.001,loss,45,0.006,-0.001,0,85
2026-07-24T15:23:28.000Z,SOL/USD,RANGING_CONSOLIDATION,1.1,1.2,0.0001,false,false,true,false,false,0.45,trace_599,{},ALLOW,1,0.001,win,45,0.006,-0.001,0,85
2026-07-24T15:27:29.000Z,SOL/USD,TRENDING_BULLISH,2.5,1.2,0.0001,true,false,true,false,false,0.45,trace_600,{},ALLOW,1,0.001,loss,45,0.006,-0.001,0,85
2026-07-24T15:29:29.000Z,SOL/USD,RANGING_CONSOLIDATION,1.1,1.2,0.0001,false,false,true,false,false,0.45,trace_601,{},ALLOW,1,0.001,loss,45,0.006,-0.001,0,85
2026-07-24T15:33:30.000Z,SOL/USD,TRENDING_BULLISH,1.1,1.2,0.0001,true,false,true,false,false,0.45,trace_602,{},ALLOW,1,0.001,loss,45,0.006,-0.001,0,85
2026-07-24T15:35:31.000Z,SOL/USD,RANGING_CONSOLIDATION,1.1,1.2,0.0001,false,false,true,false,false,0.45,trace_603,{},ALLOW,1,0.001,loss,45,0.006,-0.001,0,85
2026-07-24T15:36:31.000Z,SOL/USD,TRENDING_BULLISH,1.1,1.2,0.0001,true,false,true,false,false,0.45,trace_604,{},ALLOW,1,0.001,loss,45,0.006,-0.001,0,85
2026-07-24T15:38:32.000Z,SOL/USD,RANGING_CONSOLIDATION,2.5,1.2,0.0001,false,false,true,false,false,0.45,trace_605,{},ALLOW,1,0.001,loss,45,0.006,-0.001,0,85
2026-07-24T15:39:32.000Z,SOL/USD,TRENDING_BULLISH,1.1,1.2,0.0001,true,false,true,false,false,0.45,trace_606,{},ALLOW,1,0.001,loss,45,0.006,-0.001,0,85
2026-07-24T15:41:32.000Z,SOL/USD,RANGING_CONSOLIDATION,1.1,1.2,0.0001,false,false,true,false,false,0.45,trace_607,{},ALLOW,1,0.001,loss,45,0.006,-0.001,0,85
2026-07-24T15:42:33.000Z,SOL/USD,TRENDING_BULLISH,1.1,1.2,0.0001,true,false,true,false,false,0.45,trace_608,{},ALLOW,1,0.001,loss,45,0.006,-0.001,0,85
2026-07-24T15:43:33.000Z,SOL/USD,RANGING_CONSOLIDATION,1.1,1.2,0.0001,false,false,true,false,false,0.45,trace_609,{},ALLOW,1,0.001,loss,45,0.006,-0.001,0,85
2026-07-24T15:44:33.000Z,SOL/USD,TRENDING_BULLISH,2.5,1.2,0.0001,true,false,true,false,false,0.45,trace_610,{},ALLOW,1,0.001,loss,45,0.006,-0.001,0,85
2026-07-24T15:50:35.000Z,SOL/USD,RANGING_CONSOLIDATION,1.1,1.2,0.0001,false,false,true,false,false,0.45,trace_611,{},ALLOW,1,0.001,loss,45,0.006,-0.001,0,85
2026-07-24T15:51:35.000Z,SOL/USD,TRENDING_BULLISH,1.1,1.2,0.0001,true,false,true,false,false,0.45,trace_612,{},ALLOW,1,0.001,loss,45,0.006,-0.001,0,85
2026-07-24T15:52:35.000Z,SOL/USD,RANGING_CONSOLIDATION,1.1,1.2,0.0001,false,false,true,false,false,0.45,trace_613,{},ALLOW,1,0.001,win,45,0.006,-0.001,0,85
2026-07-24T16:01:37.000Z,SOL/USD,TRENDING_BULLISH,1.1,1.2,0.0001,true,false,true,false,false,0.45,trace_614,{},ALLOW,1,0.001,win,45,0.006,-0.001,0,85
2026-07-24T16:05:38.000Z,SOL/USD,RANGING_CONSOLIDATION,2.5,1.2,0.0001,false,false,true,false,false,0.45,trace_615,{},ALLOW,1,0.001,loss,45,0.006,-0.001,0,85
2026-07-24T16:07:39.000Z,SOL/USD,TRENDING_BULLISH,1.1,1.2,0.0001,true,false,true,false,false,0.45,trace_616,{},ALLOW,1,0.001,loss,45,0.006,-0.001,0,85
2026-07-24T16:08:39.000Z,SOL/USD,RANGING_CONSOLIDATION,1.1,1.2,0.0001,false,false,true,false,false,0.45,trace_617,{},ALLOW,1,0.001,loss,45,0.006,-0.001,0,85
2026-07-24T16:09:39.000Z,SOL/USD,TRENDING_BULLISH,1.1,1.2,0.0001,true,false,true,false,false,0.45,trace_618,{},ALLOW,1,0.001,win,45,0.006,-0.001,0,85
2026-07-24T16:12:40.000Z,SOL/USD,RANGING_CONSOLIDATION,1.1,1.2,0.0001,false,false,true,false,false,0.45,trace_619,{},ALLOW,1,0.001,loss,45,0.006,-0.001,0,85
2026-07-24T16:16:41.000Z,SOL/USD,TRENDING_BULLISH,2.5,1.2,0.0001,true,false,true,false,false,0.45,trace_620,{},ALLOW,1,0.001,loss,45,0.006,-0.001,0,85
2026-07-24T16:19:42.000Z,SOL/USD,RANGING_CONSOLIDATION,1.1,1.2,0.0001,false,false,true,false,false,0.45,trace_621,{},ALLOW,1,0.001,loss,45,0.006,-0.001,0,85
2026-07-24T16:21:42.000Z,SOL/USD,TRENDING_BULLISH,1.1,1.2,0.0001,true,false,true,false,false,0.45,trace_622,{},ALLOW,1,0.001,loss,45,0.006,-0.001,0,85
2026-07-24T16:22:43.000Z,SOL/USD,RANGING_CONSOLIDATION,1.1,1.2,0.0001,false,false,true,false,false,0.45,trace_623,{},ALLOW,1,0.001,loss,45,0.006,-0.001,0,85
2026-07-24T16:23:43.000Z,SOL/USD,TRENDING_BULLISH,1.1,1.2,0.0001,true,false,true,false,false,0.45,trace_624,{},ALLOW,1,0.001,win,45,0.006,-0.001,0,85
2026-07-24T16:24:43.000Z,SOL/USD,RANGING_CONSOLIDATION,2.5,1.2,0.0001,false,false,true,false,false,0.45,trace_625,{},ALLOW,1,0.001,win,45,0.006,-0.001,0,85
2026-07-24T16:25:43.000Z,SOL/USD,TRENDING_BULLISH,1.1,1.2,0.0001,true,false,true,false,false,0.45,trace_626,{},ALLOW,1,0.001,loss,45,0.006,-0.001,0,85
2026-07-24T16:26:44.000Z,SOL/USD,RANGING_CONSOLIDATION,1.1,1.2,0.0001,false,false,true,false,false,0.45,trace_627,{},ALLOW,1,0.001,loss,45,0.006,-0.001,0,85
2026-07-24T16:27:44.000Z,SOL/USD,TRENDING_BULLISH,1.1,1.2,0.0001,true,false,true,false,false,0.45,trace_628,{},ALLOW,1,0.001,loss,45,0.006,-0.001,0,85
2026-07-24T16:28:44.000Z,SOL/USD,RANGING_CONSOLIDATION,1.1,1.2,0.0001,false,false,true,false,false,0.45,trace_629,{},ALLOW,1,0.001,win,45,0.006,-0.001,0,85
2026-07-24T16:29:44.000Z,SOL/USD,TRENDING_BULLISH,2.5,1.2,0.0001,true,false,true,false,false,0.45,trace_630,{},ALLOW,1,0.001,win,45,0.006,-0.001,0,85
2026-07-24T16:33:45.000Z,SOL/USD,RANGING_CONSOLIDATION,1.1,1.2,0.0001,false,false,true,false,false,0.45,trace_631,{},ALLOW,1,0.001,loss,45,0.006,-0.001,0,85
2026-07-24T16:41:47.000Z,SOL/USD,TRENDING_BULLISH,1.1,1.2,0.0001,true,false,true,false,false,0.45,trace_632,{},ALLOW,1,0.001,win,45,0.006,-0.001,0,85
2026-07-24T16:42:48.000Z,SOL/USD,RANGING_CONSOLIDATION,1.1,1.2,0.0001,false,false,true,false,false,0.45,trace_633,{},ALLOW,1,0.001,loss,45,0.006,-0.001,0,85
2026-07-24T16:45:48.000Z,SOL/USD,TRENDING_BULLISH,1.1,1.2,0.0001,true,false,true,false,false,0.45,trace_634,{},ALLOW,1,0.001,loss,45,0.006,-0.001,0,85
2026-07-24T16:50:50.000Z,SOL/USD,RANGING_CONSOLIDATION,2.5,1.2,0.0001,false,false,true,false,false,0.45,trace_635,{},ALLOW,1,0.001,win,45,0.006,-0.001,0,85
2026-07-24T16:51:50.000Z,SOL/USD,TRENDING_BULLISH,1.1,1.2,0.0001,true,false,true,false,false,0.45,trace_636,{},ALLOW,1,0.001,loss,45,0.006,-0.001,0,85
2026-07-24T16:55:51.000Z,SOL/USD,RANGING_CONSOLIDATION,1.1,1.2,0.0001,false,false,true,false,false,0.45,trace_637,{},ALLOW,1,0.001,loss,45,0.006,-0.001,0,85
2026-07-24T17:00:52.000Z,SOL/USD,TRENDING_BULLISH,1.1,1.2,0.0001,true,false,true,false,false,0.45,trace_638,{},ALLOW,1,0.001,loss,45,0.006,-0.001,0,85
2026-07-24T17:01:52.000Z,SOL/USD,RANGING_CONSOLIDATION,1.1,1.2,0.0001,false,false,true,false,false,0.45,trace_639,{},ALLOW,1,0.001,loss,45,0.006,-0.001,0,85
2026-07-24T17:08:54.000Z,SOL/USD,TRENDING_BULLISH,2.5,1.2,0.0001,true,false,true,false,false,0.45,trace_640,{},ALLOW,1,0.001,loss,45,0.006,-0.001,0,85
2026-07-24T17:11:55.000Z,SOL/USD,RANGING_CONSOLIDATION,1.1,1.2,0.0001,false,false,true,false,false,0.45,trace_641,{},ALLOW,1,0.001,loss,45,0.006,-0.001,0,85
2026-07-24T17:12:55.000Z,SOL/USD,TRENDING_BULLISH,1.1,1.2,0.0001,true,false,true,false,false,0.45,trace_642,{},ALLOW,1,0.001,loss,45,0.006,-0.001,0,85
2026-07-24T17:20:57.000Z,SOL/USD,RANGING_CONSOLIDATION,1.1,1.2,0.0001,false,false,true,false,false,0.45,trace_643,{},ALLOW,1,0.001,loss,45,0.006,-0.001,0,85
2026-07-24T17:33:00.000Z,SOL/USD,TRENDING_BULLISH,1.1,1.2,0.0001,true,false,true,false,false,0.45,trace_644,{},ALLOW,1,0.001,loss,45,0.006,-0.001,0,85
2026-07-24T17:42:01.000Z,SOL/USD,RANGING_CONSOLIDATION,2.5,1.2,0.0001,false,false,true,false,false,0.45,trace_645,{},ALLOW,1,0.001,loss,45,0.006,-0.001,0,85
2026-07-24T17:55:04.000Z,SOL/USD,TRENDING_BULLISH,1.1,1.2,0.0001,true,false,true,false,false,0.45,trace_646,{},ALLOW,1,0.001,loss,45,0.006,-0.001,0,85
2026-07-24T17:57:05.000Z,SOL/USD,RANGING_CONSOLIDATION,1.1,1.2,0.0001,false,false,true,false,false,0.45,trace_647,{},ALLOW,1,0.001,loss,45,0.006,-0.001,0,85
2026-07-24T18:00:05.000Z,SOL/USD,TRENDING_BULLISH,1.1,1.2,0.0001,true,false,true,false,false,0.45,trace_648,{},ALLOW,1,0.001,win,45,0.006,-0.001,0,85
2026-07-24T18:02:06.000Z,SOL/USD,RANGING_CONSOLIDATION,1.1,1.2,0.0001,false,false,true,false,false,0.45,trace_649,{},ALLOW,1,0.001,loss,45,0.006,-0.001,0,85
2026-07-24T18:03:06.000Z,SOL/USD,TRENDING_BULLISH,2.5,1.2,0.0001,true,false,true,false,false,0.45,trace_650,{},ALLOW,1,0.001,loss,45,0.006,-0.001,0,85
2026-07-24T18:04:06.000Z,SOL/USD,RANGING_CONSOLIDATION,1.1,1.2,0.0001,false,false,true,false,false,0.45,trace_651,{},ALLOW,1,0.001,loss,45,0.006,-0.001,0,85
2026-07-24T18:05:06.000Z,SOL/USD,TRENDING_BULLISH,1.1,1.2,0.0001,true,false,true,false,false,0.45,trace_652,{},ALLOW,1,0.001,loss,45,0.006,-0.001,0,85
2026-07-24T18:06:07.000Z,SOL/USD,RANGING_CONSOLIDATION,1.1,1.2,0.0001,false,false,true,false,false,0.45,trace_653,{},ALLOW,1,0.001,win,45,0.006,-0.001,0,85
2026-07-24T18:15:09.000Z,SOL/USD,TRENDING_BULLISH,1.1,1.2,0.0001,true,false,true,false,false,0.45,trace_654,{},ALLOW,1,0.001,loss,45,0.006,-0.001,0,85
2026-07-24T18:19:09.000Z,SOL/USD,RANGING_CONSOLIDATION,2.5,1.2,0.0001,false,false,true,false,false,0.45,trace_655,{},ALLOW,1,0.001,loss,45,0.006,-0.001,0,85
2026-07-24T18:21:10.000Z,SOL/USD,TRENDING_BULLISH,1.1,1.2,0.0001,true,false,true,false,false,0.45,trace_656,{},ALLOW,1,0.001,loss,45,0.006,-0.001,0,85
2026-07-24T18:23:10.000Z,SOL/USD,RANGING_CONSOLIDATION,1.1,1.2,0.0001,false,false,true,false,false,0.45,trace_657,{},ALLOW,1,0.001,loss,45,0.006,-0.001,0,85
2026-07-24T18:24:11.000Z,SOL/USD,TRENDING_BULLISH,1.1,1.2,0.0001,true,false,true,false,false,0.45,trace_658,{},ALLOW,1,0.001,win,45,0.006,-0.001,0,85
2026-07-24T18:33:13.000Z,SOL/USD,RANGING_CONSOLIDATION,1.1,1.2,0.0001,false,false,true,false,false,0.45,trace_659,{},ALLOW,1,0.001,win,45,0.006,-0.001,0,85
2026-07-24T18:34:13.000Z,SOL/USD,TRENDING_BULLISH,2.5,1.2,0.0001,true,false,true,false,false,0.45,trace_660,{},ALLOW,1,0.001,loss,45,0.006,-0.001,0,85
2026-07-24T18:35:13.000Z,SOL/USD,RANGING_CONSOLIDATION,1.1,1.2,0.0001,false,false,true,false,false,0.45,trace_661,{},ALLOW,1,0.001,loss,45,0.006,-0.001,0,85
2026-07-24T18:39:14.000Z,SOL/USD,TRENDING_BULLISH,1.1,1.2,0.0001,true,false,true,false,false,0.45,trace_662,{},ALLOW,1,0.001,loss,45,0.006,-0.001,0,85
2026-07-24T18:49:16.000Z,SOL/USD,RANGING_CONSOLIDATION,1.1,1.2,0.0001,false,false,true,false,false,0.45,trace_663,{},ALLOW,1,0.001,loss,45,0.006,-0.001,0,85
2026-07-24T18:51:17.000Z,SOL/USD,TRENDING_BULLISH,1.1,1.2,0.0001,true,false,true,false,false,0.45,trace_664,{},ALLOW,1,0.001,loss,45,0.006,-0.001,0,85
2026-07-24T18:53:17.000Z,SOL/USD,RANGING_CONSOLIDATION,2.5,1.2,0.0001,false,false,true,false,false,0.45,trace_665,{},ALLOW,1,0.001,loss,45,0.006,-0.001,0,85
2026-07-24T18:54:17.000Z,SOL/USD,TRENDING_BULLISH,1.1,1.2,0.0001,true,false,true,false,false,0.45,trace_666,{},ALLOW,1,0.001,loss,45,0.006,-0.001,0,85
2026-07-24T19:00:19.000Z,SOL/USD,RANGING_CONSOLIDATION,1.1,1.2,0.0001,false,false,true,false,false,0.45,trace_667,{},ALLOW,1,0.001,win,45,0.006,-0.001,0,85
2026-07-24T19:03:19.000Z,SOL/USD,TRENDING_BULLISH,1.1,1.2,0.0001,true,false,true,false,false,0.45,trace_668,{},ALLOW,1,0.001,loss,45,0.006,-0.001,0,85
2026-07-24T19:06:20.000Z,SOL/USD,RANGING_CONSOLIDATION,1.1,1.2,0.0001,false,false,true,false,false,0.45,trace_669,{},ALLOW,1,0.001,loss,45,0.006,-0.001,0,85
2026-07-24T19:07:20.000Z,SOL/USD,TRENDING_BULLISH,2.5,1.2,0.0001,true,false,true,false,false,0.45,trace_670,{},ALLOW,1,0.001,win,45,0.006,-0.001,0,85
2026-07-24T19:08:21.000Z,SOL/USD,RANGING_CONSOLIDATION,1.1,1.2,0.0001,false,false,true,false,false,0.45,trace_671,{},ALLOW,1,0.001,win,45,0.006,-0.001,0,85
2026-07-24T19:09:21.000Z,SOL/USD,TRENDING_BULLISH,1.1,1.2,0.0001,true,false,true,false,false,0.45,trace_672,{},ALLOW,1,0.001,loss,45,0.006,-0.001,0,85
2026-07-24T19:10:21.000Z,SOL/USD,RANGING_CONSOLIDATION,1.1,1.2,0.0001,false,false,true,false,false,0.45,trace_673,{},ALLOW,1,0.001,loss,45,0.006,-0.001,0,85
2026-07-24T19:11:21.000Z,SOL/USD,TRENDING_BULLISH,1.1,1.2,0.0001,true,false,true,false,false,0.45,trace_674,{},ALLOW,1,0.001,win,45,0.006,-0.001,0,85
2026-07-24T19:12:22.000Z,SOL/USD,RANGING_CONSOLIDATION,2.5,1.2,0.0001,false,false,true,false,false,0.45,trace_675,{},ALLOW,1,0.001,loss,45,0.006,-0.001,0,85
2026-07-24T19:13:22.000Z,SOL/USD,TRENDING_BULLISH,1.1,1.2,0.0001,true,false,true,false,false,0.45,trace_676,{},ALLOW,1,0.001,loss,45,0.006,-0.001,0,85
2026-07-24T19:14:22.000Z,SOL/USD,RANGING_CONSOLIDATION,1.1,1.2,0.0001,false,false,true,false,false,0.45,trace_677,{},ALLOW,1,0.001,loss,45,0.006,-0.001,0,85
2026-07-24T19:18:23.000Z,SOL/USD,TRENDING_BULLISH,1.1,1.2,0.0001,true,false,true,false,false,0.45,trace_678,{},ALLOW,1,0.001,loss,45,0.006,-0.001,0,85
2026-07-24T19:29:26.000Z,SOL/USD,RANGING_CONSOLIDATION,1.1,1.2,0.0001,false,false,true,false,false,0.45,trace_679,{},ALLOW,1,0.001,loss,45,0.006,-0.001,0,85
2026-07-24T19:31:26.000Z,SOL/USD,TRENDING_BULLISH,2.5,1.2,0.0001,true,false,true,false,false,0.45,trace_680,{},ALLOW,1,0.001,loss,45,0.006,-0.001,0,85
2026-07-24T19:34:27.000Z,SOL/USD,RANGING_CONSOLIDATION,1.1,1.2,0.0001,false,false,true,false,false,0.45,trace_681,{},ALLOW,1,0.001,loss,45,0.006,-0.001,0,85
2026-07-24T19:35:27.000Z,SOL/USD,TRENDING_BULLISH,1.1,1.2,0.0001,true,false,true,false,false,0.45,trace_682,{},ALLOW,1,0.001,loss,45,0.006,-0.001,0,85
2026-07-24T19:36:27.000Z,SOL/USD,RANGING_CONSOLIDATION,1.1,1.2,0.0001,false,false,true,false,false,0.45,trace_683,{},ALLOW,1,0.001,loss,45,0.006,-0.001,0,85
2026-07-24T19:37:27.000Z,SOL/USD,TRENDING_BULLISH,1.1,1.2,0.0001,true,false,true,false,false,0.45,trace_684,{},ALLOW,1,0.001,loss,45,0.006,-0.001,0,85
2026-07-24T19:39:28.000Z,SOL/USD,RANGING_CONSOLIDATION,2.5,1.2,0.0001,false,false,true,false,false,0.45,trace_685,{},ALLOW,1,0.001,loss,45,0.006,-0.001,0,85
2026-07-24T19:41:28.000Z,SOL/USD,TRENDING_BULLISH,1.1,1.2,0.0001,true,false,true,false,false,0.45,trace_686,{},ALLOW,1,0.001,loss,45,0.006,-0.001,0,85
2026-07-24T19:42:29.000Z,SOL/USD,RANGING_CONSOLIDATION,1.1,1.2,0.0001,false,false,true,false,false,0.45,trace_687,{},ALLOW,1,0.001,loss,45,0.006,-0.001,0,85
2026-07-24T19:55:32.000Z,SOL/USD,TRENDING_BULLISH,1.1,1.2,0.0001,true,false,true,false,false,0.45,trace_688,{},ALLOW,1,0.001,win,45,0.006,-0.001,0,85
2026-07-24T20:00:33.000Z,SOL/USD,RANGING_CONSOLIDATION,1.1,1.2,0.0001,false,false,true,false,false,0.45,trace_689,{},ALLOW,1,0.001,win,45,0.006,-0.001,0,85
2026-07-24T20:09:35.000Z,SOL/USD,TRENDING_BULLISH,2.5,1.2,0.0001,true,false,true,false,false,0.45,trace_690,{},ALLOW,1,0.001,loss,45,0.006,-0.001,0,85
2026-07-24T20:12:36.000Z,SOL/USD,RANGING_CONSOLIDATION,1.1,1.2,0.0001,false,false,true,false,false,0.45,trace_691,{},ALLOW,1,0.001,win,45,0.006,-0.001,0,85
2026-07-24T20:14:37.000Z,SOL/USD,TRENDING_BULLISH,1.1,1.2,0.0001,true,false,true,false,false,0.45,trace_692,{},ALLOW,1,0.001,win,45,0.006,-0.001,0,85
2026-07-24T20:15:37.000Z,SOL/USD,RANGING_CONSOLIDATION,1.1,1.2,0.0001,false,false,true,false,false,0.45,trace_693,{},ALLOW,1,0.001,loss,45,0.006,-0.001,0,85
2026-07-24T20:16:37.000Z,SOL/USD,TRENDING_BULLISH,1.1,1.2,0.0001,true,false,true,false,false,0.45,trace_694,{},ALLOW,1,0.001,loss,45,0.006,-0.001,0,85
2026-07-24T20:17:37.000Z,SOL/USD,RANGING_CONSOLIDATION,2.5,1.2,0.0001,false,false,true,false,false,0.45,trace_695,{},ALLOW,1,0.001,loss,45,0.006,-0.001,0,85
2026-07-24T20:18:38.000Z,SOL/USD,TRENDING_BULLISH,1.1,1.2,0.0001,true,false,true,false,false,0.45,trace_696,{},ALLOW,1,0.001,loss,45,0.006,-0.001,0,85
2026-07-24T20:29:40.000Z,SOL/USD,RANGING_CONSOLIDATION,1.1,1.2,0.0001,false,false,true,false,false,0.45,trace_697,{},ALLOW,1,0.001,loss,45,0.006,-0.001,0,85
2026-07-24T20:31:41.000Z,SOL/USD,TRENDING_BULLISH,1.1,1.2,0.0001,true,false,true,false,false,0.45,trace_698,{},ALLOW,1,0.001,loss,45,0.006,-0.001,0,85
2026-07-24T20:35:42.000Z,SOL/USD,RANGING_CONSOLIDATION,1.1,1.2,0.0001,false,false,true,false,false,0.45,trace_699,{},ALLOW,1,0.001,loss,45,0.006,-0.001,0,85
2026-07-24T20:39:43.000Z,SOL/USD,TRENDING_BULLISH,2.5,1.2,0.0001,true,false,true,false,false,0.45,trace_700,{},ALLOW,1,0.001,win,45,0.006,-0.001,0,85
2026-07-24T20:40:43.000Z,SOL/USD,RANGING_CONSOLIDATION,1.1,1.2,0.0001,false,false,true,false,false,0.45,trace_701,{},ALLOW,1,0.001,loss,45,0.006,-0.001,0,85
2026-07-24T20:42:44.000Z,SOL/USD,TRENDING_BULLISH,1.1,1.2,0.0001,true,false,true,false,false,0.45,trace_702,{},ALLOW,1,0.001,win,45,0.006,-0.001,0,85
2026-07-24T20:44:44.000Z,SOL/USD,RANGING_CONSOLIDATION,1.1,1.2,0.0001,false,false,true,false,false,0.45,trace_703,{},ALLOW,1,0.001,win,45,0.006,-0.001,0,85
2026-07-24T20:48:45.000Z,SOL/USD,TRENDING_BULLISH,1.1,1.2,0.0001,true,false,true,false,false,0.45,trace_704,{},ALLOW,1,0.001,loss,45,0.006,-0.001,0,85
2026-07-24T20:55:46.000Z,SOL/USD,RANGING_CONSOLIDATION,2.5,1.2,0.0001,false,false,true,false,false,0.45,trace_705,{},ALLOW,1,0.001,loss,45,0.006,-0.001,0,85
2026-07-24T20:58:47.000Z,SOL/USD,TRENDING_BULLISH,1.1,1.2,0.0001,true,false,true,false,false,0.45,trace_706,{},ALLOW,1,0.001,loss,45,0.006,-0.001,0,85
2026-07-24T21:01:48.000Z,SOL/USD,RANGING_CONSOLIDATION,1.1,1.2,0.0001,false,false,true,false,false,0.45,trace_707,{},ALLOW,1,0.001,loss,45,0.006,-0.001,0,85
2026-07-24T21:03:48.000Z,SOL/USD,TRENDING_BULLISH,1.1,1.2,0.0001,true,false,true,false,false,0.45,trace_708,{},ALLOW,1,0.001,win,45,0.006,-0.001,0,85
2026-07-24T21:10:50.000Z,SOL/USD,RANGING_CONSOLIDATION,1.1,1.2,0.0001,false,false,true,false,false,0.45,trace_709,{},ALLOW,1,0.001,win,45,0.006,-0.001,0,85
2026-07-24T21:13:51.000Z,SOL/USD,TRENDING_BULLISH,2.5,1.2,0.0001,true,false,true,false,false,0.45,trace_710,{},ALLOW,1,0.001,loss,45,0.006,-0.001,0,85
2026-07-24T21:14:51.000Z,SOL/USD,RANGING_CONSOLIDATION,1.1,1.2,0.0001,false,false,true,false,false,0.45,trace_711,{},ALLOW,1,0.001,loss,45,0.006,-0.001,0,85
2026-07-24T09:13:09.000Z,BNB/USD,TRENDING_BULLISH,1.1,1.2,0.0001,true,false,true,false,false,0.45,trace_712,{},ALLOW,1,0.001,loss,45,0.006,-0.001,0,85
2026-07-24T09:24:11.000Z,BNB/USD,RANGING_CONSOLIDATION,1.1,1.2,0.0001,false,false,true,false,false,0.45,trace_713,{},ALLOW,1,0.001,win,45,0.006,-0.001,0,85
2026-07-24T09:29:12.000Z,BNB/USD,TRENDING_BULLISH,1.1,1.2,0.0001,true,false,true,false,false,0.45,trace_714,{},ALLOW,1,0.001,loss,45,0.006,-0.001,0,85
2026-07-24T09:30:12.000Z,BNB/USD,RANGING_CONSOLIDATION,2.5,1.2,0.0001,false,false,true,false,false,0.45,trace_715,{},ALLOW,1,0.001,win,45,0.006,-0.001,0,85
2026-07-24T09:32:13.000Z,BNB/USD,TRENDING_BULLISH,1.1,1.2,0.0001,true,false,true,false,false,0.45,trace_716,{},ALLOW,1,0.001,win,45,0.006,-0.001,0,85
2026-07-24T09:33:13.000Z,BNB/USD,RANGING_CONSOLIDATION,1.1,1.2,0.0001,false,false,true,false,false,0.45,trace_717,{},ALLOW,1,0.001,loss,45,0.006,-0.001,0,85
2026-07-24T09:34:13.000Z,BNB/USD,TRENDING_BULLISH,1.1,1.2,0.0001,true,false,true,false,false,0.45,trace_718,{},ALLOW,1,0.001,loss,45,0.006,-0.001,0,85
2026-07-24T09:35:13.000Z,BNB/USD,RANGING_CONSOLIDATION,1.1,1.2,0.0001,false,false,true,false,false,0.45,trace_719,{},ALLOW,1,0.001,loss,45,0.006,-0.001,0,85
2026-07-24T09:36:14.000Z,BNB/USD,TRENDING_BULLISH,2.5,1.2,0.0001,true,false,true,false,false,0.45,trace_720,{},ALLOW,1,0.001,loss,45,0.006,-0.001,0,85
2026-07-24T09:37:14.000Z,BNB/USD,RANGING_CONSOLIDATION,1.1,1.2,0.0001,false,false,true,false,false,0.45,trace_721,{},ALLOW,1,0.001,loss,45,0.006,-0.001,0,85
2026-07-24T09:38:14.000Z,BNB/USD,TRENDING_BULLISH,1.1,1.2,0.0001,true,false,true,false,false,0.45,trace_722,{},ALLOW,1,0.001,loss,45,0.006,-0.001,0,85
2026-07-24T09:39:14.000Z,BNB/USD,RANGING_CONSOLIDATION,1.1,1.2,0.0001,false,false,true,false,false,0.45,trace_723,{},ALLOW,1,0.001,loss,45,0.006,-0.001,0,85
2026-07-24T09:48:16.000Z,BNB/USD,TRENDING_BULLISH,1.1,1.2,0.0001,true,false,true,false,false,0.45,trace_724,{},ALLOW,1,0.001,loss,45,0.006,-0.001,0,85
2026-07-24T09:52:17.000Z,BNB/USD,RANGING_CONSOLIDATION,2.5,1.2,0.0001,false,false,true,false,false,0.45,trace_725,{},ALLOW,1,0.001,loss,45,0.006,-0.001,0,85
2026-07-24T09:57:18.000Z,BNB/USD,TRENDING_BULLISH,1.1,1.2,0.0001,true,false,true,false,false,0.45,trace_726,{},ALLOW,1,0.001,win,45,0.006,-0.001,0,85
2026-07-24T09:58:18.000Z,BNB/USD,RANGING_CONSOLIDATION,1.1,1.2,0.0001,false,false,true,false,false,0.45,trace_727,{},ALLOW,1,0.001,loss,45,0.006,-0.001,0,85
2026-07-24T10:04:20.000Z,BNB/USD,TRENDING_BULLISH,1.1,1.2,0.0001,true,false,true,false,false,0.45,trace_728,{},ALLOW,1,0.001,win,45,0.006,-0.001,0,85
2026-07-24T10:07:20.000Z,BNB/USD,RANGING_CONSOLIDATION,1.1,1.2,0.0001,false,false,true,false,false,0.45,trace_729,{},ALLOW,1,0.001,loss,45,0.006,-0.001,0,85
2026-07-24T10:11:21.000Z,BNB/USD,TRENDING_BULLISH,2.5,1.2,0.0001,true,false,true,false,false,0.45,trace_730,{},ALLOW,1,0.001,loss,45,0.006,-0.001,0,85
2026-07-24T10:16:22.000Z,BNB/USD,RANGING_CONSOLIDATION,1.1,1.2,0.0001,false,false,true,false,false,0.45,trace_731,{},ALLOW,1,0.001,loss,45,0.006,-0.001,0,85
2026-07-24T10:17:22.000Z,BNB/USD,TRENDING_BULLISH,1.1,1.2,0.0001,true,false,true,false,false,0.45,trace_732,{},ALLOW,1,0.001,loss,45,0.006,-0.001,0,85
2026-07-24T10:18:23.000Z,BNB/USD,RANGING_CONSOLIDATION,1.1,1.2,0.0001,false,false,true,false,false,0.45,trace_733,{},ALLOW,1,0.001,loss,45,0.006,-0.001,0,85
2026-07-24T10:20:23.000Z,BNB/USD,TRENDING_BULLISH,1.1,1.2,0.0001,true,false,true,false,false,0.45,trace_734,{},ALLOW,1,0.001,win,45,0.006,-0.001,0,85
2026-07-24T10:23:24.000Z,BNB/USD,RANGING_CONSOLIDATION,2.5,1.2,0.0001,false,false,true,false,false,0.45,trace_735,{},ALLOW,1,0.001,loss,45,0.006,-0.001,0,85
2026-07-24T10:27:25.000Z,BNB/USD,TRENDING_BULLISH,1.1,1.2,0.0001,true,false,true,false,false,0.45,trace_736,{},ALLOW,1,0.001,win,45,0.006,-0.001,0,85
2026-07-24T10:29:25.000Z,BNB/USD,RANGING_CONSOLIDATION,1.1,1.2,0.0001,false,false,true,false,false,0.45,trace_737,{},ALLOW,1,0.001,win,45,0.006,-0.001,0,85
2026-07-24T10:41:28.000Z,BNB/USD,TRENDING_BULLISH,1.1,1.2,0.0001,true,false,true,false,false,0.45,trace_738,{},ALLOW,1,0.001,win,45,0.006,-0.001,0,85
2026-07-24T10:47:29.000Z,BNB/USD,RANGING_CONSOLIDATION,1.1,1.2,0.0001,false,false,true,false,false,0.45,trace_739,{},ALLOW,1,0.001,loss,45,0.006,-0.001,0,85
2026-07-24T10:48:29.000Z,BNB/USD,TRENDING_BULLISH,2.5,1.2,0.0001,true,false,true,false,false,0.45,trace_740,{},ALLOW,1,0.001,win,45,0.006,-0.001,0,85
2026-07-24T10:49:29.000Z,BNB/USD,RANGING_CONSOLIDATION,1.1,1.2,0.0001,false,false,true,false,false,0.45,trace_741,{},ALLOW,1,0.001,loss,45,0.006,-0.001,0,85
2026-07-24T10:50:30.000Z,BNB/USD,TRENDING_BULLISH,1.1,1.2,0.0001,true,false,true,false,false,0.45,trace_742,{},ALLOW,1,0.001,loss,45,0.006,-0.001,0,85
2026-07-24T10:51:30.000Z,BNB/USD,RANGING_CONSOLIDATION,1.1,1.2,0.0001,false,false,true,false,false,0.45,trace_743,{},ALLOW,1,0.001,loss,45,0.006,-0.001,0,85
2026-07-24T10:53:30.000Z,BNB/USD,TRENDING_BULLISH,1.1,1.2,0.0001,true,false,true,false,false,0.45,trace_744,{},ALLOW,1,0.001,loss,45,0.006,-0.001,0,85
2026-07-24T10:54:30.000Z,BNB/USD,RANGING_CONSOLIDATION,2.5,1.2,0.0001,false,false,true,false,false,0.45,trace_745,{},ALLOW,1,0.001,loss,45,0.006,-0.001,0,85
2026-07-24T10:55:31.000Z,BNB/USD,TRENDING_BULLISH,1.1,1.2,0.0001,true,false,true,false,false,0.45,trace_746,{},ALLOW,1,0.001,win,45,0.006,-0.001,0,85
2026-07-24T10:57:31.000Z,BNB/USD,RANGING_CONSOLIDATION,1.1,1.2,0.0001,false,false,true,false,false,0.45,trace_747,{},ALLOW,1,0.001,loss,45,0.006,-0.001,0,85
2026-07-24T10:58:31.000Z,BNB/USD,TRENDING_BULLISH,1.1,1.2,0.0001,true,false,true,false,false,0.45,trace_748,{},ALLOW,1,0.001,loss,45,0.006,-0.001,0,85
2026-07-24T11:00:32.000Z,BNB/USD,RANGING_CONSOLIDATION,1.1,1.2,0.0001,false,false,true,false,false,0.45,trace_749,{},ALLOW,1,0.001,loss,45,0.006,-0.001,0,85
2026-07-24T11:11:34.000Z,BNB/USD,TRENDING_BULLISH,2.5,1.2,0.0001,true,false,true,false,false,0.45,trace_750,{},ALLOW,1,0.001,loss,45,0.006,-0.001,0,85
2026-07-24T11:14:35.000Z,BNB/USD,RANGING_CONSOLIDATION,1.1,1.2,0.0001,false,false,true,false,false,0.45,trace_751,{},ALLOW,1,0.001,loss,45,0.006,-0.001,0,85
2026-07-24T11:17:35.000Z,BNB/USD,TRENDING_BULLISH,1.1,1.2,0.0001,true,false,true,false,false,0.45,trace_752,{},ALLOW,1,0.001,loss,45,0.006,-0.001,0,85
2026-07-24T11:26:37.000Z,BNB/USD,RANGING_CONSOLIDATION,1.1,1.2,0.0001,false,false,true,false,false,0.45,trace_753,{},ALLOW,1,0.001,loss,45,0.006,-0.001,0,85
2026-07-24T11:32:38.000Z,BNB/USD,TRENDING_BULLISH,1.1,1.2,0.0001,true,false,true,false,false,0.45,trace_754,{},ALLOW,1,0.001,loss,45,0.006,-0.001,0,85
2026-07-24T11:40:40.000Z,BNB/USD,RANGING_CONSOLIDATION,2.5,1.2,0.0001,false,false,true,false,false,0.45,trace_755,{},ALLOW,1,0.001,loss,45,0.006,-0.001,0,85
2026-07-24T11:41:40.000Z,BNB/USD,TRENDING_BULLISH,1.1,1.2,0.0001,true,false,true,false,false,0.45,trace_756,{},ALLOW,1,0.001,loss,45,0.006,-0.001,0,85
2026-07-24T11:43:41.000Z,BNB/USD,RANGING_CONSOLIDATION,1.1,1.2,0.0001,false,false,true,false,false,0.45,trace_757,{},ALLOW,1,0.001,loss,45,0.006,-0.001,0,85
2026-07-24T11:44:41.000Z,BNB/USD,TRENDING_BULLISH,1.1,1.2,0.0001,true,false,true,false,false,0.45,trace_758,{},ALLOW,1,0.001,loss,45,0.006,-0.001,0,85
2026-07-24T11:50:42.000Z,BNB/USD,RANGING_CONSOLIDATION,1.1,1.2,0.0001,false,false,true,false,false,0.45,trace_759,{},ALLOW,1,0.001,win,45,0.006,-0.001,0,85
2026-07-24T11:52:43.000Z,BNB/USD,TRENDING_BULLISH,2.5,1.2,0.0001,true,false,true,false,false,0.45,trace_760,{},ALLOW,1,0.001,loss,45,0.006,-0.001,0,85
2026-07-24T11:53:43.000Z,BNB/USD,RANGING_CONSOLIDATION,1.1,1.2,0.0001,false,false,true,false,false,0.45,trace_761,{},ALLOW,1,0.001,win,45,0.006,-0.001,0,85
2026-07-24T11:55:43.000Z,BNB/USD,TRENDING_BULLISH,1.1,1.2,0.0001,true,false,true,false,false,0.45,trace_762,{},ALLOW,1,0.001,loss,45,0.006,-0.001,0,85
2026-07-24T11:56:44.000Z,BNB/USD,RANGING_CONSOLIDATION,1.1,1.2,0.0001,false,false,true,false,false,0.45,trace_763,{},ALLOW,1,0.001,loss,45,0.006,-0.001,0,85
2026-07-24T11:57:44.000Z,BNB/USD,TRENDING_BULLISH,1.1,1.2,0.0001,true,false,true,false,false,0.45,trace_764,{},ALLOW,1,0.001,loss,45,0.006,-0.001,0,85
2026-07-24T11:58:44.000Z,BNB/USD,RANGING_CONSOLIDATION,2.5,1.2,0.0001,false,false,true,false,false,0.45,trace_765,{},ALLOW,1,0.001,loss,45,0.006,-0.001,0,85
2026-07-24T12:00:45.000Z,BNB/USD,TRENDING_BULLISH,1.1,1.2,0.0001,true,false,true,false,false,0.45,trace_766,{},ALLOW,1,0.001,win,45,0.006,-0.001,0,85
2026-07-24T12:07:46.000Z,BNB/USD,RANGING_CONSOLIDATION,1.1,1.2,0.0001,false,false,true,false,false,0.45,trace_767,{},ALLOW,1,0.001,loss,45,0.006,-0.001,0,85
2026-07-24T12:09:47.000Z,BNB/USD,TRENDING_BULLISH,1.1,1.2,0.0001,true,false,true,false,false,0.45,trace_768,{},ALLOW,1,0.001,loss,45,0.006,-0.001,0,85
2026-07-24T12:10:47.000Z,BNB/USD,RANGING_CONSOLIDATION,1.1,1.2,0.0001,false,false,true,false,false,0.45,trace_769,{},ALLOW,1,0.001,loss,45,0.006,-0.001,0,85
2026-07-24T12:15:48.000Z,BNB/USD,TRENDING_BULLISH,2.5,1.2,0.0001,true,false,true,false,false,0.45,trace_770,{},ALLOW,1,0.001,loss,45,0.006,-0.001,0,85
2026-07-24T12:18:49.000Z,BNB/USD,RANGING_CONSOLIDATION,1.1,1.2,0.0001,false,false,true,false,false,0.45,trace_771,{},ALLOW,1,0.001,win,45,0.006,-0.001,0,85
2026-07-24T12:20:49.000Z,BNB/USD,TRENDING_BULLISH,1.1,1.2,0.0001,true,false,true,false,false,0.45,trace_772,{},ALLOW,1,0.001,loss,45,0.006,-0.001,0,85
2026-07-24T12:22:50.000Z,BNB/USD,RANGING_CONSOLIDATION,1.1,1.2,0.0001,false,false,true,false,false,0.45,trace_773,{},ALLOW,1,0.001,loss,45,0.006,-0.001,0,85
2026-07-24T12:23:50.000Z,BNB/USD,TRENDING_BULLISH,1.1,1.2,0.0001,true,false,true,false,false,0.45,trace_774,{},ALLOW,1,0.001,loss,45,0.006,-0.001,0,85
2026-07-24T12:26:50.000Z,BNB/USD,RANGING_CONSOLIDATION,2.5,1.2,0.0001,false,false,true,false,false,0.45,trace_775,{},ALLOW,1,0.001,loss,45,0.006,-0.001,0,85
2026-07-24T12:28:51.000Z,BNB/USD,TRENDING_BULLISH,1.1,1.2,0.0001,true,false,true,false,false,0.45,trace_776,{},ALLOW,1,0.001,win,45,0.006,-0.001,0,85
2026-07-24T12:30:51.000Z,BNB/USD,RANGING_CONSOLIDATION,1.1,1.2,0.0001,false,false,true,false,false,0.45,trace_777,{},ALLOW,1,0.001,loss,45,0.006,-0.001,0,85
2026-07-24T12:32:52.000Z,BNB/USD,TRENDING_BULLISH,1.1,1.2,0.0001,true,false,true,false,false,0.45,trace_778,{},ALLOW,1,0.001,win,45,0.006,-0.001,0,85
2026-07-24T12:34:52.000Z,BNB/USD,RANGING_CONSOLIDATION,1.1,1.2,0.0001,false,false,true,false,false,0.45,trace_779,{},ALLOW,1,0.001,win,45,0.006,-0.001,0,85
2026-07-24T12:39:53.000Z,BNB/USD,TRENDING_BULLISH,2.5,1.2,0.0001,true,false,true,false,false,0.45,trace_780,{},ALLOW,1,0.001,win,45,0.006,-0.001,0,85
2026-07-24T12:41:54.000Z,BNB/USD,RANGING_CONSOLIDATION,1.1,1.2,0.0001,false,false,true,false,false,0.45,trace_781,{},ALLOW,1,0.001,loss,45,0.006,-0.001,0,85
2026-07-24T12:42:54.000Z,BNB/USD,TRENDING_BULLISH,1.1,1.2,0.0001,true,false,true,false,false,0.45,trace_782,{},ALLOW,1,0.001,loss,45,0.006,-0.001,0,85
2026-07-24T12:44:54.000Z,BNB/USD,RANGING_CONSOLIDATION,1.1,1.2,0.0001,false,false,true,false,false,0.45,trace_783,{},ALLOW,1,0.001,loss,45,0.006,-0.001,0,85
2026-07-24T12:47:55.000Z,BNB/USD,TRENDING_BULLISH,1.1,1.2,0.0001,true,false,true,false,false,0.45,trace_784,{},ALLOW,1,0.001,loss,45,0.006,-0.001,0,85
2026-07-24T12:49:55.000Z,BNB/USD,RANGING_CONSOLIDATION,2.5,1.2,0.0001,false,false,true,false,false,0.45,trace_785,{},ALLOW,1,0.001,loss,45,0.006,-0.001,0,85
2026-07-24T12:51:56.000Z,BNB/USD,TRENDING_BULLISH,1.1,1.2,0.0001,true,false,true,false,false,0.45,trace_786,{},ALLOW,1,0.001,win,45,0.006,-0.001,0,85
2026-07-24T12:52:56.000Z,BNB/USD,RANGING_CONSOLIDATION,1.1,1.2,0.0001,false,false,true,false,false,0.45,trace_787,{},ALLOW,1,0.001,loss,45,0.006,-0.001,0,85
2026-07-24T12:54:56.000Z,BNB/USD,TRENDING_BULLISH,1.1,1.2,0.0001,true,false,true,false,false,0.45,trace_788,{},ALLOW,1,0.001,loss,45,0.006,-0.001,0,85
2026-07-24T12:55:57.000Z,BNB/USD,RANGING_CONSOLIDATION,1.1,1.2,0.0001,false,false,true,false,false,0.45,trace_789,{},ALLOW,1,0.001,win,45,0.006,-0.001,0,85
2026-07-24T12:56:57.000Z,BNB/USD,TRENDING_BULLISH,2.5,1.2,0.0001,true,false,true,false,false,0.45,trace_790,{},ALLOW,1,0.001,loss,45,0.006,-0.001,0,85
2026-07-24T12:57:57.000Z,BNB/USD,RANGING_CONSOLIDATION,1.1,1.2,0.0001,false,false,true,false,false,0.45,trace_791,{},ALLOW,1,0.001,loss,45,0.006,-0.001,0,85
2026-07-24T13:00:58.000Z,BNB/USD,TRENDING_BULLISH,1.1,1.2,0.0001,true,false,true,false,false,0.45,trace_792,{},ALLOW,1,0.001,loss,45,0.006,-0.001,0,85
2026-07-24T13:01:58.000Z,BNB/USD,RANGING_CONSOLIDATION,1.1,1.2,0.0001,false,false,true,false,false,0.45,trace_793,{},ALLOW,1,0.001,loss,45,0.006,-0.001,0,85
2026-07-24T13:02:58.000Z,BNB/USD,TRENDING_BULLISH,1.1,1.2,0.0001,true,false,true,false,false,0.45,trace_794,{},ALLOW,1,0.001,win,45,0.006,-0.001,0,85
2026-07-24T13:04:59.000Z,BNB/USD,RANGING_CONSOLIDATION,2.5,1.2,0.0001,false,false,true,false,false,0.45,trace_795,{},ALLOW,1,0.001,win,45,0.006,-0.001,0,85
2026-07-24T13:06:59.000Z,BNB/USD,TRENDING_BULLISH,1.1,1.2,0.0001,true,false,true,false,false,0.45,trace_796,{},ALLOW,1,0.001,loss,45,0.006,-0.001,0,85
2026-07-24T13:08:59.000Z,BNB/USD,RANGING_CONSOLIDATION,1.1,1.2,0.0001,false,false,true,false,false,0.45,trace_797,{},ALLOW,1,0.001,loss,45,0.006,-0.001,0,85
2026-07-24T13:10:00.000Z,BNB/USD,TRENDING_BULLISH,1.1,1.2,0.0001,true,false,true,false,false,0.45,trace_798,{},ALLOW,1,0.001,win,45,0.006,-0.001,0,85
2026-07-24T13:18:01.000Z,BNB/USD,RANGING_CONSOLIDATION,1.1,1.2,0.0001,false,false,true,false,false,0.45,trace_799,{},ALLOW,1,0.001,loss,45,0.006,-0.001,0,85
2026-07-24T13:19:02.000Z,BNB/USD,TRENDING_BULLISH,2.5,1.2,0.0001,true,false,true,false,false,0.45,trace_800,{},ALLOW,1,0.001,win,45,0.006,-0.001,0,85
2026-07-24T13:26:03.000Z,BNB/USD,RANGING_CONSOLIDATION,1.1,1.2,0.0001,false,false,true,false,false,0.45,trace_801,{},ALLOW,1,0.001,win,45,0.006,-0.001,0,85
2026-07-24T13:29:04.000Z,BNB/USD,TRENDING_BULLISH,1.1,1.2,0.0001,true,false,true,false,false,0.45,trace_802,{},ALLOW,1,0.001,loss,45,0.006,-0.001,0,85
2026-07-24T13:31:04.000Z,BNB/USD,RANGING_CONSOLIDATION,1.1,1.2,0.0001,false,false,true,false,false,0.45,trace_803,{},ALLOW,1,0.001,loss,45,0.006,-0.001,0,85
2026-07-24T13:33:05.000Z,BNB/USD,TRENDING_BULLISH,1.1,1.2,0.0001,true,false,true,false,false,0.45,trace_804,{},ALLOW,1,0.001,win,45,0.006,-0.001,0,85
2026-07-24T13:40:06.000Z,BNB/USD,RANGING_CONSOLIDATION,2.5,1.2,0.0001,false,false,true,false,false,0.45,trace_805,{},ALLOW,1,0.001,loss,45,0.006,-0.001,0,85
2026-07-24T14:01:11.000Z,BNB/USD,TRENDING_BULLISH,1.1,1.2,0.0001,true,false,true,false,false,0.45,trace_806,{},ALLOW,1,0.001,win,45,0.006,-0.001,0,85
2026-07-24T14:08:13.000Z,BNB/USD,RANGING_CONSOLIDATION,1.1,1.2,0.0001,false,false,true,false,false,0.45,trace_807,{},ALLOW,1,0.001,loss,45,0.006,-0.001,0,85
2026-07-24T14:10:13.000Z,BNB/USD,TRENDING_BULLISH,1.1,1.2,0.0001,true,false,true,false,false,0.45,trace_808,{},ALLOW,1,0.001,loss,45,0.006,-0.001,0,85
2026-07-24T14:12:14.000Z,BNB/USD,RANGING_CONSOLIDATION,1.1,1.2,0.0001,false,false,true,false,false,0.45,trace_809,{},ALLOW,1,0.001,win,45,0.006,-0.001,0,85
2026-07-24T14:14:14.000Z,BNB/USD,TRENDING_BULLISH,2.5,1.2,0.0001,true,false,true,false,false,0.45,trace_810,{},ALLOW,1,0.001,loss,45,0.006,-0.001,0,85
2026-07-24T14:15:14.000Z,BNB/USD,RANGING_CONSOLIDATION,1.1,1.2,0.0001,false,false,true,false,false,0.45,trace_811,{},ALLOW,1,0.001,win,45,0.006,-0.001,0,85
2026-07-24T14:16:15.000Z,BNB/USD,TRENDING_BULLISH,1.1,1.2,0.0001,true,false,true,false,false,0.45,trace_812,{},ALLOW,1,0.001,win,45,0.006,-0.001,0,85
2026-07-24T14:19:15.000Z,BNB/USD,RANGING_CONSOLIDATION,1.1,1.2,0.0001,false,false,true,false,false,0.45,trace_813,{},ALLOW,1,0.001,win,45,0.006,-0.001,0,85
2026-07-24T14:28:17.000Z,BNB/USD,TRENDING_BULLISH,1.1,1.2,0.0001,true,false,true,false,false,0.45,trace_814,{},ALLOW,1,0.001,loss,45,0.006,-0.001,0,85
2026-07-24T14:32:18.000Z,BNB/USD,RANGING_CONSOLIDATION,2.5,1.2,0.0001,false,false,true,false,false,0.45,trace_815,{},ALLOW,1,0.001,loss,45,0.006,-0.001,0,85
2026-07-24T14:36:19.000Z,BNB/USD,TRENDING_BULLISH,1.1,1.2,0.0001,true,false,true,false,false,0.45,trace_816,{},ALLOW,1,0.001,loss,45,0.006,-0.001,0,85
2026-07-24T14:41:20.000Z,BNB/USD,RANGING_CONSOLIDATION,1.1,1.2,0.0001,false,false,true,false,false,0.45,trace_817,{},ALLOW,1,0.001,loss,45,0.006,-0.001,0,85
2026-07-24T14:42:20.000Z,BNB/USD,TRENDING_BULLISH,1.1,1.2,0.0001,true,false,true,false,false,0.45,trace_818,{},ALLOW,1,0.001,loss,45,0.006,-0.001,0,85
2026-07-24T14:47:21.000Z,BNB/USD,RANGING_CONSOLIDATION,1.1,1.2,0.0001,false,false,true,false,false,0.45,trace_819,{},ALLOW,1,0.001,loss,45,0.006,-0.001,0,85
2026-07-24T14:55:23.000Z,BNB/USD,TRENDING_BULLISH,2.5,1.2,0.0001,true,false,true,false,false,0.45,trace_820,{},ALLOW,1,0.001,win,45,0.006,-0.001,0,85
2026-07-24T14:59:24.000Z,BNB/USD,RANGING_CONSOLIDATION,1.1,1.2,0.0001,false,false,true,false,false,0.45,trace_821,{},ALLOW,1,0.001,loss,45,0.006,-0.001,0,85
2026-07-24T15:01:24.000Z,BNB/USD,TRENDING_BULLISH,1.1,1.2,0.0001,true,false,true,false,false,0.45,trace_822,{},ALLOW,1,0.001,loss,45,0.006,-0.001,0,85
2026-07-24T15:02:25.000Z,BNB/USD,RANGING_CONSOLIDATION,1.1,1.2,0.0001,false,false,true,false,false,0.45,trace_823,{},ALLOW,1,0.001,loss,45,0.006,-0.001,0,85
2026-07-24T15:03:25.000Z,BNB/USD,TRENDING_BULLISH,1.1,1.2,0.0001,true,false,true,false,false,0.45,trace_824,{},ALLOW,1,0.001,win,45,0.006,-0.001,0,85
2026-07-24T15:11:27.000Z,BNB/USD,RANGING_CONSOLIDATION,2.5,1.2,0.0001,false,false,true,false,false,0.45,trace_825,{},ALLOW,1,0.001,win,45,0.006,-0.001,0,85
2026-07-24T15:17:28.000Z,BNB/USD,TRENDING_BULLISH,1.1,1.2,0.0001,true,false,true,false,false,0.45,trace_826,{},ALLOW,1,0.001,loss,45,0.006,-0.001,0,85
2026-07-24T15:18:28.000Z,BNB/USD,RANGING_CONSOLIDATION,1.1,1.2,0.0001,false,false,true,false,false,0.45,trace_827,{},ALLOW,1,0.001,loss,45,0.006,-0.001,0,85
2026-07-24T15:19:28.000Z,BNB/USD,TRENDING_BULLISH,1.1,1.2,0.0001,true,false,true,false,false,0.45,trace_828,{},ALLOW,1,0.001,loss,45,0.006,-0.001,0,85
2026-07-24T15:20:29.000Z,BNB/USD,RANGING_CONSOLIDATION,1.1,1.2,0.0001,false,false,true,false,false,0.45,trace_829,{},ALLOW,1,0.001,win,45,0.006,-0.001,0,85
2026-07-24T15:22:29.000Z,BNB/USD,TRENDING_BULLISH,2.5,1.2,0.0001,true,false,true,false,false,0.45,trace_830,{},ALLOW,1,0.001,loss,45,0.006,-0.001,0,85
2026-07-24T15:23:29.000Z,BNB/USD,RANGING_CONSOLIDATION,1.1,1.2,0.0001,false,false,true,false,false,0.45,trace_831,{},ALLOW,1,0.001,loss,45,0.006,-0.001,0,85
2026-07-24T15:25:30.000Z,BNB/USD,TRENDING_BULLISH,1.1,1.2,0.0001,true,false,true,false,false,0.45,trace_832,{},ALLOW,1,0.001,win,45,0.006,-0.001,0,85
2026-07-24T15:27:30.000Z,BNB/USD,RANGING_CONSOLIDATION,1.1,1.2,0.0001,false,false,true,false,false,0.45,trace_833,{},ALLOW,1,0.001,loss,45,0.006,-0.001,0,85
2026-07-24T15:28:31.000Z,BNB/USD,TRENDING_BULLISH,1.1,1.2,0.0001,true,false,true,false,false,0.45,trace_834,{},ALLOW,1,0.001,loss,45,0.006,-0.001,0,85
2026-07-24T15:29:31.000Z,BNB/USD,RANGING_CONSOLIDATION,2.5,1.2,0.0001,false,false,true,false,false,0.45,trace_835,{},ALLOW,1,0.001,win,45,0.006,-0.001,0,85
2026-07-24T15:32:32.000Z,BNB/USD,TRENDING_BULLISH,1.1,1.2,0.0001,true,false,true,false,false,0.45,trace_836,{},ALLOW,1,0.001,loss,45,0.006,-0.001,0,85
2026-07-24T15:34:32.000Z,BNB/USD,RANGING_CONSOLIDATION,1.1,1.2,0.0001,false,false,true,false,false,0.45,trace_837,{},ALLOW,1,0.001,loss,45,0.006,-0.001,0,85
2026-07-24T15:35:32.000Z,BNB/USD,TRENDING_BULLISH,1.1,1.2,0.0001,true,false,true,false,false,0.45,trace_838,{},ALLOW,1,0.001,loss,45,0.006,-0.001,0,85
2026-07-24T15:36:33.000Z,BNB/USD,RANGING_CONSOLIDATION,1.1,1.2,0.0001,false,false,true,false,false,0.45,trace_839,{},ALLOW,1,0.001,loss,45,0.006,-0.001,0,85
2026-07-24T15:40:34.000Z,BNB/USD,TRENDING_BULLISH,2.5,1.2,0.0001,true,false,true,false,false,0.45,trace_840,{},ALLOW,1,0.001,loss,45,0.006,-0.001,0,85
2026-07-24T15:41:34.000Z,BNB/USD,RANGING_CONSOLIDATION,1.1,1.2,0.0001,false,false,true,false,false,0.45,trace_841,{},ALLOW,1,0.001,loss,45,0.006,-0.001,0,85
2026-07-24T15:42:34.000Z,BNB/USD,TRENDING_BULLISH,1.1,1.2,0.0001,true,false,true,false,false,0.45,trace_842,{},ALLOW,1,0.001,loss,45,0.006,-0.001,0,85
2026-07-24T15:43:34.000Z,BNB/USD,RANGING_CONSOLIDATION,1.1,1.2,0.0001,false,false,true,false,false,0.45,trace_843,{},ALLOW,1,0.001,loss,45,0.006,-0.001,0,85
2026-07-24T15:45:35.000Z,BNB/USD,TRENDING_BULLISH,1.1,1.2,0.0001,true,false,true,false,false,0.45,trace_844,{},ALLOW,1,0.001,win,45,0.006,-0.001,0,85
2026-07-24T15:49:36.000Z,BNB/USD,RANGING_CONSOLIDATION,2.5,1.2,0.0001,false,false,true,false,false,0.45,trace_845,{},ALLOW,1,0.001,loss,45,0.006,-0.001,0,85
2026-07-24T15:51:36.000Z,BNB/USD,TRENDING_BULLISH,1.1,1.2,0.0001,true,false,true,false,false,0.45,trace_846,{},ALLOW,1,0.001,win,45,0.006,-0.001,0,85
2026-07-24T15:53:37.000Z,BNB/USD,RANGING_CONSOLIDATION,1.1,1.2,0.0001,false,false,true,false,false,0.45,trace_847,{},ALLOW,1,0.001,loss,45,0.006,-0.001,0,85
2026-07-24T15:56:38.000Z,BNB/USD,TRENDING_BULLISH,1.1,1.2,0.0001,true,false,true,false,false,0.45,trace_848,{},ALLOW,1,0.001,win,45,0.006,-0.001,0,85
2026-07-24T15:58:38.000Z,BNB/USD,RANGING_CONSOLIDATION,1.1,1.2,0.0001,false,false,true,false,false,0.45,trace_849,{},ALLOW,1,0.001,loss,45,0.006,-0.001,0,85
2026-07-24T15:59:38.000Z,BNB/USD,TRENDING_BULLISH,2.5,1.2,0.0001,true,false,true,false,false,0.45,trace_850,{},ALLOW,1,0.001,loss,45,0.006,-0.001,0,85
2026-07-24T16:06:40.000Z,BNB/USD,RANGING_CONSOLIDATION,1.1,1.2,0.0001,false,false,true,false,false,0.45,trace_851,{},ALLOW,1,0.001,loss,45,0.006,-0.001,0,85
2026-07-24T16:14:42.000Z,BNB/USD,TRENDING_BULLISH,1.1,1.2,0.0001,true,false,true,false,false,0.45,trace_852,{},ALLOW,1,0.001,loss,45,0.006,-0.001,0,85
2026-07-24T16:15:42.000Z,BNB/USD,RANGING_CONSOLIDATION,1.1,1.2,0.0001,false,false,true,false,false,0.45,trace_853,{},ALLOW,1,0.001,loss,45,0.006,-0.001,0,85
2026-07-24T16:17:43.000Z,BNB/USD,TRENDING_BULLISH,1.1,1.2,0.0001,true,false,true,false,false,0.45,trace_854,{},ALLOW,1,0.001,loss,45,0.006,-0.001,0,85
2026-07-24T16:18:43.000Z,BNB/USD,RANGING_CONSOLIDATION,2.5,1.2,0.0001,false,false,true,false,false,0.45,trace_855,{},ALLOW,1,0.001,win,45,0.006,-0.001,0,85
2026-07-24T16:22:44.000Z,BNB/USD,TRENDING_BULLISH,1.1,1.2,0.0001,true,false,true,false,false,0.45,trace_856,{},ALLOW,1,0.001,win,45,0.006,-0.001,0,85
2026-07-24T16:39:48.000Z,BNB/USD,RANGING_CONSOLIDATION,1.1,1.2,0.0001,false,false,true,false,false,0.45,trace_857,{},ALLOW,1,0.001,win,45,0.006,-0.001,0,85
2026-07-24T16:40:49.000Z,BNB/USD,TRENDING_BULLISH,1.1,1.2,0.0001,true,false,true,false,false,0.45,trace_858,{},ALLOW,1,0.001,win,45,0.006,-0.001,0,85
2026-07-24T16:41:49.000Z,BNB/USD,RANGING_CONSOLIDATION,1.1,1.2,0.0001,false,false,true,false,false,0.45,trace_859,{},ALLOW,1,0.001,loss,45,0.006,-0.001,0,85
2026-07-24T16:42:49.000Z,BNB/USD,TRENDING_BULLISH,2.5,1.2,0.0001,true,false,true,false,false,0.45,trace_860,{},ALLOW,1,0.001,loss,45,0.006,-0.001,0,85
2026-07-24T16:43:49.000Z,BNB/USD,RANGING_CONSOLIDATION,1.1,1.2,0.0001,false,false,true,false,false,0.45,trace_861,{},ALLOW,1,0.001,loss,45,0.006,-0.001,0,85
2026-07-24T16:46:50.000Z,BNB/USD,TRENDING_BULLISH,1.1,1.2,0.0001,true,false,true,false,false,0.45,trace_862,{},ALLOW,1,0.001,loss,45,0.006,-0.001,0,85
2026-07-24T16:47:50.000Z,BNB/USD,RANGING_CONSOLIDATION,1.1,1.2,0.0001,false,false,true,false,false,0.45,trace_863,{},ALLOW,1,0.001,win,45,0.006,-0.001,0,85
2026-07-24T16:48:51.000Z,BNB/USD,TRENDING_BULLISH,1.1,1.2,0.0001,true,false,true,false,false,0.45,trace_864,{},ALLOW,1,0.001,loss,45,0.006,-0.001,0,85
2026-07-24T16:49:51.000Z,BNB/USD,RANGING_CONSOLIDATION,2.5,1.2,0.0001,false,false,true,false,false,0.45,trace_865,{},ALLOW,1,0.001,loss,45,0.006,-0.001,0,85
2026-07-24T16:50:51.000Z,BNB/USD,TRENDING_BULLISH,1.1,1.2,0.0001,true,false,true,false,false,0.45,trace_866,{},ALLOW,1,0.001,loss,45,0.006,-0.001,0,85
2026-07-24T16:51:51.000Z,BNB/USD,RANGING_CONSOLIDATION,1.1,1.2,0.0001,false,false,true,false,false,0.45,trace_867,{},ALLOW,1,0.001,loss,45,0.006,-0.001,0,85
2026-07-24T16:52:52.000Z,BNB/USD,TRENDING_BULLISH,1.1,1.2,0.0001,true,false,true,false,false,0.45,trace_868,{},ALLOW,1,0.001,loss,45,0.006,-0.001,0,85
2026-07-24T16:56:53.000Z,BNB/USD,RANGING_CONSOLIDATION,1.1,1.2,0.0001,false,false,true,false,false,0.45,trace_869,{},ALLOW,1,0.001,loss,45,0.006,-0.001,0,85
2026-07-24T16:58:53.000Z,BNB/USD,TRENDING_BULLISH,2.5,1.2,0.0001,true,false,true,false,false,0.45,trace_870,{},ALLOW,1,0.001,win,45,0.006,-0.001,0,85
2026-07-24T16:59:53.000Z,BNB/USD,RANGING_CONSOLIDATION,1.1,1.2,0.0001,false,false,true,false,false,0.45,trace_871,{},ALLOW,1,0.001,loss,45,0.006,-0.001,0,85
2026-07-24T17:00:54.000Z,BNB/USD,TRENDING_BULLISH,1.1,1.2,0.0001,true,false,true,false,false,0.45,trace_872,{},ALLOW,1,0.001,loss,45,0.006,-0.001,0,85
2026-07-24T17:01:54.000Z,BNB/USD,RANGING_CONSOLIDATION,1.1,1.2,0.0001,false,false,true,false,false,0.45,trace_873,{},ALLOW,1,0.001,win,45,0.006,-0.001,0,85
2026-07-24T17:08:56.000Z,BNB/USD,TRENDING_BULLISH,1.1,1.2,0.0001,true,false,true,false,false,0.45,trace_874,{},ALLOW,1,0.001,win,45,0.006,-0.001,0,85
2026-07-24T17:17:58.000Z,BNB/USD,RANGING_CONSOLIDATION,2.5,1.2,0.0001,false,false,true,false,false,0.45,trace_875,{},ALLOW,1,0.001,loss,45,0.006,-0.001,0,85
2026-07-24T17:18:58.000Z,BNB/USD,TRENDING_BULLISH,1.1,1.2,0.0001,true,false,true,false,false,0.45,trace_876,{},ALLOW,1,0.001,loss,45,0.006,-0.001,0,85
2026-07-24T17:21:59.000Z,BNB/USD,RANGING_CONSOLIDATION,1.1,1.2,0.0001,false,false,true,false,false,0.45,trace_877,{},ALLOW,1,0.001,win,45,0.006,-0.001,0,85
2026-07-24T17:22:59.000Z,BNB/USD,TRENDING_BULLISH,1.1,1.2,0.0001,true,false,true,false,false,0.45,trace_878,{},ALLOW,1,0.001,win,45,0.006,-0.001,0,85
2026-07-24T17:23:59.000Z,BNB/USD,RANGING_CONSOLIDATION,1.1,1.2,0.0001,false,false,true,false,false,0.45,trace_879,{},ALLOW,1,0.001,loss,45,0.006,-0.001,0,85
2026-07-24T17:25:00.000Z,BNB/USD,TRENDING_BULLISH,2.5,1.2,0.0001,true,false,true,false,false,0.45,trace_880,{},ALLOW,1,0.001,loss,45,0.006,-0.001,0,85
2026-07-24T17:26:00.000Z,BNB/USD,RANGING_CONSOLIDATION,1.1,1.2,0.0001,false,false,true,false,false,0.45,trace_881,{},ALLOW,1,0.001,win,45,0.006,-0.001,0,85
2026-07-24T17:27:00.000Z,BNB/USD,TRENDING_BULLISH,1.1,1.2,0.0001,true,false,true,false,false,0.45,trace_882,{},ALLOW,1,0.001,win,45,0.006,-0.001,0,85
2026-07-24T17:29:01.000Z,BNB/USD,RANGING_CONSOLIDATION,1.1,1.2,0.0001,false,false,true,false,false,0.45,trace_883,{},ALLOW,1,0.001,loss,45,0.006,-0.001,0,85
2026-07-24T17:31:01.000Z,BNB/USD,TRENDING_BULLISH,1.1,1.2,0.0001,true,false,true,false,false,0.45,trace_884,{},ALLOW,1,0.001,loss,45,0.006,-0.001,0,85
2026-07-24T17:32:01.000Z,BNB/USD,RANGING_CONSOLIDATION,2.5,1.2,0.0001,false,false,true,false,false,0.45,trace_885,{},ALLOW,1,0.001,loss,45,0.006,-0.001,0,85
2026-07-24T17:34:02.000Z,BNB/USD,TRENDING_BULLISH,1.1,1.2,0.0001,true,false,true,false,false,0.45,trace_886,{},ALLOW,1,0.001,win,45,0.006,-0.001,0,85
2026-07-24T17:38:02.000Z,BNB/USD,RANGING_CONSOLIDATION,1.1,1.2,0.0001,false,false,true,false,false,0.45,trace_887,{},ALLOW,1,0.001,loss,45,0.006,-0.001,0,85
2026-07-24T17:41:03.000Z,BNB/USD,TRENDING_BULLISH,1.1,1.2,0.0001,true,false,true,false,false,0.45,trace_888,{},ALLOW,1,0.001,loss,45,0.006,-0.001,0,85
2026-07-24T17:48:05.000Z,BNB/USD,RANGING_CONSOLIDATION,1.1,1.2,0.0001,false,false,true,false,false,0.45,trace_889,{},ALLOW,1,0.001,win,45,0.006,-0.001,0,85
2026-07-24T17:51:05.000Z,BNB/USD,TRENDING_BULLISH,2.5,1.2,0.0001,true,false,true,false,false,0.45,trace_890,{},ALLOW,1,0.001,loss,45,0.006,-0.001,0,85
2026-07-24T17:57:07.000Z,BNB/USD,RANGING_CONSOLIDATION,1.1,1.2,0.0001,false,false,true,false,false,0.45,trace_891,{},ALLOW,1,0.001,loss,45,0.006,-0.001,0,85
2026-07-24T18:00:07.000Z,BNB/USD,TRENDING_BULLISH,1.1,1.2,0.0001,true,false,true,false,false,0.45,trace_892,{},ALLOW,1,0.001,win,45,0.006,-0.001,0,85
2026-07-24T18:05:08.000Z,BNB/USD,RANGING_CONSOLIDATION,1.1,1.2,0.0001,false,false,true,false,false,0.45,trace_893,{},ALLOW,1,0.001,loss,45,0.006,-0.001,0,85
2026-07-24T18:06:09.000Z,BNB/USD,TRENDING_BULLISH,1.1,1.2,0.0001,true,false,true,false,false,0.45,trace_894,{},ALLOW,1,0.001,win,45,0.006,-0.001,0,85
2026-07-24T18:07:09.000Z,BNB/USD,RANGING_CONSOLIDATION,2.5,1.2,0.0001,false,false,true,false,false,0.45,trace_895,{},ALLOW,1,0.001,win,45,0.006,-0.001,0,85
2026-07-24T18:16:11.000Z,BNB/USD,TRENDING_BULLISH,1.1,1.2,0.0001,true,false,true,false,false,0.45,trace_896,{},ALLOW,1,0.001,loss,45,0.006,-0.001,0,85
2026-07-24T18:23:12.000Z,BNB/USD,RANGING_CONSOLIDATION,1.1,1.2,0.0001,false,false,true,false,false,0.45,trace_897,{},ALLOW,1,0.001,win,45,0.006,-0.001,0,85
2026-07-24T18:26:13.000Z,BNB/USD,TRENDING_BULLISH,1.1,1.2,0.0001,true,false,true,false,false,0.45,trace_898,{},ALLOW,1,0.001,loss,45,0.006,-0.001,0,85
2026-07-24T18:30:14.000Z,BNB/USD,RANGING_CONSOLIDATION,1.1,1.2,0.0001,false,false,true,false,false,0.45,trace_899,{},ALLOW,1,0.001,loss,45,0.006,-0.001,0,85
2026-07-24T18:31:14.000Z,BNB/USD,TRENDING_BULLISH,2.5,1.2,0.0001,true,false,true,false,false,0.45,trace_900,{},ALLOW,1,0.001,loss,45,0.006,-0.001,0,85
2026-07-24T18:33:15.000Z,BNB/USD,RANGING_CONSOLIDATION,1.1,1.2,0.0001,false,false,true,false,false,0.45,trace_901,{},ALLOW,1,0.001,loss,45,0.006,-0.001,0,85
2026-07-24T18:34:15.000Z,BNB/USD,TRENDING_BULLISH,1.1,1.2,0.0001,true,false,true,false,false,0.45,trace_902,{},ALLOW,1,0.001,loss,45,0.006,-0.001,0,85
2026-07-24T18:35:15.000Z,BNB/USD,RANGING_CONSOLIDATION,1.1,1.2,0.0001,false,false,true,false,false,0.45,trace_903,{},ALLOW,1,0.001,loss,45,0.006,-0.001,0,85
2026-07-24T18:36:15.000Z,BNB/USD,TRENDING_BULLISH,1.1,1.2,0.0001,true,false,true,false,false,0.45,trace_904,{},ALLOW,1,0.001,loss,45,0.006,-0.001,0,85
2026-07-24T18:38:16.000Z,BNB/USD,RANGING_CONSOLIDATION,2.5,1.2,0.0001,false,false,true,false,false,0.45,trace_905,{},ALLOW,1,0.001,loss,45,0.006,-0.001,0,85
2026-07-24T18:39:16.000Z,BNB/USD,TRENDING_BULLISH,1.1,1.2,0.0001,true,false,true,false,false,0.45,trace_906,{},ALLOW,1,0.001,loss,45,0.006,-0.001,0,85
2026-07-24T18:42:17.000Z,BNB/USD,RANGING_CONSOLIDATION,1.1,1.2,0.0001,false,false,true,false,false,0.45,trace_907,{},ALLOW,1,0.001,loss,45,0.006,-0.001,0,85
2026-07-24T18:45:17.000Z,BNB/USD,TRENDING_BULLISH,1.1,1.2,0.0001,true,false,true,false,false,0.45,trace_908,{},ALLOW,1,0.001,win,45,0.006,-0.001,0,85
2026-07-24T18:47:18.000Z,BNB/USD,RANGING_CONSOLIDATION,1.1,1.2,0.0001,false,false,true,false,false,0.45,trace_909,{},ALLOW,1,0.001,win,45,0.006,-0.001,0,85
2026-07-24T18:58:20.000Z,BNB/USD,TRENDING_BULLISH,2.5,1.2,0.0001,true,false,true,false,false,0.45,trace_910,{},ALLOW,1,0.001,loss,45,0.006,-0.001,0,85
2026-07-24T18:59:21.000Z,BNB/USD,RANGING_CONSOLIDATION,1.1,1.2,0.0001,false,false,true,false,false,0.45,trace_911,{},ALLOW,1,0.001,loss,45,0.006,-0.001,0,85
2026-07-24T19:07:22.000Z,BNB/USD,TRENDING_BULLISH,1.1,1.2,0.0001,true,false,true,false,false,0.45,trace_912,{},ALLOW,1,0.001,loss,45,0.006,-0.001,0,85
2026-07-24T19:08:23.000Z,BNB/USD,RANGING_CONSOLIDATION,1.1,1.2,0.0001,false,false,true,false,false,0.45,trace_913,{},ALLOW,1,0.001,win,45,0.006,-0.001,0,85
2026-07-24T19:18:25.000Z,BNB/USD,TRENDING_BULLISH,1.1,1.2,0.0001,true,false,true,false,false,0.45,trace_914,{},ALLOW,1,0.001,win,45,0.006,-0.001,0,85
2026-07-24T19:20:25.000Z,BNB/USD,RANGING_CONSOLIDATION,2.5,1.2,0.0001,false,false,true,false,false,0.45,trace_915,{},ALLOW,1,0.001,loss,45,0.006,-0.001,0,85
2026-07-24T19:24:26.000Z,BNB/USD,TRENDING_BULLISH,1.1,1.2,0.0001,true,false,true,false,false,0.45,trace_916,{},ALLOW,1,0.001,loss,45,0.006,-0.001,0,85
2026-07-24T19:28:27.000Z,BNB/USD,RANGING_CONSOLIDATION,1.1,1.2,0.0001,false,false,true,false,false,0.45,trace_917,{},ALLOW,1,0.001,loss,45,0.006,-0.001,0,85
2026-07-24T19:30:28.000Z,BNB/USD,TRENDING_BULLISH,1.1,1.2,0.0001,true,false,true,false,false,0.45,trace_918,{},ALLOW,1,0.001,win,45,0.006,-0.001,0,85
2026-07-24T19:34:28.000Z,BNB/USD,RANGING_CONSOLIDATION,1.1,1.2,0.0001,false,false,true,false,false,0.45,trace_919,{},ALLOW,1,0.001,win,45,0.006,-0.001,0,85
2026-07-24T19:49:32.000Z,BNB/USD,TRENDING_BULLISH,2.5,1.2,0.0001,true,false,true,false,false,0.45,trace_920,{},ALLOW,1,0.001,loss,45,0.006,-0.001,0,85
2026-07-24T19:52:33.000Z,BNB/USD,RANGING_CONSOLIDATION,1.1,1.2,0.0001,false,false,true,false,false,0.45,trace_921,{},ALLOW,1,0.001,loss,45,0.006,-0.001,0,85
2026-07-24T19:53:33.000Z,BNB/USD,TRENDING_BULLISH,1.1,1.2,0.0001,true,false,true,false,false,0.45,trace_922,{},ALLOW,1,0.001,loss,45,0.006,-0.001,0,85
2026-07-24T19:54:33.000Z,BNB/USD,RANGING_CONSOLIDATION,1.1,1.2,0.0001,false,false,true,false,false,0.45,trace_923,{},ALLOW,1,0.001,loss,45,0.006,-0.001,0,85
2026-07-24T19:55:33.000Z,BNB/USD,TRENDING_BULLISH,1.1,1.2,0.0001,true,false,true,false,false,0.45,trace_924,{},ALLOW,1,0.001,loss,45,0.006,-0.001,0,85
2026-07-24T19:56:34.000Z,BNB/USD,RANGING_CONSOLIDATION,2.5,1.2,0.0001,false,false,true,false,false,0.45,trace_925,{},ALLOW,1,0.001,loss,45,0.006,-0.001,0,85
2026-07-24T19:57:34.000Z,BNB/USD,TRENDING_BULLISH,1.1,1.2,0.0001,true,false,true,false,false,0.45,trace_926,{},ALLOW,1,0.001,win,45,0.006,-0.001,0,85
2026-07-24T19:58:34.000Z,BNB/USD,RANGING_CONSOLIDATION,1.1,1.2,0.0001,false,false,true,false,false,0.45,trace_927,{},ALLOW,1,0.001,loss,45,0.006,-0.001,0,85
2026-07-24T19:59:34.000Z,BNB/USD,TRENDING_BULLISH,1.1,1.2,0.0001,true,false,true,false,false,0.45,trace_928,{},ALLOW,1,0.001,loss,45,0.006,-0.001,0,85
2026-07-24T20:01:35.000Z,BNB/USD,RANGING_CONSOLIDATION,1.1,1.2,0.0001,false,false,true,false,false,0.45,trace_929,{},ALLOW,1,0.001,win,45,0.006,-0.001,0,85
2026-07-24T20:13:38.000Z,BNB/USD,TRENDING_BULLISH,2.5,1.2,0.0001,true,false,true,false,false,0.45,trace_930,{},ALLOW,1,0.001,loss,45,0.006,-0.001,0,85
2026-07-24T20:16:39.000Z,BNB/USD,RANGING_CONSOLIDATION,1.1,1.2,0.0001,false,false,true,false,false,0.45,trace_931,{},ALLOW,1,0.001,loss,45,0.006,-0.001,0,85
2026-07-24T20:17:39.000Z,BNB/USD,TRENDING_BULLISH,1.1,1.2,0.0001,true,false,true,false,false,0.45,trace_932,{},ALLOW,1,0.001,win,45,0.006,-0.001,0,85
2026-07-24T20:21:40.000Z,BNB/USD,RANGING_CONSOLIDATION,1.1,1.2,0.0001,false,false,true,false,false,0.45,trace_933,{},ALLOW,1,0.001,win,45,0.006,-0.001,0,85
2026-07-24T20:23:40.000Z,BNB/USD,TRENDING_BULLISH,1.1,1.2,0.0001,true,false,true,false,false,0.45,trace_934,{},ALLOW,1,0.001,loss,45,0.006,-0.001,0,85
2026-07-24T20:25:41.000Z,BNB/USD,RANGING_CONSOLIDATION,2.5,1.2,0.0001,false,false,true,false,false,0.45,trace_935,{},ALLOW,1,0.001,loss,45,0.006,-0.001,0,85
2026-07-24T20:37:44.000Z,BNB/USD,TRENDING_BULLISH,1.1,1.2,0.0001,true,false,true,false,false,0.45,trace_936,{},ALLOW,1,0.001,loss,45,0.006,-0.001,0,85
2026-07-24T20:47:46.000Z,BNB/USD,RANGING_CONSOLIDATION,1.1,1.2,0.0001,false,false,true,false,false,0.45,trace_937,{},ALLOW,1,0.001,loss,45,0.006,-0.001,0,85
2026-07-24T20:48:46.000Z,BNB/USD,TRENDING_BULLISH,1.1,1.2,0.0001,true,false,true,false,false,0.45,trace_938,{},ALLOW,1,0.001,win,45,0.006,-0.001,0,85
2026-07-24T20:50:47.000Z,BNB/USD,RANGING_CONSOLIDATION,1.1,1.2,0.0001,false,false,true,false,false,0.45,trace_939,{},ALLOW,1,0.001,loss,45,0.006,-0.001,0,85
2026-07-24T20:51:47.000Z,BNB/USD,TRENDING_BULLISH,2.5,1.2,0.0001,true,false,true,false,false,0.45,trace_940,{},ALLOW,1,0.001,loss,45,0.006,-0.001,0,85
2026-07-24T20:52:47.000Z,BNB/USD,RANGING_CONSOLIDATION,1.1,1.2,0.0001,false,false,true,false,false,0.45,trace_941,{},ALLOW,1,0.001,loss,45,0.006,-0.001,0,85
2026-07-24T20:55:48.000Z,BNB/USD,TRENDING_BULLISH,1.1,1.2,0.0001,true,false,true,false,false,0.45,trace_942,{},ALLOW,1,0.001,loss,45,0.006,-0.001,0,85
2026-07-24T21:00:49.000Z,BNB/USD,RANGING_CONSOLIDATION,1.1,1.2,0.0001,false,false,true,false,false,0.45,trace_943,{},ALLOW,1,0.001,loss,45,0.006,-0.001,0,85
2026-07-24T21:01:49.000Z,BNB/USD,TRENDING_BULLISH,1.1,1.2,0.0001,true,false,true,false,false,0.45,trace_944,{},ALLOW,1,0.001,loss,45,0.006,-0.001,0,85
2026-07-24T21:03:50.000Z,BNB/USD,RANGING_CONSOLIDATION,2.5,1.2,0.0001,false,false,true,false,false,0.45,trace_945,{},ALLOW,1,0.001,win,45,0.006,-0.001,0,85
2026-07-24T21:11:52.000Z,BNB/USD,TRENDING_BULLISH,1.1,1.2,0.0001,true,false,true,false,false,0.45,trace_946,{},ALLOW,1,0.001,loss,45,0.006,-0.001,0,85
2026-07-24T21:13:52.000Z,BNB/USD,RANGING_CONSOLIDATION,1.1,1.2,0.0001,false,false,true,false,false,0.45,trace_947,{},ALLOW,1,0.001,win,45,0.006,-0.001,0,85
2026-07-24T21:20:54.000Z,BNB/USD,TRENDING_BULLISH,1.1,1.2,0.0001,true,false,true,false,false,0.45,trace_948,{},ALLOW,1,0.001,loss,45,0.006,-0.001,0,85
2026-07-24T21:22:55.000Z,BNB/USD,RANGING_CONSOLIDATION,1.1,1.2,0.0001,false,false,true,false,false,0.45,trace_949,{},ALLOW,1,0.001,loss,45,0.006,-0.001,0,85
2026-07-24T21:28:56.000Z,BNB/USD,TRENDING_BULLISH,2.5,1.2,0.0001,true,false,true,false,false,0.45,trace_950,{},ALLOW,1,0.001,loss,45,0.006,-0.001,0,85
2026-07-24T09:17:11.000Z,EUR/USD,RANGING_CONSOLIDATION,1.1,1.2,0.0001,false,false,true,false,false,0.45,trace_951,{},ALLOW,1,0.001,win,45,0.006,-0.001,0,85
2026-07-24T09:19:12.000Z,EUR/USD,TRENDING_BULLISH,1.1,1.2,0.0001,true,false,true,false,false,0.45,trace_952,{},ALLOW,1,0.001,loss,45,0.006,-0.001,0,85
2026-07-24T09:20:12.000Z,EUR/USD,RANGING_CONSOLIDATION,1.1,1.2,0.0001,false,false,true,false,false,0.45,trace_953,{},ALLOW,1,0.001,loss,45,0.006,-0.001,0,85
2026-07-24T09:23:13.000Z,EUR/USD,TRENDING_BULLISH,1.1,1.2,0.0001,true,false,true,false,false,0.45,trace_954,{},ALLOW,1,0.001,win,45,0.006,-0.001,0,85
2026-07-24T09:24:13.000Z,EUR/USD,RANGING_CONSOLIDATION,2.5,1.2,0.0001,false,false,true,false,false,0.45,trace_955,{},ALLOW,1,0.001,loss,45,0.006,-0.001,0,85
2026-07-24T09:25:13.000Z,EUR/USD,TRENDING_BULLISH,1.1,1.2,0.0001,true,false,true,false,false,0.45,trace_956,{},ALLOW,1,0.001,loss,45,0.006,-0.001,0,85
2026-07-24T09:26:13.000Z,EUR/USD,RANGING_CONSOLIDATION,1.1,1.2,0.0001,false,false,true,false,false,0.45,trace_957,{},ALLOW,1,0.001,loss,45,0.006,-0.001,0,85
2026-07-24T09:27:14.000Z,EUR/USD,TRENDING_BULLISH,1.1,1.2,0.0001,true,false,true,false,false,0.45,trace_958,{},ALLOW,1,0.001,loss,45,0.006,-0.001,0,85
2026-07-24T09:38:16.000Z,EUR/USD,RANGING_CONSOLIDATION,1.1,1.2,0.0001,false,false,true,false,false,0.45,trace_959,{},ALLOW,1,0.001,loss,45,0.006,-0.001,0,85
2026-07-24T09:39:16.000Z,EUR/USD,TRENDING_BULLISH,2.5,1.2,0.0001,true,false,true,false,false,0.45,trace_960,{},ALLOW,1,0.001,loss,45,0.006,-0.001,0,85
2026-07-24T09:40:16.000Z,EUR/USD,RANGING_CONSOLIDATION,1.1,1.2,0.0001,false,false,true,false,false,0.45,trace_961,{},ALLOW,1,0.001,loss,45,0.006,-0.001,0,85
2026-07-24T09:41:17.000Z,EUR/USD,TRENDING_BULLISH,1.1,1.2,0.0001,true,false,true,false,false,0.45,trace_962,{},ALLOW,1,0.001,loss,45,0.006,-0.001,0,85
2026-07-24T09:44:17.000Z,EUR/USD,RANGING_CONSOLIDATION,1.1,1.2,0.0001,false,false,true,false,false,0.45,trace_963,{},ALLOW,1,0.001,loss,45,0.006,-0.001,0,85
2026-07-24T09:45:17.000Z,EUR/USD,TRENDING_BULLISH,1.1,1.2,0.0001,true,false,true,false,false,0.45,trace_964,{},ALLOW,1,0.001,win,45,0.006,-0.001,0,85
2026-07-24T09:49:18.000Z,EUR/USD,RANGING_CONSOLIDATION,2.5,1.2,0.0001,false,false,true,false,false,0.45,trace_965,{},ALLOW,1,0.001,loss,45,0.006,-0.001,0,85
2026-07-24T09:50:19.000Z,EUR/USD,TRENDING_BULLISH,1.1,1.2,0.0001,true,false,true,false,false,0.45,trace_966,{},ALLOW,1,0.001,win,45,0.006,-0.001,0,85
2026-07-24T09:51:19.000Z,EUR/USD,RANGING_CONSOLIDATION,1.1,1.2,0.0001,false,false,true,false,false,0.45,trace_967,{},ALLOW,1,0.001,loss,45,0.006,-0.001,0,85
2026-07-24T09:52:19.000Z,EUR/USD,TRENDING_BULLISH,1.1,1.2,0.0001,true,false,true,false,false,0.45,trace_968,{},ALLOW,1,0.001,loss,45,0.006,-0.001,0,85
2026-07-24T09:53:19.000Z,EUR/USD,RANGING_CONSOLIDATION,1.1,1.2,0.0001,false,false,true,false,false,0.45,trace_969,{},ALLOW,1,0.001,loss,45,0.006,-0.001,0,85
2026-07-24T09:54:19.000Z,EUR/USD,TRENDING_BULLISH,2.5,1.2,0.0001,true,false,true,false,false,0.45,trace_970,{},ALLOW,1,0.001,loss,45,0.006,-0.001,0,85
2026-07-24T09:56:20.000Z,EUR/USD,RANGING_CONSOLIDATION,1.1,1.2,0.0001,false,false,true,false,false,0.45,trace_971,{},ALLOW,1,0.001,win,45,0.006,-0.001,0,85
2026-07-24T09:57:20.000Z,EUR/USD,TRENDING_BULLISH,1.1,1.2,0.0001,true,false,true,false,false,0.45,trace_972,{},ALLOW,1,0.001,loss,45,0.006,-0.001,0,85
2026-07-24T09:58:20.000Z,EUR/USD,RANGING_CONSOLIDATION,1.1,1.2,0.0001,false,false,true,false,false,0.45,trace_973,{},ALLOW,1,0.001,loss,45,0.006,-0.001,0,85
2026-07-24T09:59:20.000Z,EUR/USD,TRENDING_BULLISH,1.1,1.2,0.0001,true,false,true,false,false,0.45,trace_974,{},ALLOW,1,0.001,loss,45,0.006,-0.001,0,85
2026-07-24T10:03:21.000Z,EUR/USD,RANGING_CONSOLIDATION,2.5,1.2,0.0001,false,false,true,false,false,0.45,trace_975,{},ALLOW,1,0.001,win,45,0.006,-0.001,0,85
2026-07-24T10:04:22.000Z,EUR/USD,TRENDING_BULLISH,1.1,1.2,0.0001,true,false,true,false,false,0.45,trace_976,{},ALLOW,1,0.001,loss,45,0.006,-0.001,0,85
2026-07-24T10:05:22.000Z,EUR/USD,RANGING_CONSOLIDATION,1.1,1.2,0.0001,false,false,true,false,false,0.45,trace_977,{},ALLOW,1,0.001,loss,45,0.006,-0.001,0,85
2026-07-24T10:06:22.000Z,EUR/USD,TRENDING_BULLISH,1.1,1.2,0.0001,true,false,true,false,false,0.45,trace_978,{},ALLOW,1,0.001,win,45,0.006,-0.001,0,85
2026-07-24T10:07:22.000Z,EUR/USD,RANGING_CONSOLIDATION,1.1,1.2,0.0001,false,false,true,false,false,0.45,trace_979,{},ALLOW,1,0.001,loss,45,0.006,-0.001,0,85
2026-07-24T10:08:22.000Z,EUR/USD,TRENDING_BULLISH,2.5,1.2,0.0001,true,false,true,false,false,0.45,trace_980,{},ALLOW,1,0.001,loss,45,0.006,-0.001,0,85
2026-07-24T10:09:23.000Z,EUR/USD,RANGING_CONSOLIDATION,1.1,1.2,0.0001,false,false,true,false,false,0.45,trace_981,{},ALLOW,1,0.001,loss,45,0.006,-0.001,0,85
2026-07-24T10:10:23.000Z,EUR/USD,TRENDING_BULLISH,1.1,1.2,0.0001,true,false,true,false,false,0.45,trace_982,{},ALLOW,1,0.001,loss,45,0.006,-0.001,0,85
2026-07-24T10:11:23.000Z,EUR/USD,RANGING_CONSOLIDATION,1.1,1.2,0.0001,false,false,true,false,false,0.45,trace_983,{},ALLOW,1,0.001,loss,45,0.006,-0.001,0,85
2026-07-24T10:13:24.000Z,EUR/USD,TRENDING_BULLISH,1.1,1.2,0.0001,true,false,true,false,false,0.45,trace_984,{},ALLOW,1,0.001,loss,45,0.006,-0.001,0,85
2026-07-24T10:20:25.000Z,EUR/USD,RANGING_CONSOLIDATION,2.5,1.2,0.0001,false,false,true,false,false,0.45,trace_985,{},ALLOW,1,0.001,loss,45,0.006,-0.001,0,85
2026-07-24T10:21:25.000Z,EUR/USD,TRENDING_BULLISH,1.1,1.2,0.0001,true,false,true,false,false,0.45,trace_986,{},ALLOW,1,0.001,loss,45,0.006,-0.001,0,85
2026-07-24T10:24:26.000Z,EUR/USD,RANGING_CONSOLIDATION,1.1,1.2,0.0001,false,false,true,false,false,0.45,trace_987,{},ALLOW,1,0.001,loss,45,0.006,-0.001,0,85
2026-07-24T10:34:28.000Z,EUR/USD,TRENDING_BULLISH,1.1,1.2,0.0001,true,false,true,false,false,0.45,trace_988,{},ALLOW,1,0.001,loss,45,0.006,-0.001,0,85
2026-07-24T10:46:31.000Z,EUR/USD,RANGING_CONSOLIDATION,1.1,1.2,0.0001,false,false,true,false,false,0.45,trace_989,{},ALLOW,1,0.001,loss,45,0.006,-0.001,0,85
2026-07-24T10:48:31.000Z,EUR/USD,TRENDING_BULLISH,2.5,1.2,0.0001,true,false,true,false,false,0.45,trace_990,{},ALLOW,1,0.001,loss,45,0.006,-0.001,0,85
2026-07-24T10:49:31.000Z,EUR/USD,RANGING_CONSOLIDATION,1.1,1.2,0.0001,false,false,true,false,false,0.45,trace_991,{},ALLOW,1,0.001,loss,45,0.006,-0.001,0,85
2026-07-24T10:50:32.000Z,EUR/USD,TRENDING_BULLISH,1.1,1.2,0.0001,true,false,true,false,false,0.45,trace_992,{},ALLOW,1,0.001,win,45,0.006,-0.001,0,85
2026-07-24T10:51:32.000Z,EUR/USD,RANGING_CONSOLIDATION,1.1,1.2,0.0001,false,false,true,false,false,0.45,trace_993,{},ALLOW,1,0.001,loss,45,0.006,-0.001,0,85
2026-07-24T10:52:32.000Z,EUR/USD,TRENDING_BULLISH,1.1,1.2,0.0001,true,false,true,false,false,0.45,trace_994,{},ALLOW,1,0.001,loss,45,0.006,-0.001,0,85
2026-07-24T11:08:35.000Z,EUR/USD,RANGING_CONSOLIDATION,2.5,1.2,0.0001,false,false,true,false,false,0.45,trace_995,{},ALLOW,1,0.001,win,45,0.006,-0.001,0,85
2026-07-24T11:15:37.000Z,EUR/USD,TRENDING_BULLISH,1.1,1.2,0.0001,true,false,true,false,false,0.45,trace_996,{},ALLOW,1,0.001,loss,45,0.006,-0.001,0,85
2026-07-24T11:16:37.000Z,EUR/USD,RANGING_CONSOLIDATION,1.1,1.2,0.0001,false,false,true,false,false,0.45,trace_997,{},ALLOW,1,0.001,loss,45,0.006,-0.001,0,85
2026-07-24T11:17:37.000Z,EUR/USD,TRENDING_BULLISH,1.1,1.2,0.0001,true,false,true,false,false,0.45,trace_998,{},ALLOW,1,0.001,loss,45,0.006,-0.001,0,85
2026-07-24T11:18:37.000Z,EUR/USD,RANGING_CONSOLIDATION,1.1,1.2,0.0001,false,false,true,false,false,0.45,trace_999,{},ALLOW,1,0.001,loss,45,0.006,-0.001,0,85
2026-07-24T11:19:37.000Z,EUR/USD,TRENDING_BULLISH,2.5,1.2,0.0001,true,false,true,false,false,0.45,trace_1000,{},ALLOW,1,0.001,loss,45,0.006,-0.001,0,85
2026-07-24T11:21:38.000Z,EUR/USD,RANGING_CONSOLIDATION,1.1,1.2,0.0001,false,false,true,false,false,0.45,trace_1001,{},ALLOW,1,0.001,loss,45,0.006,-0.001,0,85
2026-07-24T11:22:38.000Z,EUR/USD,TRENDING_BULLISH,1.1,1.2,0.0001,true,false,true,false,false,0.45,trace_1002,{},ALLOW,1,0.001,win,45,0.006,-0.001,0,85
2026-07-24T11:23:38.000Z,EUR/USD,RANGING_CONSOLIDATION,1.1,1.2,0.0001,false,false,true,false,false,0.45,trace_1003,{},ALLOW,1,0.001,loss,45,0.006,-0.001,0,85
2026-07-24T11:24:39.000Z,EUR/USD,TRENDING_BULLISH,1.1,1.2,0.0001,true,false,true,false,false,0.45,trace_1004,{},ALLOW,1,0.001,loss,45,0.006,-0.001,0,85
2026-07-24T11:25:39.000Z,EUR/USD,RANGING_CONSOLIDATION,2.5,1.2,0.0001,false,false,true,false,false,0.45,trace_1005,{},ALLOW,1,0.001,loss,45,0.006,-0.001,0,85
2026-07-24T11:26:39.000Z,EUR/USD,TRENDING_BULLISH,1.1,1.2,0.0001,true,false,true,false,false,0.45,trace_1006,{},ALLOW,1,0.001,loss,45,0.006,-0.001,0,85
2026-07-24T11:28:39.000Z,EUR/USD,RANGING_CONSOLIDATION,1.1,1.2,0.0001,false,false,true,false,false,0.45,trace_1007,{},ALLOW,1,0.001,win,45,0.006,-0.001,0,85
2026-07-24T11:29:40.000Z,EUR/USD,TRENDING_BULLISH,1.1,1.2,0.0001,true,false,true,false,false,0.45,trace_1008,{},ALLOW,1,0.001,loss,45,0.006,-0.001,0,85
2026-07-24T11:33:40.000Z,EUR/USD,RANGING_CONSOLIDATION,1.1,1.2,0.0001,false,false,true,false,false,0.45,trace_1009,{},ALLOW,1,0.001,win,45,0.006,-0.001,0,85
2026-07-24T11:34:41.000Z,EUR/USD,TRENDING_BULLISH,2.5,1.2,0.0001,true,false,true,false,false,0.45,trace_1010,{},ALLOW,1,0.001,win,45,0.006,-0.001,0,85
2026-07-24T11:35:41.000Z,EUR/USD,RANGING_CONSOLIDATION,1.1,1.2,0.0001,false,false,true,false,false,0.45,trace_1011,{},ALLOW,1,0.001,loss,45,0.006,-0.001,0,85
2026-07-24T11:36:41.000Z,EUR/USD,TRENDING_BULLISH,1.1,1.2,0.0001,true,false,true,false,false,0.45,trace_1012,{},ALLOW,1,0.001,win,45,0.006,-0.001,0,85
2026-07-24T11:37:41.000Z,EUR/USD,RANGING_CONSOLIDATION,1.1,1.2,0.0001,false,false,true,false,false,0.45,trace_1013,{},ALLOW,1,0.001,loss,45,0.006,-0.001,0,85
2026-07-24T11:39:42.000Z,EUR/USD,TRENDING_BULLISH,1.1,1.2,0.0001,true,false,true,false,false,0.45,trace_1014,{},ALLOW,1,0.001,win,45,0.006,-0.001,0,85
2026-07-24T11:42:42.000Z,EUR/USD,RANGING_CONSOLIDATION,2.5,1.2,0.0001,false,false,true,false,false,0.45,trace_1015,{},ALLOW,1,0.001,loss,45,0.006,-0.001,0,85
2026-07-24T11:43:43.000Z,EUR/USD,TRENDING_BULLISH,1.1,1.2,0.0001,true,false,true,false,false,0.45,trace_1016,{},ALLOW,1,0.001,loss,45,0.006,-0.001,0,85
2026-07-24T11:47:43.000Z,EUR/USD,RANGING_CONSOLIDATION,1.1,1.2,0.0001,false,false,true,false,false,0.45,trace_1017,{},ALLOW,1,0.001,loss,45,0.006,-0.001,0,85
2026-07-24T11:48:44.000Z,EUR/USD,TRENDING_BULLISH,1.1,1.2,0.0001,true,false,true,false,false,0.45,trace_1018,{},ALLOW,1,0.001,loss,45,0.006,-0.001,0,85
2026-07-24T11:49:44.000Z,EUR/USD,RANGING_CONSOLIDATION,1.1,1.2,0.0001,false,false,true,false,false,0.45,trace_1019,{},ALLOW,1,0.001,loss,45,0.006,-0.001,0,85
2026-07-24T11:50:44.000Z,EUR/USD,TRENDING_BULLISH,2.5,1.2,0.0001,true,false,true,false,false,0.45,trace_1020,{},ALLOW,1,0.001,loss,45,0.006,-0.001,0,85
2026-07-24T11:51:44.000Z,EUR/USD,RANGING_CONSOLIDATION,1.1,1.2,0.0001,false,false,true,false,false,0.45,trace_1021,{},ALLOW,1,0.001,win,45,0.006,-0.001,0,85
2026-07-24T12:01:47.000Z,EUR/USD,TRENDING_BULLISH,1.1,1.2,0.0001,true,false,true,false,false,0.45,trace_1022,{},ALLOW,1,0.001,loss,45,0.006,-0.001,0,85
2026-07-24T12:09:48.000Z,EUR/USD,RANGING_CONSOLIDATION,1.1,1.2,0.0001,false,false,true,false,false,0.45,trace_1023,{},ALLOW,1,0.001,loss,45,0.006,-0.001,0,85
2026-07-24T12:13:49.000Z,EUR/USD,TRENDING_BULLISH,1.1,1.2,0.0001,true,false,true,false,false,0.45,trace_1024,{},ALLOW,1,0.001,loss,45,0.006,-0.001,0,85
2026-07-24T12:15:50.000Z,EUR/USD,RANGING_CONSOLIDATION,2.5,1.2,0.0001,false,false,true,false,false,0.45,trace_1025,{},ALLOW,1,0.001,loss,45,0.006,-0.001,0,85
2026-07-24T12:16:50.000Z,EUR/USD,TRENDING_BULLISH,1.1,1.2,0.0001,true,false,true,false,false,0.45,trace_1026,{},ALLOW,1,0.001,loss,45,0.006,-0.001,0,85
2026-07-24T12:17:50.000Z,EUR/USD,RANGING_CONSOLIDATION,1.1,1.2,0.0001,false,false,true,false,false,0.45,trace_1027,{},ALLOW,1,0.001,win,45,0.006,-0.001,0,85
2026-07-24T12:19:51.000Z,EUR/USD,TRENDING_BULLISH,1.1,1.2,0.0001,true,false,true,false,false,0.45,trace_1028,{},ALLOW,1,0.001,win,45,0.006,-0.001,0,85
2026-07-24T12:20:51.000Z,EUR/USD,RANGING_CONSOLIDATION,1.1,1.2,0.0001,false,false,true,false,false,0.45,trace_1029,{},ALLOW,1,0.001,loss,45,0.006,-0.001,0,85
2026-07-24T12:21:51.000Z,EUR/USD,TRENDING_BULLISH,2.5,1.2,0.0001,true,false,true,false,false,0.45,trace_1030,{},ALLOW,1,0.001,loss,45,0.006,-0.001,0,85
2026-07-24T12:22:52.000Z,EUR/USD,RANGING_CONSOLIDATION,1.1,1.2,0.0001,false,false,true,false,false,0.45,trace_1031,{},ALLOW,1,0.001,win,45,0.006,-0.001,0,85
2026-07-24T12:24:52.000Z,EUR/USD,TRENDING_BULLISH,1.1,1.2,0.0001,true,false,true,false,false,0.45,trace_1032,{},ALLOW,1,0.001,win,45,0.006,-0.001,0,85
2026-07-24T12:26:52.000Z,EUR/USD,RANGING_CONSOLIDATION,1.1,1.2,0.0001,false,false,true,false,false,0.45,trace_1033,{},ALLOW,1,0.001,loss,45,0.006,-0.001,0,85
2026-07-24T12:27:53.000Z,EUR/USD,TRENDING_BULLISH,1.1,1.2,0.0001,true,false,true,false,false,0.45,trace_1034,{},ALLOW,1,0.001,loss,45,0.006,-0.001,0,85
2026-07-24T12:28:53.000Z,EUR/USD,RANGING_CONSOLIDATION,2.5,1.2,0.0001,false,false,true,false,false,0.45,trace_1035,{},ALLOW,1,0.001,loss,45,0.006,-0.001,0,85
2026-07-24T12:29:53.000Z,EUR/USD,TRENDING_BULLISH,1.1,1.2,0.0001,true,false,true,false,false,0.45,trace_1036,{},ALLOW,1,0.001,loss,45,0.006,-0.001,0,85
2026-07-24T13:00:00.000Z,EUR/USD,RANGING_CONSOLIDATION,1.1,1.2,0.0001,false,false,true,false,false,0.45,trace_1037,{},ALLOW,1,0.001,win,45,0.006,-0.001,0,85
2026-07-24T13:11:02.000Z,EUR/USD,TRENDING_BULLISH,1.1,1.2,0.0001,true,false,true,false,false,0.45,trace_1038,{},ALLOW,1,0.001,loss,45,0.006,-0.001,0,85
2026-07-24T13:12:02.000Z,EUR/USD,RANGING_CONSOLIDATION,1.1,1.2,0.0001,false,false,true,false,false,0.45,trace_1039,{},ALLOW,1,0.001,win,45,0.006,-0.001,0,85
2026-07-24T13:25:05.000Z,EUR/USD,TRENDING_BULLISH,2.5,1.2,0.0001,true,false,true,false,false,0.45,trace_1040,{},ALLOW,1,0.001,loss,45,0.006,-0.001,0,85
2026-07-24T13:32:06.000Z,EUR/USD,RANGING_CONSOLIDATION,1.1,1.2,0.0001,false,false,true,false,false,0.45,trace_1041,{},ALLOW,1,0.001,loss,45,0.006,-0.001,0,85
2026-07-24T13:43:09.000Z,EUR/USD,TRENDING_BULLISH,1.1,1.2,0.0001,true,false,true,false,false,0.45,trace_1042,{},ALLOW,1,0.001,loss,45,0.006,-0.001,0,85
2026-07-24T13:49:10.000Z,EUR/USD,RANGING_CONSOLIDATION,1.1,1.2,0.0001,false,false,true,false,false,0.45,trace_1043,{},ALLOW,1,0.001,loss,45,0.006,-0.001,0,85
2026-07-24T14:00:13.000Z,EUR/USD,TRENDING_BULLISH,1.1,1.2,0.0001,true,false,true,false,false,0.45,trace_1044,{},ALLOW,1,0.001,loss,45,0.006,-0.001,0,85
2026-07-24T14:01:13.000Z,EUR/USD,RANGING_CONSOLIDATION,2.5,1.2,0.0001,false,false,true,false,false,0.45,trace_1045,{},ALLOW,1,0.001,win,45,0.006,-0.001,0,85
2026-07-24T14:04:14.000Z,EUR/USD,TRENDING_BULLISH,1.1,1.2,0.0001,true,false,true,false,false,0.45,trace_1046,{},ALLOW,1,0.001,loss,45,0.006,-0.001,0,85
2026-07-24T14:05:14.000Z,EUR/USD,RANGING_CONSOLIDATION,1.1,1.2,0.0001,false,false,true,false,false,0.45,trace_1047,{},ALLOW,1,0.001,loss,45,0.006,-0.001,0,85
2026-07-24T14:06:14.000Z,EUR/USD,TRENDING_BULLISH,1.1,1.2,0.0001,true,false,true,false,false,0.45,trace_1048,{},ALLOW,1,0.001,loss,45,0.006,-0.001,0,85
2026-07-24T14:23:18.000Z,EUR/USD,RANGING_CONSOLIDATION,1.1,1.2,0.0001,false,false,true,false,false,0.45,trace_1049,{},ALLOW,1,0.001,loss,45,0.006,-0.001,0,85
2026-07-24T14:30:20.000Z,EUR/USD,TRENDING_BULLISH,2.5,1.2,0.0001,true,false,true,false,false,0.45,trace_1050,{},ALLOW,1,0.001,loss,45,0.006,-0.001,0,85
2026-07-24T14:32:20.000Z,EUR/USD,RANGING_CONSOLIDATION,1.1,1.2,0.0001,false,false,true,false,false,0.45,trace_1051,{},ALLOW,1,0.001,loss,45,0.006,-0.001,0,85
2026-07-24T14:59:26.000Z,EUR/USD,TRENDING_BULLISH,1.1,1.2,0.0001,true,false,true,false,false,0.45,trace_1052,{},ALLOW,1,0.001,win,45,0.006,-0.001,0,85
2026-07-24T15:01:26.000Z,EUR/USD,RANGING_CONSOLIDATION,1.1,1.2,0.0001,false,false,true,false,false,0.45,trace_1053,{},ALLOW,1,0.001,loss,45,0.006,-0.001,0,85
2026-07-24T15:02:27.000Z,EUR/USD,TRENDING_BULLISH,1.1,1.2,0.0001,true,false,true,false,false,0.45,trace_1054,{},ALLOW,1,0.001,win,45,0.006,-0.001,0,85
2026-07-24T15:20:31.000Z,EUR/USD,RANGING_CONSOLIDATION,2.5,1.2,0.0001,false,false,true,false,false,0.45,trace_1055,{},ALLOW,1,0.001,loss,45,0.006,-0.001,0,85
2026-07-24T15:21:31.000Z,EUR/USD,TRENDING_BULLISH,1.1,1.2,0.0001,true,false,true,false,false,0.45,trace_1056,{},ALLOW,1,0.001,loss,45,0.006,-0.001,0,85
2026-07-24T15:22:31.000Z,EUR/USD,RANGING_CONSOLIDATION,1.1,1.2,0.0001,false,false,true,false,false,0.45,trace_1057,{},ALLOW,1,0.001,loss,45,0.006,-0.001,0,85
2026-07-24T15:24:32.000Z,EUR/USD,TRENDING_BULLISH,1.1,1.2,0.0001,true,false,true,false,false,0.45,trace_1058,{},ALLOW,1,0.001,win,45,0.006,-0.001,0,85
2026-07-24T15:30:33.000Z,EUR/USD,RANGING_CONSOLIDATION,1.1,1.2,0.0001,false,false,true,false,false,0.45,trace_1059,{},ALLOW,1,0.001,loss,45,0.006,-0.001,0,85
2026-07-24T15:33:34.000Z,EUR/USD,TRENDING_BULLISH,2.5,1.2,0.0001,true,false,true,false,false,0.45,trace_1060,{},ALLOW,1,0.001,loss,45,0.006,-0.001,0,85
2026-07-24T15:34:34.000Z,EUR/USD,RANGING_CONSOLIDATION,1.1,1.2,0.0001,false,false,true,false,false,0.45,trace_1061,{},ALLOW,1,0.001,win,45,0.006,-0.001,0,85
2026-07-24T15:38:35.000Z,EUR/USD,TRENDING_BULLISH,1.1,1.2,0.0001,true,false,true,false,false,0.45,trace_1062,{},ALLOW,1,0.001,loss,45,0.006,-0.001,0,85
2026-07-24T15:39:35.000Z,EUR/USD,RANGING_CONSOLIDATION,1.1,1.2,0.0001,false,false,true,false,false,0.45,trace_1063,{},ALLOW,1,0.001,loss,45,0.006,-0.001,0,85
2026-07-24T15:40:35.000Z,EUR/USD,TRENDING_BULLISH,1.1,1.2,0.0001,true,false,true,false,false,0.45,trace_1064,{},ALLOW,1,0.001,loss,45,0.006,-0.001,0,85
2026-07-24T15:42:36.000Z,EUR/USD,RANGING_CONSOLIDATION,2.5,1.2,0.0001,false,false,true,false,false,0.45,trace_1065,{},ALLOW,1,0.001,loss,45,0.006,-0.001,0,85
2026-07-24T15:48:37.000Z,EUR/USD,TRENDING_BULLISH,1.1,1.2,0.0001,true,false,true,false,false,0.45,trace_1066,{},ALLOW,1,0.001,win,45,0.006,-0.001,0,85
2026-07-24T15:49:38.000Z,EUR/USD,RANGING_CONSOLIDATION,1.1,1.2,0.0001,false,false,true,false,false,0.45,trace_1067,{},ALLOW,1,0.001,loss,45,0.006,-0.001,0,85
2026-07-24T15:50:38.000Z,EUR/USD,TRENDING_BULLISH,1.1,1.2,0.0001,true,false,true,false,false,0.45,trace_1068,{},ALLOW,1,0.001,loss,45,0.006,-0.001,0,85
2026-07-24T15:52:38.000Z,EUR/USD,RANGING_CONSOLIDATION,1.1,1.2,0.0001,false,false,true,false,false,0.45,trace_1069,{},ALLOW,1,0.001,loss,45,0.006,-0.001,0,85
2026-07-24T15:56:39.000Z,EUR/USD,TRENDING_BULLISH,2.5,1.2,0.0001,true,false,true,false,false,0.45,trace_1070,{},ALLOW,1,0.001,loss,45,0.006,-0.001,0,85
2026-07-24T15:57:40.000Z,EUR/USD,RANGING_CONSOLIDATION,1.1,1.2,0.0001,false,false,true,false,false,0.45,trace_1071,{},ALLOW,1,0.001,loss,45,0.006,-0.001,0,85
2026-07-24T16:02:41.000Z,EUR/USD,TRENDING_BULLISH,1.1,1.2,0.0001,true,false,true,false,false,0.45,trace_1072,{},ALLOW,1,0.001,loss,45,0.006,-0.001,0,85
2026-07-24T16:03:41.000Z,EUR/USD,RANGING_CONSOLIDATION,1.1,1.2,0.0001,false,false,true,false,false,0.45,trace_1073,{},ALLOW,1,0.001,win,45,0.006,-0.001,0,85
2026-07-24T16:18:45.000Z,EUR/USD,TRENDING_BULLISH,1.1,1.2,0.0001,true,false,true,false,false,0.45,trace_1074,{},ALLOW,1,0.001,loss,45,0.006,-0.001,0,85
2026-07-24T16:26:47.000Z,EUR/USD,RANGING_CONSOLIDATION,2.5,1.2,0.0001,false,false,true,false,false,0.45,trace_1075,{},ALLOW,1,0.001,loss,45,0.006,-0.001,0,85
2026-07-24T16:29:48.000Z,EUR/USD,TRENDING_BULLISH,1.1,1.2,0.0001,true,false,true,false,false,0.45,trace_1076,{},ALLOW,1,0.001,loss,45,0.006,-0.001,0,85
2026-07-24T16:37:50.000Z,EUR/USD,RANGING_CONSOLIDATION,1.1,1.2,0.0001,false,false,true,false,false,0.45,trace_1077,{},ALLOW,1,0.001,loss,45,0.006,-0.001,0,85
2026-07-24T16:39:50.000Z,EUR/USD,TRENDING_BULLISH,1.1,1.2,0.0001,true,false,true,false,false,0.45,trace_1078,{},ALLOW,1,0.001,loss,45,0.006,-0.001,0,85
2026-07-24T16:40:50.000Z,EUR/USD,RANGING_CONSOLIDATION,1.1,1.2,0.0001,false,false,true,false,false,0.45,trace_1079,{},ALLOW,1,0.001,loss,45,0.006,-0.001,0,85
2026-07-24T16:45:52.000Z,EUR/USD,TRENDING_BULLISH,2.5,1.2,0.0001,true,false,true,false,false,0.45,trace_1080,{},ALLOW,1,0.001,win,45,0.006,-0.001,0,85
2026-07-24T16:46:52.000Z,EUR/USD,RANGING_CONSOLIDATION,1.1,1.2,0.0001,false,false,true,false,false,0.45,trace_1081,{},ALLOW,1,0.001,loss,45,0.006,-0.001,0,85
2026-07-24T16:47:52.000Z,EUR/USD,TRENDING_BULLISH,1.1,1.2,0.0001,true,false,true,false,false,0.45,trace_1082,{},ALLOW,1,0.001,loss,45,0.006,-0.001,0,85
2026-07-24T16:48:52.000Z,EUR/USD,RANGING_CONSOLIDATION,1.1,1.2,0.0001,false,false,true,false,false,0.45,trace_1083,{},ALLOW,1,0.001,loss,45,0.006,-0.001,0,85
2026-07-24T16:49:53.000Z,EUR/USD,TRENDING_BULLISH,1.1,1.2,0.0001,true,false,true,false,false,0.45,trace_1084,{},ALLOW,1,0.001,loss,45,0.006,-0.001,0,85
2026-07-24T16:50:53.000Z,EUR/USD,RANGING_CONSOLIDATION,2.5,1.2,0.0001,false,false,true,false,false,0.45,trace_1085,{},ALLOW,1,0.001,loss,45,0.006,-0.001,0,85
2026-07-24T16:51:53.000Z,EUR/USD,TRENDING_BULLISH,1.1,1.2,0.0001,true,false,true,false,false,0.45,trace_1086,{},ALLOW,1,0.001,loss,45,0.006,-0.001,0,85
2026-07-24T16:52:53.000Z,EUR/USD,RANGING_CONSOLIDATION,1.1,1.2,0.0001,false,false,true,false,false,0.45,trace_1087,{},ALLOW,1,0.001,loss,45,0.006,-0.001,0,85
2026-07-24T16:53:54.000Z,EUR/USD,TRENDING_BULLISH,1.1,1.2,0.0001,true,false,true,false,false,0.45,trace_1088,{},ALLOW,1,0.001,win,45,0.006,-0.001,0,85
2026-07-24T16:55:54.000Z,EUR/USD,RANGING_CONSOLIDATION,1.1,1.2,0.0001,false,false,true,false,false,0.45,trace_1089,{},ALLOW,1,0.001,loss,45,0.006,-0.001,0,85
2026-07-24T16:56:54.000Z,EUR/USD,TRENDING_BULLISH,2.5,1.2,0.0001,true,false,true,false,false,0.45,trace_1090,{},ALLOW,1,0.001,win,45,0.006,-0.001,0,85
2026-07-24T16:59:55.000Z,EUR/USD,RANGING_CONSOLIDATION,1.1,1.2,0.0001,false,false,true,false,false,0.45,trace_1091,{},ALLOW,1,0.001,loss,45,0.006,-0.001,0,85
2026-07-24T17:01:56.000Z,EUR/USD,TRENDING_BULLISH,1.1,1.2,0.0001,true,false,true,false,false,0.45,trace_1092,{},ALLOW,1,0.001,win,45,0.006,-0.001,0,85
2026-07-24T17:02:56.000Z,EUR/USD,RANGING_CONSOLIDATION,1.1,1.2,0.0001,false,false,true,false,false,0.45,trace_1093,{},ALLOW,1,0.001,loss,45,0.006,-0.001,0,85
2026-07-24T17:04:56.000Z,EUR/USD,TRENDING_BULLISH,1.1,1.2,0.0001,true,false,true,false,false,0.45,trace_1094,{},ALLOW,1,0.001,loss,45,0.006,-0.001,0,85
2026-07-24T17:06:57.000Z,EUR/USD,RANGING_CONSOLIDATION,2.5,1.2,0.0001,false,false,true,false,false,0.45,trace_1095,{},ALLOW,1,0.001,loss,45,0.006,-0.001,0,85
2026-07-24T17:07:57.000Z,EUR/USD,TRENDING_BULLISH,1.1,1.2,0.0001,true,false,true,false,false,0.45,trace_1096,{},ALLOW,1,0.001,win,45,0.006,-0.001,0,85
2026-07-24T17:10:58.000Z,EUR/USD,RANGING_CONSOLIDATION,1.1,1.2,0.0001,false,false,true,false,false,0.45,trace_1097,{},ALLOW,1,0.001,loss,45,0.006,-0.001,0,85
2026-07-24T17:11:58.000Z,EUR/USD,TRENDING_BULLISH,1.1,1.2,0.0001,true,false,true,false,false,0.45,trace_1098,{},ALLOW,1,0.001,loss,45,0.006,-0.001,0,85
2026-07-24T17:12:59.000Z,EUR/USD,RANGING_CONSOLIDATION,1.1,1.2,0.0001,false,false,true,false,false,0.45,trace_1099,{},ALLOW,1,0.001,loss,45,0.006,-0.001,0,85
2026-07-24T17:14:59.000Z,EUR/USD,TRENDING_BULLISH,2.5,1.2,0.0001,true,false,true,false,false,0.45,trace_1100,{},ALLOW,1,0.001,loss,45,0.006,-0.001,0,85
2026-07-24T17:18:00.000Z,EUR/USD,RANGING_CONSOLIDATION,1.1,1.2,0.0001,false,false,true,false,false,0.45,trace_1101,{},ALLOW,1,0.001,win,45,0.006,-0.001,0,85
2026-07-24T17:20:00.000Z,EUR/USD,TRENDING_BULLISH,1.1,1.2,0.0001,true,false,true,false,false,0.45,trace_1102,{},ALLOW,1,0.001,win,45,0.006,-0.001,0,85
2026-07-24T17:37:04.000Z,EUR/USD,RANGING_CONSOLIDATION,1.1,1.2,0.0001,false,false,true,false,false,0.45,trace_1103,{},ALLOW,1,0.001,win,45,0.006,-0.001,0,85
2026-07-24T17:39:04.000Z,EUR/USD,TRENDING_BULLISH,1.1,1.2,0.0001,true,false,true,false,false,0.45,trace_1104,{},ALLOW,1,0.001,loss,45,0.006,-0.001,0,85
2026-07-24T17:41:05.000Z,EUR/USD,RANGING_CONSOLIDATION,2.5,1.2,0.0001,false,false,true,false,false,0.45,trace_1105,{},ALLOW,1,0.001,loss,45,0.006,-0.001,0,85
2026-07-24T17:49:06.000Z,EUR/USD,TRENDING_BULLISH,1.1,1.2,0.0001,true,false,true,false,false,0.45,trace_1106,{},ALLOW,1,0.001,win,45,0.006,-0.001,0,85
2026-07-24T17:50:07.000Z,EUR/USD,RANGING_CONSOLIDATION,1.1,1.2,0.0001,false,false,true,false,false,0.45,trace_1107,{},ALLOW,1,0.001,loss,45,0.006,-0.001,0,85
2026-07-24T17:54:07.000Z,EUR/USD,TRENDING_BULLISH,1.1,1.2,0.0001,true,false,true,false,false,0.45,trace_1108,{},ALLOW,1,0.001,win,45,0.006,-0.001,0,85
2026-07-24T18:09:11.000Z,EUR/USD,RANGING_CONSOLIDATION,1.1,1.2,0.0001,false,false,true,false,false,0.45,trace_1109,{},ALLOW,1,0.001,loss,45,0.006,-0.001,0,85
2026-07-24T18:11:11.000Z,EUR/USD,TRENDING_BULLISH,2.5,1.2,0.0001,true,false,true,false,false,0.45,trace_1110,{},ALLOW,1,0.001,win,45,0.006,-0.001,0,85
2026-07-24T18:17:12.000Z,EUR/USD,RANGING_CONSOLIDATION,1.1,1.2,0.0001,false,false,true,false,false,0.45,trace_1111,{},ALLOW,1,0.001,loss,45,0.006,-0.001,0,85
2026-07-24T18:18:13.000Z,EUR/USD,TRENDING_BULLISH,1.1,1.2,0.0001,true,false,true,false,false,0.45,trace_1112,{},ALLOW,1,0.001,loss,45,0.006,-0.001,0,85
2026-07-24T18:19:13.000Z,EUR/USD,RANGING_CONSOLIDATION,1.1,1.2,0.0001,false,false,true,false,false,0.45,trace_1113,{},ALLOW,1,0.001,loss,45,0.006,-0.001,0,85
2026-07-24T18:20:13.000Z,EUR/USD,TRENDING_BULLISH,1.1,1.2,0.0001,true,false,true,false,false,0.45,trace_1114,{},ALLOW,1,0.001,loss,45,0.006,-0.001,0,85
2026-07-24T18:21:14.000Z,EUR/USD,RANGING_CONSOLIDATION,2.5,1.2,0.0001,false,false,true,false,false,0.45,trace_1115,{},ALLOW,1,0.001,win,45,0.006,-0.001,0,85
2026-07-24T18:23:14.000Z,EUR/USD,TRENDING_BULLISH,1.1,1.2,0.0001,true,false,true,false,false,0.45,trace_1116,{},ALLOW,1,0.001,loss,45,0.006,-0.001,0,85
2026-07-24T18:24:14.000Z,EUR/USD,RANGING_CONSOLIDATION,1.1,1.2,0.0001,false,false,true,false,false,0.45,trace_1117,{},ALLOW,1,0.001,loss,45,0.006,-0.001,0,85
2026-07-24T18:26:15.000Z,EUR/USD,TRENDING_BULLISH,1.1,1.2,0.0001,true,false,true,false,false,0.45,trace_1118,{},ALLOW,1,0.001,loss,45,0.006,-0.001,0,85
2026-07-24T18:27:15.000Z,EUR/USD,RANGING_CONSOLIDATION,1.1,1.2,0.0001,false,false,true,false,false,0.45,trace_1119,{},ALLOW,1,0.001,loss,45,0.006,-0.001,0,85
2026-07-24T18:35:17.000Z,EUR/USD,TRENDING_BULLISH,2.5,1.2,0.0001,true,false,true,false,false,0.45,trace_1120,{},ALLOW,1,0.001,loss,45,0.006,-0.001,0,85
2026-07-24T19:01:22.000Z,EUR/USD,RANGING_CONSOLIDATION,1.1,1.2,0.0001,false,false,true,false,false,0.45,trace_1121,{},ALLOW,1,0.001,loss,45,0.006,-0.001,0,85
2026-07-24T19:02:23.000Z,EUR/USD,TRENDING_BULLISH,1.1,1.2,0.0001,true,false,true,false,false,0.45,trace_1122,{},ALLOW,1,0.001,win,45,0.006,-0.001,0,85
2026-07-24T19:08:24.000Z,EUR/USD,RANGING_CONSOLIDATION,1.1,1.2,0.0001,false,false,true,false,false,0.45,trace_1123,{},ALLOW,1,0.001,win,45,0.006,-0.001,0,85
2026-07-24T19:11:25.000Z,EUR/USD,TRENDING_BULLISH,1.1,1.2,0.0001,true,false,true,false,false,0.45,trace_1124,{},ALLOW,1,0.001,win,45,0.006,-0.001,0,85
2026-07-24T19:14:25.000Z,EUR/USD,RANGING_CONSOLIDATION,2.5,1.2,0.0001,false,false,true,false,false,0.45,trace_1125,{},ALLOW,1,0.001,win,45,0.006,-0.001,0,85
2026-07-24T19:18:26.000Z,EUR/USD,TRENDING_BULLISH,1.1,1.2,0.0001,true,false,true,false,false,0.45,trace_1126,{},ALLOW,1,0.001,win,45,0.006,-0.001,0,85
2026-07-24T19:25:28.000Z,EUR/USD,RANGING_CONSOLIDATION,1.1,1.2,0.0001,false,false,true,false,false,0.45,trace_1127,{},ALLOW,1,0.001,loss,45,0.006,-0.001,0,85
2026-07-24T19:35:30.000Z,EUR/USD,TRENDING_BULLISH,1.1,1.2,0.0001,true,false,true,false,false,0.45,trace_1128,{},ALLOW,1,0.001,win,45,0.006,-0.001,0,85
2026-07-24T19:37:31.000Z,EUR/USD,RANGING_CONSOLIDATION,1.1,1.2,0.0001,false,false,true,false,false,0.45,trace_1129,{},ALLOW,1,0.001,loss,45,0.006,-0.001,0,85
2026-07-24T19:38:31.000Z,EUR/USD,TRENDING_BULLISH,2.5,1.2,0.0001,true,false,true,false,false,0.45,trace_1130,{},ALLOW,1,0.001,loss,45,0.006,-0.001,0,85
2026-07-24T19:39:31.000Z,EUR/USD,RANGING_CONSOLIDATION,1.1,1.2,0.0001,false,false,true,false,false,0.45,trace_1131,{},ALLOW,1,0.001,loss,45,0.006,-0.001,0,85
2026-07-24T19:40:31.000Z,EUR/USD,TRENDING_BULLISH,1.1,1.2,0.0001,true,false,true,false,false,0.45,trace_1132,{},ALLOW,1,0.001,loss,45,0.006,-0.001,0,85
2026-07-24T19:43:32.000Z,EUR/USD,RANGING_CONSOLIDATION,1.1,1.2,0.0001,false,false,true,false,false,0.45,trace_1133,{},ALLOW,1,0.001,win,45,0.006,-0.001,0,85
2026-07-24T19:45:33.000Z,EUR/USD,TRENDING_BULLISH,1.1,1.2,0.0001,true,false,true,false,false,0.45,trace_1134,{},ALLOW,1,0.001,loss,45,0.006,-0.001,0,85
2026-07-24T19:46:33.000Z,EUR/USD,RANGING_CONSOLIDATION,2.5,1.2,0.0001,false,false,true,false,false,0.45,trace_1135,{},ALLOW,1,0.001,loss,45,0.006,-0.001,0,85
2026-07-24T19:55:35.000Z,EUR/USD,TRENDING_BULLISH,1.1,1.2,0.0001,true,false,true,false,false,0.45,trace_1136,{},ALLOW,1,0.001,loss,45,0.006,-0.001,0,85
2026-07-24T19:57:36.000Z,EUR/USD,RANGING_CONSOLIDATION,1.1,1.2,0.0001,false,false,true,false,false,0.45,trace_1137,{},ALLOW,1,0.001,loss,45,0.006,-0.001,0,85
2026-07-24T19:58:36.000Z,EUR/USD,TRENDING_BULLISH,1.1,1.2,0.0001,true,false,true,false,false,0.45,trace_1138,{},ALLOW,1,0.001,loss,45,0.006,-0.001,0,85
2026-07-24T19:59:36.000Z,EUR/USD,RANGING_CONSOLIDATION,1.1,1.2,0.0001,false,false,true,false,false,0.45,trace_1139,{},ALLOW,1,0.001,win,45,0.006,-0.001,0,85
2026-07-24T20:02:37.000Z,EUR/USD,TRENDING_BULLISH,2.5,1.2,0.0001,true,false,true,false,false,0.45,trace_1140,{},ALLOW,1,0.001,win,45,0.006,-0.001,0,85
2026-07-24T20:08:39.000Z,EUR/USD,RANGING_CONSOLIDATION,1.1,1.2,0.0001,false,false,true,false,false,0.45,trace_1141,{},ALLOW,1,0.001,loss,45,0.006,-0.001,0,85
2026-07-24T20:09:39.000Z,EUR/USD,TRENDING_BULLISH,1.1,1.2,0.0001,true,false,true,false,false,0.45,trace_1142,{},ALLOW,1,0.001,loss,45,0.006,-0.001,0,85
2026-07-24T20:18:41.000Z,EUR/USD,RANGING_CONSOLIDATION,1.1,1.2,0.0001,false,false,true,false,false,0.45,trace_1143,{},ALLOW,1,0.001,loss,45,0.006,-0.001,0,85
2026-07-24T20:20:42.000Z,EUR/USD,TRENDING_BULLISH,1.1,1.2,0.0001,true,false,true,false,false,0.45,trace_1144,{},ALLOW,1,0.001,loss,45,0.006,-0.001,0,85
2026-07-24T20:22:42.000Z,EUR/USD,RANGING_CONSOLIDATION,2.5,1.2,0.0001,false,false,true,false,false,0.45,trace_1145,{},ALLOW,1,0.001,loss,45,0.006,-0.001,0,85
2026-07-24T20:32:45.000Z,EUR/USD,TRENDING_BULLISH,1.1,1.2,0.0001,true,false,true,false,false,0.45,trace_1146,{},ALLOW,1,0.001,win,45,0.006,-0.001,0,85
2026-07-24T20:35:45.000Z,EUR/USD,RANGING_CONSOLIDATION,1.1,1.2,0.0001,false,false,true,false,false,0.45,trace_1147,{},ALLOW,1,0.001,loss,45,0.006,-0.001,0,85
2026-07-24T20:52:50.000Z,EUR/USD,TRENDING_BULLISH,1.1,1.2,0.0001,true,false,true,false,false,0.45,trace_1148,{},ALLOW,1,0.001,loss,45,0.006,-0.001,0,85
2026-07-24T20:54:50.000Z,EUR/USD,RANGING_CONSOLIDATION,1.1,1.2,0.0001,false,false,true,false,false,0.45,trace_1149,{},ALLOW,1,0.001,loss,45,0.006,-0.001,0,85
2026-07-24T20:56:51.000Z,EUR/USD,TRENDING_BULLISH,2.5,1.2,0.0001,true,false,true,false,false,0.45,trace_1150,{},ALLOW,1,0.001,loss,45,0.006,-0.001,0,85
2026-07-24T21:00:51.000Z,EUR/USD,RANGING_CONSOLIDATION,1.1,1.2,0.0001,false,false,true,false,false,0.45,trace_1151,{},ALLOW,1,0.001,loss,45,0.006,-0.001,0,85
2026-07-24T21:01:52.000Z,EUR/USD,TRENDING_BULLISH,1.1,1.2,0.0001,true,false,true,false,false,0.45,trace_1152,{},ALLOW,1,0.001,loss,45,0.006,-0.001,0,85
2026-07-24T21:02:52.000Z,EUR/USD,RANGING_CONSOLIDATION,1.1,1.2,0.0001,false,false,true,false,false,0.45,trace_1153,{},ALLOW,1,0.001,loss,45,0.006,-0.001,0,85
2026-07-24T21:03:53.000Z,EUR/USD,TRENDING_BULLISH,1.1,1.2,0.0001,true,false,true,false,false,0.45,trace_1154,{},ALLOW,1,0.001,loss,45,0.006,-0.001,0,85
2026-07-24T21:06:53.000Z,EUR/USD,RANGING_CONSOLIDATION,2.5,1.2,0.0001,false,false,true,false,false,0.45,trace_1155,{},ALLOW,1,0.001,loss,45,0.006,-0.001,0,85
2026-07-24T21:07:53.000Z,EUR/USD,TRENDING_BULLISH,1.1,1.2,0.0001,true,false,true,false,false,0.45,trace_1156,{},ALLOW,1,0.001,win,45,0.006,-0.001,0,85
2026-07-24T21:16:56.000Z,EUR/USD,RANGING_CONSOLIDATION,1.1,1.2,0.0001,false,false,true,false,false,0.45,trace_1157,{},ALLOW,1,0.001,loss,45,0.006,-0.001,0,85
2026-07-24T21:17:56.000Z,EUR/USD,TRENDING_BULLISH,1.1,1.2,0.0001,true,false,true,false,false,0.45,trace_1158,{},ALLOW,1,0.001,win,45,0.006,-0.001,0,85
2026-07-24T21:18:56.000Z,EUR/USD,RANGING_CONSOLIDATION,1.1,1.2,0.0001,false,false,true,false,false,0.45,trace_1159,{},ALLOW,1,0.001,loss,45,0.006,-0.001,0,85
2026-07-24T09:16:13.000Z,GBP/USD,TRENDING_BULLISH,2.5,1.2,0.0001,true,false,true,false,false,0.45,trace_1160,{},ALLOW,1,0.001,loss,45,0.006,-0.001,0,85
2026-07-24T09:34:17.000Z,GBP/USD,RANGING_CONSOLIDATION,1.1,1.2,0.0001,false,false,true,false,false,0.45,trace_1161,{},ALLOW,1,0.001,win,45,0.006,-0.001,0,85
2026-07-24T09:35:17.000Z,GBP/USD,TRENDING_BULLISH,1.1,1.2,0.0001,true,false,true,false,false,0.45,trace_1162,{},ALLOW,1,0.001,loss,45,0.006,-0.001,0,85
2026-07-24T09:36:18.000Z,GBP/USD,RANGING_CONSOLIDATION,1.1,1.2,0.0001,false,false,true,false,false,0.45,trace_1163,{},ALLOW,1,0.001,loss,45,0.006,-0.001,0,85
2026-07-24T09:37:18.000Z,GBP/USD,TRENDING_BULLISH,1.1,1.2,0.0001,true,false,true,false,false,0.45,trace_1164,{},ALLOW,1,0.001,loss,45,0.006,-0.001,0,85
2026-07-24T09:42:19.000Z,GBP/USD,RANGING_CONSOLIDATION,2.5,1.2,0.0001,false,false,true,false,false,0.45,trace_1165,{},ALLOW,1,0.001,win,45,0.006,-0.001,0,85
2026-07-24T09:44:19.000Z,GBP/USD,TRENDING_BULLISH,1.1,1.2,0.0001,true,false,true,false,false,0.45,trace_1166,{},ALLOW,1,0.001,loss,45,0.006,-0.001,0,85
2026-07-24T09:55:22.000Z,GBP/USD,RANGING_CONSOLIDATION,1.1,1.2,0.0001,false,false,true,false,false,0.45,trace_1167,{},ALLOW,1,0.001,win,45,0.006,-0.001,0,85
2026-07-24T09:57:22.000Z,GBP/USD,TRENDING_BULLISH,1.1,1.2,0.0001,true,false,true,false,false,0.45,trace_1168,{},ALLOW,1,0.001,loss,45,0.006,-0.001,0,85
2026-07-24T09:58:22.000Z,GBP/USD,RANGING_CONSOLIDATION,1.1,1.2,0.0001,false,false,true,false,false,0.45,trace_1169,{},ALLOW,1,0.001,loss,45,0.006,-0.001,0,85
2026-07-24T09:59:22.000Z,GBP/USD,TRENDING_BULLISH,2.5,1.2,0.0001,true,false,true,false,false,0.45,trace_1170,{},ALLOW,1,0.001,loss,45,0.006,-0.001,0,85
2026-07-24T10:02:23.000Z,GBP/USD,RANGING_CONSOLIDATION,1.1,1.2,0.0001,false,false,true,false,false,0.45,trace_1171,{},ALLOW,1,0.001,win,45,0.006,-0.001,0,85
2026-07-24T10:19:27.000Z,GBP/USD,TRENDING_BULLISH,1.1,1.2,0.0001,true,false,true,false,false,0.45,trace_1172,{},ALLOW,1,0.001,loss,45,0.006,-0.001,0,85
2026-07-24T10:24:28.000Z,GBP/USD,RANGING_CONSOLIDATION,1.1,1.2,0.0001,false,false,true,false,false,0.45,trace_1173,{},ALLOW,1,0.001,loss,45,0.006,-0.001,0,85
2026-07-24T10:30:29.000Z,GBP/USD,TRENDING_BULLISH,1.1,1.2,0.0001,true,false,true,false,false,0.45,trace_1174,{},ALLOW,1,0.001,loss,45,0.006,-0.001,0,85
2026-07-24T10:46:33.000Z,GBP/USD,RANGING_CONSOLIDATION,2.5,1.2,0.0001,false,false,true,false,false,0.45,trace_1175,{},ALLOW,1,0.001,win,45,0.006,-0.001,0,85
2026-07-24T10:49:33.000Z,GBP/USD,TRENDING_BULLISH,1.1,1.2,0.0001,true,false,true,false,false,0.45,trace_1176,{},ALLOW,1,0.001,win,45,0.006,-0.001,0,85
2026-07-24T10:50:33.000Z,GBP/USD,RANGING_CONSOLIDATION,1.1,1.2,0.0001,false,false,true,false,false,0.45,trace_1177,{},ALLOW,1,0.001,loss,45,0.006,-0.001,0,85
2026-07-24T10:52:34.000Z,GBP/USD,TRENDING_BULLISH,1.1,1.2,0.0001,true,false,true,false,false,0.45,trace_1178,{},ALLOW,1,0.001,win,45,0.006,-0.001,0,85
2026-07-24T10:56:35.000Z,GBP/USD,RANGING_CONSOLIDATION,1.1,1.2,0.0001,false,false,true,false,false,0.45,trace_1179,{},ALLOW,1,0.001,win,45,0.006,-0.001,0,85
2026-07-24T10:58:35.000Z,GBP/USD,TRENDING_BULLISH,2.5,1.2,0.0001,true,false,true,false,false,0.45,trace_1180,{},ALLOW,1,0.001,loss,45,0.006,-0.001,0,85
2026-07-24T10:59:35.000Z,GBP/USD,RANGING_CONSOLIDATION,1.1,1.2,0.0001,false,false,true,false,false,0.45,trace_1181,{},ALLOW,1,0.001,loss,45,0.006,-0.001,0,85
2026-07-24T11:01:36.000Z,GBP/USD,TRENDING_BULLISH,1.1,1.2,0.0001,true,false,true,false,false,0.45,trace_1182,{},ALLOW,1,0.001,loss,45,0.006,-0.001,0,85
2026-07-24T11:02:36.000Z,GBP/USD,RANGING_CONSOLIDATION,1.1,1.2,0.0001,false,false,true,false,false,0.45,trace_1183,{},ALLOW,1,0.001,loss,45,0.006,-0.001,0,85
2026-07-24T11:04:36.000Z,GBP/USD,TRENDING_BULLISH,1.1,1.2,0.0001,true,false,true,false,false,0.45,trace_1184,{},ALLOW,1,0.001,win,45,0.006,-0.001,0,85
2026-07-24T11:06:37.000Z,GBP/USD,RANGING_CONSOLIDATION,2.5,1.2,0.0001,false,false,true,false,false,0.45,trace_1185,{},ALLOW,1,0.001,win,45,0.006,-0.001,0,85
2026-07-24T11:07:37.000Z,GBP/USD,TRENDING_BULLISH,1.1,1.2,0.0001,true,false,true,false,false,0.45,trace_1186,{},ALLOW,1,0.001,win,45,0.006,-0.001,0,85
2026-07-24T11:08:37.000Z,GBP/USD,RANGING_CONSOLIDATION,1.1,1.2,0.0001,false,false,true,false,false,0.45,trace_1187,{},ALLOW,1,0.001,loss,45,0.006,-0.001,0,85
2026-07-24T11:09:37.000Z,GBP/USD,TRENDING_BULLISH,1.1,1.2,0.0001,true,false,true,false,false,0.45,trace_1188,{},ALLOW,1,0.001,loss,45,0.006,-0.001,0,85
2026-07-24T11:10:38.000Z,GBP/USD,RANGING_CONSOLIDATION,1.1,1.2,0.0001,false,false,true,false,false,0.45,trace_1189,{},ALLOW,1,0.001,loss,45,0.006,-0.001,0,85
2026-07-24T11:11:38.000Z,GBP/USD,TRENDING_BULLISH,2.5,1.2,0.0001,true,false,true,false,false,0.45,trace_1190,{},ALLOW,1,0.001,loss,45,0.006,-0.001,0,85
2026-07-24T11:12:38.000Z,GBP/USD,RANGING_CONSOLIDATION,1.1,1.2,0.0001,false,false,true,false,false,0.45,trace_1191,{},ALLOW,1,0.001,win,45,0.006,-0.001,0,85
2026-07-24T11:14:38.000Z,GBP/USD,TRENDING_BULLISH,1.1,1.2,0.0001,true,false,true,false,false,0.45,trace_1192,{},ALLOW,1,0.001,loss,45,0.006,-0.001,0,85
2026-07-24T11:22:40.000Z,GBP/USD,RANGING_CONSOLIDATION,1.1,1.2,0.0001,false,false,true,false,false,0.45,trace_1193,{},ALLOW,1,0.001,loss,45,0.006,-0.001,0,85
2026-07-24T11:25:41.000Z,GBP/USD,TRENDING_BULLISH,1.1,1.2,0.0001,true,false,true,false,false,0.45,trace_1194,{},ALLOW,1,0.001,win,45,0.006,-0.001,0,85
2026-07-24T11:30:42.000Z,GBP/USD,RANGING_CONSOLIDATION,2.5,1.2,0.0001,false,false,true,false,false,0.45,trace_1195,{},ALLOW,1,0.001,loss,45,0.006,-0.001,0,85
2026-07-24T11:31:42.000Z,GBP/USD,TRENDING_BULLISH,1.1,1.2,0.0001,true,false,true,false,false,0.45,trace_1196,{},ALLOW,1,0.001,win,45,0.006,-0.001,0,85
2026-07-24T11:35:43.000Z,GBP/USD,RANGING_CONSOLIDATION,1.1,1.2,0.0001,false,false,true,false,false,0.45,trace_1197,{},ALLOW,1,0.001,win,45,0.006,-0.001,0,85
2026-07-24T11:39:44.000Z,GBP/USD,TRENDING_BULLISH,1.1,1.2,0.0001,true,false,true,false,false,0.45,trace_1198,{},ALLOW,1,0.001,win,45,0.006,-0.001,0,85
2026-07-24T11:41:44.000Z,GBP/USD,RANGING_CONSOLIDATION,1.1,1.2,0.0001,false,false,true,false,false,0.45,trace_1199,{},ALLOW,1,0.001,loss,45,0.006,-0.001,0,85
2026-07-24T11:42:44.000Z,GBP/USD,TRENDING_BULLISH,2.5,1.2,0.0001,true,false,true,false,false,0.45,trace_1200,{},ALLOW,1,0.001,loss,45,0.006,-0.001,0,85
2026-07-24T11:46:45.000Z,GBP/USD,RANGING_CONSOLIDATION,1.1,1.2,0.0001,false,false,true,false,false,0.45,trace_1201,{},ALLOW,1,0.001,loss,45,0.006,-0.001,0,85
2026-07-24T11:47:45.000Z,GBP/USD,TRENDING_BULLISH,1.1,1.2,0.0001,true,false,true,false,false,0.45,trace_1202,{},ALLOW,1,0.001,win,45,0.006,-0.001,0,85
2026-07-24T11:48:46.000Z,GBP/USD,RANGING_CONSOLIDATION,1.1,1.2,0.0001,false,false,true,false,false,0.45,trace_1203,{},ALLOW,1,0.001,loss,45,0.006,-0.001,0,85
2026-07-24T11:49:46.000Z,GBP/USD,TRENDING_BULLISH,1.1,1.2,0.0001,true,false,true,false,false,0.45,trace_1204,{},ALLOW,1,0.001,loss,45,0.006,-0.001,0,85
2026-07-24T11:50:46.000Z,GBP/USD,RANGING_CONSOLIDATION,2.5,1.2,0.0001,false,false,true,false,false,0.45,trace_1205,{},ALLOW,1,0.001,win,45,0.006,-0.001,0,85
2026-07-24T11:51:46.000Z,GBP/USD,TRENDING_BULLISH,1.1,1.2,0.0001,true,false,true,false,false,0.45,trace_1206,{},ALLOW,1,0.001,loss,45,0.006,-0.001,0,85
2026-07-24T11:52:47.000Z,GBP/USD,RANGING_CONSOLIDATION,1.1,1.2,0.0001,false,false,true,false,false,0.45,trace_1207,{},ALLOW,1,0.001,loss,45,0.006,-0.001,0,85
2026-07-24T11:53:47.000Z,GBP/USD,TRENDING_BULLISH,1.1,1.2,0.0001,true,false,true,false,false,0.45,trace_1208,{},ALLOW,1,0.001,loss,45,0.006,-0.001,0,85
2026-07-24T11:54:47.000Z,GBP/USD,RANGING_CONSOLIDATION,1.1,1.2,0.0001,false,false,true,false,false,0.45,trace_1209,{},ALLOW,1,0.001,loss,45,0.006,-0.001,0,85
2026-07-24T12:04:49.000Z,GBP/USD,TRENDING_BULLISH,2.5,1.2,0.0001,true,false,true,false,false,0.45,trace_1210,{},ALLOW,1,0.001,win,45,0.006,-0.001,0,85
2026-07-24T12:15:52.000Z,GBP/USD,RANGING_CONSOLIDATION,1.1,1.2,0.0001,false,false,true,false,false,0.45,trace_1211,{},ALLOW,1,0.001,loss,45,0.006,-0.001,0,85
2026-07-24T12:16:52.000Z,GBP/USD,TRENDING_BULLISH,1.1,1.2,0.0001,true,false,true,false,false,0.45,trace_1212,{},ALLOW,1,0.001,win,45,0.006,-0.001,0,85
2026-07-24T12:17:53.000Z,GBP/USD,RANGING_CONSOLIDATION,1.1,1.2,0.0001,false,false,true,false,false,0.45,trace_1213,{},ALLOW,1,0.001,loss,45,0.006,-0.001,0,85
2026-07-24T12:18:53.000Z,GBP/USD,TRENDING_BULLISH,1.1,1.2,0.0001,true,false,true,false,false,0.45,trace_1214,{},ALLOW,1,0.001,loss,45,0.006,-0.001,0,85
2026-07-24T12:19:53.000Z,GBP/USD,RANGING_CONSOLIDATION,2.5,1.2,0.0001,false,false,true,false,false,0.45,trace_1215,{},ALLOW,1,0.001,loss,45,0.006,-0.001,0,85
2026-07-24T12:20:53.000Z,GBP/USD,TRENDING_BULLISH,1.1,1.2,0.0001,true,false,true,false,false,0.45,trace_1216,{},ALLOW,1,0.001,win,45,0.006,-0.001,0,85
2026-07-24T12:22:54.000Z,GBP/USD,RANGING_CONSOLIDATION,1.1,1.2,0.0001,false,false,true,false,false,0.45,trace_1217,{},ALLOW,1,0.001,loss,45,0.006,-0.001,0,85
2026-07-24T12:23:54.000Z,GBP/USD,TRENDING_BULLISH,1.1,1.2,0.0001,true,false,true,false,false,0.45,trace_1218,{},ALLOW,1,0.001,win,45,0.006,-0.001,0,85
2026-07-24T12:25:54.000Z,GBP/USD,RANGING_CONSOLIDATION,1.1,1.2,0.0001,false,false,true,false,false,0.45,trace_1219,{},ALLOW,1,0.001,loss,45,0.006,-0.001,0,85
2026-07-24T12:26:55.000Z,GBP/USD,TRENDING_BULLISH,2.5,1.2,0.0001,true,false,true,false,false,0.45,trace_1220,{},ALLOW,1,0.001,loss,45,0.006,-0.001,0,85
2026-07-24T12:27:55.000Z,GBP/USD,RANGING_CONSOLIDATION,1.1,1.2,0.0001,false,false,true,false,false,0.45,trace_1221,{},ALLOW,1,0.001,loss,45,0.006,-0.001,0,85
2026-07-24T12:29:55.000Z,GBP/USD,TRENDING_BULLISH,1.1,1.2,0.0001,true,false,true,false,false,0.45,trace_1222,{},ALLOW,1,0.001,loss,45,0.006,-0.001,0,85
2026-07-24T12:37:57.000Z,GBP/USD,RANGING_CONSOLIDATION,1.1,1.2,0.0001,false,false,true,false,false,0.45,trace_1223,{},ALLOW,1,0.001,loss,45,0.006,-0.001,0,85
2026-07-24T12:38:58.000Z,GBP/USD,TRENDING_BULLISH,1.1,1.2,0.0001,true,false,true,false,false,0.45,trace_1224,{},ALLOW,1,0.001,loss,45,0.006,-0.001,0,85
2026-07-24T12:39:58.000Z,GBP/USD,RANGING_CONSOLIDATION,2.5,1.2,0.0001,false,false,true,false,false,0.45,trace_1225,{},ALLOW,1,0.001,loss,45,0.006,-0.001,0,85
2026-07-24T13:01:02.000Z,GBP/USD,TRENDING_BULLISH,1.1,1.2,0.0001,true,false,true,false,false,0.45,trace_1226,{},ALLOW,1,0.001,loss,45,0.006,-0.001,0,85
2026-07-24T13:23:07.000Z,GBP/USD,RANGING_CONSOLIDATION,1.1,1.2,0.0001,false,false,true,false,false,0.45,trace_1227,{},ALLOW,1,0.001,win,45,0.006,-0.001,0,85
2026-07-24T13:24:07.000Z,GBP/USD,TRENDING_BULLISH,1.1,1.2,0.0001,true,false,true,false,false,0.45,trace_1228,{},ALLOW,1,0.001,loss,45,0.006,-0.001,0,85
2026-07-24T13:47:12.000Z,GBP/USD,RANGING_CONSOLIDATION,1.1,1.2,0.0001,false,false,true,false,false,0.45,trace_1229,{},ALLOW,1,0.001,loss,45,0.006,-0.001,0,85
2026-07-24T14:06:16.000Z,GBP/USD,TRENDING_BULLISH,2.5,1.2,0.0001,true,false,true,false,false,0.45,trace_1230,{},ALLOW,1,0.001,win,45,0.006,-0.001,0,85
2026-07-24T14:07:17.000Z,GBP/USD,RANGING_CONSOLIDATION,1.1,1.2,0.0001,false,false,true,false,false,0.45,trace_1231,{},ALLOW,1,0.001,loss,45,0.006,-0.001,0,85
2026-07-24T14:17:19.000Z,GBP/USD,TRENDING_BULLISH,1.1,1.2,0.0001,true,false,true,false,false,0.45,trace_1232,{},ALLOW,1,0.001,loss,45,0.006,-0.001,0,85
2026-07-24T14:18:19.000Z,GBP/USD,RANGING_CONSOLIDATION,1.1,1.2,0.0001,false,false,true,false,false,0.45,trace_1233,{},ALLOW,1,0.001,win,45,0.006,-0.001,0,85
2026-07-24T14:19:19.000Z,GBP/USD,TRENDING_BULLISH,1.1,1.2,0.0001,true,false,true,false,false,0.45,trace_1234,{},ALLOW,1,0.001,win,45,0.006,-0.001,0,85
2026-07-24T14:34:23.000Z,GBP/USD,RANGING_CONSOLIDATION,2.5,1.2,0.0001,false,false,true,false,false,0.45,trace_1235,{},ALLOW,1,0.001,win,45,0.006,-0.001,0,85
2026-07-24T14:44:25.000Z,GBP/USD,TRENDING_BULLISH,1.1,1.2,0.0001,true,false,true,false,false,0.45,trace_1236,{},ALLOW,1,0.001,win,45,0.006,-0.001,0,85
2026-07-24T14:56:28.000Z,GBP/USD,RANGING_CONSOLIDATION,1.1,1.2,0.0001,false,false,true,false,false,0.45,trace_1237,{},ALLOW,1,0.001,loss,45,0.006,-0.001,0,85
2026-07-24T14:57:28.000Z,GBP/USD,TRENDING_BULLISH,1.1,1.2,0.0001,true,false,true,false,false,0.45,trace_1238,{},ALLOW,1,0.001,win,45,0.006,-0.001,0,85
2026-07-24T15:02:29.000Z,GBP/USD,RANGING_CONSOLIDATION,1.1,1.2,0.0001,false,false,true,false,false,0.45,trace_1239,{},ALLOW,1,0.001,loss,45,0.006,-0.001,0,85
2026-07-24T15:04:29.000Z,GBP/USD,TRENDING_BULLISH,2.5,1.2,0.0001,true,false,true,false,false,0.45,trace_1240,{},ALLOW,1,0.001,win,45,0.006,-0.001,0,85
2026-07-24T15:07:30.000Z,GBP/USD,RANGING_CONSOLIDATION,1.1,1.2,0.0001,false,false,true,false,false,0.45,trace_1241,{},ALLOW,1,0.001,win,45,0.006,-0.001,0,85
2026-07-24T15:12:31.000Z,GBP/USD,TRENDING_BULLISH,1.1,1.2,0.0001,true,false,true,false,false,0.45,trace_1242,{},ALLOW,1,0.001,win,45,0.006,-0.001,0,85
2026-07-24T15:15:32.000Z,GBP/USD,RANGING_CONSOLIDATION,1.1,1.2,0.0001,false,false,true,false,false,0.45,trace_1243,{},ALLOW,1,0.001,win,45,0.006,-0.001,0,85
2026-07-24T15:17:32.000Z,GBP/USD,TRENDING_BULLISH,1.1,1.2,0.0001,true,false,true,false,false,0.45,trace_1244,{},ALLOW,1,0.001,loss,45,0.006,-0.001,0,85
2026-07-24T15:18:33.000Z,GBP/USD,RANGING_CONSOLIDATION,2.5,1.2,0.0001,false,false,true,false,false,0.45,trace_1245,{},ALLOW,1,0.001,loss,45,0.006,-0.001,0,85
2026-07-24T15:19:33.000Z,GBP/USD,TRENDING_BULLISH,1.1,1.2,0.0001,true,false,true,false,false,0.45,trace_1246,{},ALLOW,1,0.001,win,45,0.006,-0.001,0,85
2026-07-24T15:20:33.000Z,GBP/USD,RANGING_CONSOLIDATION,1.1,1.2,0.0001,false,false,true,false,false,0.45,trace_1247,{},ALLOW,1,0.001,win,45,0.006,-0.001,0,85
2026-07-24T15:21:33.000Z,GBP/USD,TRENDING_BULLISH,1.1,1.2,0.0001,true,false,true,false,false,0.45,trace_1248,{},ALLOW,1,0.001,loss,45,0.006,-0.001,0,85
2026-07-24T15:22:34.000Z,GBP/USD,RANGING_CONSOLIDATION,1.1,1.2,0.0001,false,false,true,false,false,0.45,trace_1249,{},ALLOW,1,0.001,loss,45,0.006,-0.001,0,85
2026-07-24T15:24:34.000Z,GBP/USD,TRENDING_BULLISH,2.5,1.2,0.0001,true,false,true,false,false,0.45,trace_1250,{},ALLOW,1,0.001,win,45,0.006,-0.001,0,85
2026-07-24T15:25:34.000Z,GBP/USD,RANGING_CONSOLIDATION,1.1,1.2,0.0001,false,false,true,false,false,0.45,trace_1251,{},ALLOW,1,0.001,loss,45,0.006,-0.001,0,85
2026-07-24T15:26:35.000Z,GBP/USD,TRENDING_BULLISH,1.1,1.2,0.0001,true,false,true,false,false,0.45,trace_1252,{},ALLOW,1,0.001,win,45,0.006,-0.001,0,85
2026-07-24T15:27:35.000Z,GBP/USD,RANGING_CONSOLIDATION,1.1,1.2,0.0001,false,false,true,false,false,0.45,trace_1253,{},ALLOW,1,0.001,loss,45,0.006,-0.001,0,85
2026-07-24T15:29:35.000Z,GBP/USD,TRENDING_BULLISH,1.1,1.2,0.0001,true,false,true,false,false,0.45,trace_1254,{},ALLOW,1,0.001,win,45,0.006,-0.001,0,85
2026-07-24T15:33:36.000Z,GBP/USD,RANGING_CONSOLIDATION,2.5,1.2,0.0001,false,false,true,false,false,0.45,trace_1255,{},ALLOW,1,0.001,loss,45,0.006,-0.001,0,85
2026-07-24T15:36:37.000Z,GBP/USD,TRENDING_BULLISH,1.1,1.2,0.0001,true,false,true,false,false,0.45,trace_1256,{},ALLOW,1,0.001,loss,45,0.006,-0.001,0,85
2026-07-24T15:37:37.000Z,GBP/USD,RANGING_CONSOLIDATION,1.1,1.2,0.0001,false,false,true,false,false,0.45,trace_1257,{},ALLOW,1,0.001,loss,45,0.006,-0.001,0,85
2026-07-24T15:38:38.000Z,GBP/USD,TRENDING_BULLISH,1.1,1.2,0.0001,true,false,true,false,false,0.45,trace_1258,{},ALLOW,1,0.001,loss,45,0.006,-0.001,0,85
2026-07-24T15:40:38.000Z,GBP/USD,RANGING_CONSOLIDATION,1.1,1.2,0.0001,false,false,true,false,false,0.45,trace_1259,{},ALLOW,1,0.001,win,45,0.006,-0.001,0,85
2026-07-24T15:41:38.000Z,GBP/USD,TRENDING_BULLISH,2.5,1.2,0.0001,true,false,true,false,false,0.45,trace_1260,{},ALLOW,1,0.001,loss,45,0.006,-0.001,0,85
2026-07-24T15:42:39.000Z,GBP/USD,RANGING_CONSOLIDATION,1.1,1.2,0.0001,false,false,true,false,false,0.45,trace_1261,{},ALLOW,1,0.001,loss,45,0.006,-0.001,0,85
2026-07-24T15:44:39.000Z,GBP/USD,TRENDING_BULLISH,1.1,1.2,0.0001,true,false,true,false,false,0.45,trace_1262,{},ALLOW,1,0.001,loss,45,0.006,-0.001,0,85
2026-07-24T15:50:40.000Z,GBP/USD,RANGING_CONSOLIDATION,1.1,1.2,0.0001,false,false,true,false,false,0.45,trace_1263,{},ALLOW,1,0.001,loss,45,0.006,-0.001,0,85
2026-07-24T15:51:41.000Z,GBP/USD,TRENDING_BULLISH,1.1,1.2,0.0001,true,false,true,false,false,0.45,trace_1264,{},ALLOW,1,0.001,win,45,0.006,-0.001,0,85
2026-07-24T15:52:41.000Z,GBP/USD,RANGING_CONSOLIDATION,2.5,1.2,0.0001,false,false,true,false,false,0.45,trace_1265,{},ALLOW,1,0.001,win,45,0.006,-0.001,0,85
2026-07-24T15:53:41.000Z,GBP/USD,TRENDING_BULLISH,1.1,1.2,0.0001,true,false,true,false,false,0.45,trace_1266,{},ALLOW,1,0.001,loss,45,0.006,-0.001,0,85
2026-07-24T15:54:42.000Z,GBP/USD,RANGING_CONSOLIDATION,1.1,1.2,0.0001,false,false,true,false,false,0.45,trace_1267,{},ALLOW,1,0.001,loss,45,0.006,-0.001,0,85
2026-07-24T15:55:42.000Z,GBP/USD,TRENDING_BULLISH,1.1,1.2,0.0001,true,false,true,false,false,0.45,trace_1268,{},ALLOW,1,0.001,loss,45,0.006,-0.001,0,85
2026-07-24T16:05:44.000Z,GBP/USD,RANGING_CONSOLIDATION,1.1,1.2,0.0001,false,false,true,false,false,0.45,trace_1269,{},ALLOW,1,0.001,loss,45,0.006,-0.001,0,85
2026-07-24T16:06:45.000Z,GBP/USD,TRENDING_BULLISH,2.5,1.2,0.0001,true,false,true,false,false,0.45,trace_1270,{},ALLOW,1,0.001,loss,45,0.006,-0.001,0,85
2026-07-24T16:12:46.000Z,GBP/USD,RANGING_CONSOLIDATION,1.1,1.2,0.0001,false,false,true,false,false,0.45,trace_1271,{},ALLOW,1,0.001,loss,45,0.006,-0.001,0,85
2026-07-24T16:17:48.000Z,GBP/USD,TRENDING_BULLISH,1.1,1.2,0.0001,true,false,true,false,false,0.45,trace_1272,{},ALLOW,1,0.001,win,45,0.006,-0.001,0,85
2026-07-24T16:18:48.000Z,GBP/USD,RANGING_CONSOLIDATION,1.1,1.2,0.0001,false,false,true,false,false,0.45,trace_1273,{},ALLOW,1,0.001,loss,45,0.006,-0.001,0,85
2026-07-24T16:21:49.000Z,GBP/USD,TRENDING_BULLISH,1.1,1.2,0.0001,true,false,true,false,false,0.45,trace_1274,{},ALLOW,1,0.001,win,45,0.006,-0.001,0,85
2026-07-24T16:22:49.000Z,GBP/USD,RANGING_CONSOLIDATION,2.5,1.2,0.0001,false,false,true,false,false,0.45,trace_1275,{},ALLOW,1,0.001,win,45,0.006,-0.001,0,85
2026-07-24T16:24:50.000Z,GBP/USD,TRENDING_BULLISH,1.1,1.2,0.0001,true,false,true,false,false,0.45,trace_1276,{},ALLOW,1,0.001,loss,45,0.006,-0.001,0,85
2026-07-24T16:25:50.000Z,GBP/USD,RANGING_CONSOLIDATION,1.1,1.2,0.0001,false,false,true,false,false,0.45,trace_1277,{},ALLOW,1,0.001,loss,45,0.006,-0.001,0,85
2026-07-24T16:26:50.000Z,GBP/USD,TRENDING_BULLISH,1.1,1.2,0.0001,true,false,true,false,false,0.45,trace_1278,{},ALLOW,1,0.001,loss,45,0.006,-0.001,0,85
2026-07-24T16:27:51.000Z,GBP/USD,RANGING_CONSOLIDATION,1.1,1.2,0.0001,false,false,true,false,false,0.45,trace_1279,{},ALLOW,1,0.001,loss,45,0.006,-0.001,0,85
2026-07-24T16:28:51.000Z,GBP/USD,TRENDING_BULLISH,2.5,1.2,0.0001,true,false,true,false,false,0.45,trace_1280,{},ALLOW,1,0.001,win,45,0.006,-0.001,0,85
2026-07-24T16:33:52.000Z,GBP/USD,RANGING_CONSOLIDATION,1.1,1.2,0.0001,false,false,true,false,false,0.45,trace_1281,{},ALLOW,1,0.001,loss,45,0.006,-0.001,0,85
2026-07-24T16:36:53.000Z,GBP/USD,TRENDING_BULLISH,1.1,1.2,0.0001,true,false,true,false,false,0.45,trace_1282,{},ALLOW,1,0.001,loss,45,0.006,-0.001,0,85
2026-07-24T16:40:54.000Z,GBP/USD,RANGING_CONSOLIDATION,1.1,1.2,0.0001,false,false,true,false,false,0.45,trace_1283,{},ALLOW,1,0.001,win,45,0.006,-0.001,0,85
2026-07-24T16:46:56.000Z,GBP/USD,TRENDING_BULLISH,1.1,1.2,0.0001,true,false,true,false,false,0.45,trace_1284,{},ALLOW,1,0.001,loss,45,0.006,-0.001,0,85
2026-07-24T16:47:56.000Z,GBP/USD,RANGING_CONSOLIDATION,2.5,1.2,0.0001,false,false,true,false,false,0.45,trace_1285,{},ALLOW,1,0.001,win,45,0.006,-0.001,0,85
2026-07-24T16:53:57.000Z,GBP/USD,TRENDING_BULLISH,1.1,1.2,0.0001,true,false,true,false,false,0.45,trace_1286,{},ALLOW,1,0.001,loss,45,0.006,-0.001,0,85
2026-07-24T16:55:58.000Z,GBP/USD,RANGING_CONSOLIDATION,1.1,1.2,0.0001,false,false,true,false,false,0.45,trace_1287,{},ALLOW,1,0.001,loss,45,0.006,-0.001,0,85
2026-07-24T17:05:00.000Z,GBP/USD,TRENDING_BULLISH,1.1,1.2,0.0001,true,false,true,false,false,0.45,trace_1288,{},ALLOW,1,0.001,win,45,0.006,-0.001,0,85
2026-07-24T17:06:00.000Z,GBP/USD,RANGING_CONSOLIDATION,1.1,1.2,0.0001,false,false,true,false,false,0.45,trace_1289,{},ALLOW,1,0.001,loss,45,0.006,-0.001,0,85
2026-07-24T17:08:01.000Z,GBP/USD,TRENDING_BULLISH,2.5,1.2,0.0001,true,false,true,false,false,0.45,trace_1290,{},ALLOW,1,0.001,loss,45,0.006,-0.001,0,85
2026-07-24T17:11:01.000Z,GBP/USD,RANGING_CONSOLIDATION,1.1,1.2,0.0001,false,false,true,false,false,0.45,trace_1291,{},ALLOW,1,0.001,win,45,0.006,-0.001,0,85
2026-07-24T17:13:02.000Z,GBP/USD,TRENDING_BULLISH,1.1,1.2,0.0001,true,false,true,false,false,0.45,trace_1292,{},ALLOW,1,0.001,loss,45,0.006,-0.001,0,85
2026-07-24T17:14:02.000Z,GBP/USD,RANGING_CONSOLIDATION,1.1,1.2,0.0001,false,false,true,false,false,0.45,trace_1293,{},ALLOW,1,0.001,win,45,0.006,-0.001,0,85
2026-07-24T17:17:03.000Z,GBP/USD,TRENDING_BULLISH,1.1,1.2,0.0001,true,false,true,false,false,0.45,trace_1294,{},ALLOW,1,0.001,loss,45,0.006,-0.001,0,85
2026-07-24T17:44:09.000Z,GBP/USD,RANGING_CONSOLIDATION,2.5,1.2,0.0001,false,false,true,false,false,0.45,trace_1295,{},ALLOW,1,0.001,loss,45,0.006,-0.001,0,85
2026-07-24T17:45:09.000Z,GBP/USD,TRENDING_BULLISH,1.1,1.2,0.0001,true,false,true,false,false,0.45,trace_1296,{},ALLOW,1,0.001,loss,45,0.006,-0.001,0,85
2026-07-24T17:47:09.000Z,GBP/USD,RANGING_CONSOLIDATION,1.1,1.2,0.0001,false,false,true,false,false,0.45,trace_1297,{},ALLOW,1,0.001,loss,45,0.006,-0.001,0,85
2026-07-24T17:59:12.000Z,GBP/USD,TRENDING_BULLISH,1.1,1.2,0.0001,true,false,true,false,false,0.45,trace_1298,{},ALLOW,1,0.001,loss,45,0.006,-0.001,0,85
2026-07-24T18:00:12.000Z,GBP/USD,RANGING_CONSOLIDATION,1.1,1.2,0.0001,false,false,true,false,false,0.45,trace_1299,{},ALLOW,1,0.001,loss,45,0.006,-0.001,0,85
2026-07-24T18:01:12.000Z,GBP/USD,TRENDING_BULLISH,2.5,1.2,0.0001,true,false,true,false,false,0.45,trace_1300,{},ALLOW,1,0.001,loss,45,0.006,-0.001,0,85
2026-07-24T18:02:13.000Z,GBP/USD,RANGING_CONSOLIDATION,1.1,1.2,0.0001,false,false,true,false,false,0.45,trace_1301,{},ALLOW,1,0.001,win,45,0.006,-0.001,0,85
2026-07-24T18:18:16.000Z,GBP/USD,TRENDING_BULLISH,1.1,1.2,0.0001,true,false,true,false,false,0.45,trace_1302,{},ALLOW,1,0.001,loss,45,0.006,-0.001,0,85
2026-07-24T18:19:16.000Z,GBP/USD,RANGING_CONSOLIDATION,1.1,1.2,0.0001,false,false,true,false,false,0.45,trace_1303,{},ALLOW,1,0.001,loss,45,0.006,-0.001,0,85
2026-07-24T18:22:17.000Z,GBP/USD,TRENDING_BULLISH,1.1,1.2,0.0001,true,false,true,false,false,0.45,trace_1304,{},ALLOW,1,0.001,win,45,0.006,-0.001,0,85
2026-07-24T18:25:18.000Z,GBP/USD,RANGING_CONSOLIDATION,2.5,1.2,0.0001,false,false,true,false,false,0.45,trace_1305,{},ALLOW,1,0.001,loss,45,0.006,-0.001,0,85
2026-07-24T18:26:18.000Z,GBP/USD,TRENDING_BULLISH,1.1,1.2,0.0001,true,false,true,false,false,0.45,trace_1306,{},ALLOW,1,0.001,loss,45,0.006,-0.001,0,85
2026-07-24T18:27:18.000Z,GBP/USD,RANGING_CONSOLIDATION,1.1,1.2,0.0001,false,false,true,false,false,0.45,trace_1307,{},ALLOW,1,0.001,loss,45,0.006,-0.001,0,85
2026-07-24T18:28:18.000Z,GBP/USD,TRENDING_BULLISH,1.1,1.2,0.0001,true,false,true,false,false,0.45,trace_1308,{},ALLOW,1,0.001,win,45,0.006,-0.001,0,85
2026-07-24T18:29:19.000Z,GBP/USD,RANGING_CONSOLIDATION,1.1,1.2,0.0001,false,false,true,false,false,0.45,trace_1309,{},ALLOW,1,0.001,loss,45,0.006,-0.001,0,85
2026-07-24T18:32:19.000Z,GBP/USD,TRENDING_BULLISH,2.5,1.2,0.0001,true,false,true,false,false,0.45,trace_1310,{},ALLOW,1,0.001,win,45,0.006,-0.001,0,85
2026-07-24T18:33:20.000Z,GBP/USD,RANGING_CONSOLIDATION,1.1,1.2,0.0001,false,false,true,false,false,0.45,trace_1311,{},ALLOW,1,0.001,win,45,0.006,-0.001,0,85
2026-07-24T18:39:21.000Z,GBP/USD,TRENDING_BULLISH,1.1,1.2,0.0001,true,false,true,false,false,0.45,trace_1312,{},ALLOW,1,0.001,loss,45,0.006,-0.001,0,85
2026-07-24T18:42:22.000Z,GBP/USD,RANGING_CONSOLIDATION,1.1,1.2,0.0001,false,false,true,false,false,0.45,trace_1313,{},ALLOW,1,0.001,loss,45,0.006,-0.001,0,85
2026-07-24T18:46:23.000Z,GBP/USD,TRENDING_BULLISH,1.1,1.2,0.0001,true,false,true,false,false,0.45,trace_1314,{},ALLOW,1,0.001,win,45,0.006,-0.001,0,85
2026-07-24T18:53:24.000Z,GBP/USD,RANGING_CONSOLIDATION,2.5,1.2,0.0001,false,false,true,false,false,0.45,trace_1315,{},ALLOW,1,0.001,win,45,0.006,-0.001,0,85
2026-07-24T18:54:24.000Z,GBP/USD,TRENDING_BULLISH,1.1,1.2,0.0001,true,false,true,false,false,0.45,trace_1316,{},ALLOW,1,0.001,loss,45,0.006,-0.001,0,85
2026-07-24T18:55:25.000Z,GBP/USD,RANGING_CONSOLIDATION,1.1,1.2,0.0001,false,false,true,false,false,0.45,trace_1317,{},ALLOW,1,0.001,loss,45,0.006,-0.001,0,85
2026-07-24T18:56:25.000Z,GBP/USD,TRENDING_BULLISH,1.1,1.2,0.0001,true,false,true,false,false,0.45,trace_1318,{},ALLOW,1,0.001,loss,45,0.006,-0.001,0,85
2026-07-24T18:57:25.000Z,GBP/USD,RANGING_CONSOLIDATION,1.1,1.2,0.0001,false,false,true,false,false,0.45,trace_1319,{},ALLOW,1,0.001,win,45,0.006,-0.001,0,85
2026-07-24T18:58:25.000Z,GBP/USD,TRENDING_BULLISH,2.5,1.2,0.0001,true,false,true,false,false,0.45,trace_1320,{},ALLOW,1,0.001,loss,45,0.006,-0.001,0,85
2026-07-24T18:59:26.000Z,GBP/USD,RANGING_CONSOLIDATION,1.1,1.2,0.0001,false,false,true,false,false,0.45,trace_1321,{},ALLOW,1,0.001,win,45,0.006,-0.001,0,85
2026-07-24T19:13:29.000Z,GBP/USD,TRENDING_BULLISH,1.1,1.2,0.0001,true,false,true,false,false,0.45,trace_1322,{},ALLOW,1,0.001,loss,45,0.006,-0.001,0,85
2026-07-24T19:19:30.000Z,GBP/USD,RANGING_CONSOLIDATION,1.1,1.2,0.0001,false,false,true,false,false,0.45,trace_1323,{},ALLOW,1,0.001,loss,45,0.006,-0.001,0,85
2026-07-24T19:20:30.000Z,GBP/USD,TRENDING_BULLISH,1.1,1.2,0.0001,true,false,true,false,false,0.45,trace_1324,{},ALLOW,1,0.001,loss,45,0.006,-0.001,0,85
2026-07-24T19:22:31.000Z,GBP/USD,RANGING_CONSOLIDATION,2.5,1.2,0.0001,false,false,true,false,false,0.45,trace_1325,{},ALLOW,1,0.001,loss,45,0.006,-0.001,0,85
2026-07-24T19:23:31.000Z,GBP/USD,TRENDING_BULLISH,1.1,1.2,0.0001,true,false,true,false,false,0.45,trace_1326,{},ALLOW,1,0.001,loss,45,0.006,-0.001,0,85
2026-07-24T19:25:32.000Z,GBP/USD,RANGING_CONSOLIDATION,1.1,1.2,0.0001,false,false,true,false,false,0.45,trace_1327,{},ALLOW,1,0.001,loss,45,0.006,-0.001,0,85
2026-07-24T19:29:33.000Z,GBP/USD,TRENDING_BULLISH,1.1,1.2,0.0001,true,false,true,false,false,0.45,trace_1328,{},ALLOW,1,0.001,win,45,0.006,-0.001,0,85
2026-07-24T19:31:33.000Z,GBP/USD,RANGING_CONSOLIDATION,1.1,1.2,0.0001,false,false,true,false,false,0.45,trace_1329,{},ALLOW,1,0.001,win,45,0.006,-0.001,0,85
2026-07-24T19:35:34.000Z,GBP/USD,TRENDING_BULLISH,2.5,1.2,0.0001,true,false,true,false,false,0.45,trace_1330,{},ALLOW,1,0.001,win,45,0.006,-0.001,0,85
2026-07-24T19:38:35.000Z,GBP/USD,RANGING_CONSOLIDATION,1.1,1.2,0.0001,false,false,true,false,false,0.45,trace_1331,{},ALLOW,1,0.001,loss,45,0.006,-0.001,0,85
2026-07-24T19:39:35.000Z,GBP/USD,TRENDING_BULLISH,1.1,1.2,0.0001,true,false,true,false,false,0.45,trace_1332,{},ALLOW,1,0.001,win,45,0.006,-0.001,0,85
2026-07-24T19:40:35.000Z,GBP/USD,RANGING_CONSOLIDATION,1.1,1.2,0.0001,false,false,true,false,false,0.45,trace_1333,{},ALLOW,1,0.001,loss,45,0.006,-0.001,0,85
2026-07-24T19:41:35.000Z,GBP/USD,TRENDING_BULLISH,1.1,1.2,0.0001,true,false,true,false,false,0.45,trace_1334,{},ALLOW,1,0.001,win,45,0.006,-0.001,0,85
2026-07-24T19:43:36.000Z,GBP/USD,RANGING_CONSOLIDATION,2.5,1.2,0.0001,false,false,true,false,false,0.45,trace_1335,{},ALLOW,1,0.001,win,45,0.006,-0.001,0,85
2026-07-24T19:52:38.000Z,GBP/USD,TRENDING_BULLISH,1.1,1.2,0.0001,true,false,true,false,false,0.45,trace_1336,{},ALLOW,1,0.001,win,45,0.006,-0.001,0,85
2026-07-24T20:10:42.000Z,GBP/USD,RANGING_CONSOLIDATION,1.1,1.2,0.0001,false,false,true,false,false,0.45,trace_1337,{},ALLOW,1,0.001,loss,45,0.006,-0.001,0,85
2026-07-24T20:11:43.000Z,GBP/USD,TRENDING_BULLISH,1.1,1.2,0.0001,true,false,true,false,false,0.45,trace_1338,{},ALLOW,1,0.001,win,45,0.006,-0.001,0,85
2026-07-24T20:19:45.000Z,GBP/USD,RANGING_CONSOLIDATION,1.1,1.2,0.0001,false,false,true,false,false,0.45,trace_1339,{},ALLOW,1,0.001,loss,45,0.006,-0.001,0,85
2026-07-24T20:21:45.000Z,GBP/USD,TRENDING_BULLISH,2.5,1.2,0.0001,true,false,true,false,false,0.45,trace_1340,{},ALLOW,1,0.001,win,45,0.006,-0.001,0,85
2026-07-24T20:38:49.000Z,GBP/USD,RANGING_CONSOLIDATION,1.1,1.2,0.0001,false,false,true,false,false,0.45,trace_1341,{},ALLOW,1,0.001,win,45,0.006,-0.001,0,85
2026-07-24T20:47:51.000Z,GBP/USD,TRENDING_BULLISH,1.1,1.2,0.0001,true,false,true,false,false,0.45,trace_1342,{},ALLOW,1,0.001,loss,45,0.006,-0.001,0,85
2026-07-24T20:48:51.000Z,GBP/USD,RANGING_CONSOLIDATION,1.1,1.2,0.0001,false,false,true,false,false,0.45,trace_1343,{},ALLOW,1,0.001,loss,45,0.006,-0.001,0,85
2026-07-24T20:49:52.000Z,GBP/USD,TRENDING_BULLISH,1.1,1.2,0.0001,true,false,true,false,false,0.45,trace_1344,{},ALLOW,1,0.001,win,45,0.006,-0.001,0,85
2026-07-24T20:50:52.000Z,GBP/USD,RANGING_CONSOLIDATION,2.5,1.2,0.0001,false,false,true,false,false,0.45,trace_1345,{},ALLOW,1,0.001,loss,45,0.006,-0.001,0,85
2026-07-24T20:51:52.000Z,GBP/USD,TRENDING_BULLISH,1.1,1.2,0.0001,true,false,true,false,false,0.45,trace_1346,{},ALLOW,1,0.001,loss,45,0.006,-0.001,0,85
2026-07-24T20:52:52.000Z,GBP/USD,RANGING_CONSOLIDATION,1.1,1.2,0.0001,false,false,true,false,false,0.45,trace_1347,{},ALLOW,1,0.001,loss,45,0.006,-0.001,0,85
2026-07-24T20:53:53.000Z,GBP/USD,TRENDING_BULLISH,1.1,1.2,0.0001,true,false,true,false,false,0.45,trace_1348,{},ALLOW,1,0.001,loss,45,0.006,-0.001,0,85
2026-07-24T20:55:53.000Z,GBP/USD,RANGING_CONSOLIDATION,1.1,1.2,0.0001,false,false,true,false,false,0.45,trace_1349,{},ALLOW,1,0.001,loss,45,0.006,-0.001,0,85
2026-07-24T20:57:54.000Z,GBP/USD,TRENDING_BULLISH,2.5,1.2,0.0001,true,false,true,false,false,0.45,trace_1350,{},ALLOW,1,0.001,loss,45,0.006,-0.001,0,85
2026-07-24T20:58:54.000Z,GBP/USD,RANGING_CONSOLIDATION,1.1,1.2,0.0001,false,false,true,false,false,0.45,trace_1351,{},ALLOW,1,0.001,win,45,0.006,-0.001,0,85
2026-07-24T20:59:54.000Z,GBP/USD,TRENDING_BULLISH,1.1,1.2,0.0001,true,false,true,false,false,0.45,trace_1352,{},ALLOW,1,0.001,loss,45,0.006,-0.001,0,85
2026-07-24T21:02:55.000Z,GBP/USD,RANGING_CONSOLIDATION,1.1,1.2,0.0001,false,false,true,false,false,0.45,trace_1353,{},ALLOW,1,0.001,loss,45,0.006,-0.001,0,85
2026-07-24T21:10:57.000Z,GBP/USD,TRENDING_BULLISH,1.1,1.2,0.0001,true,false,true,false,false,0.45,trace_1354,{},ALLOW,1,0.001,win,45,0.006,-0.001,0,85
2026-07-24T21:11:57.000Z,GBP/USD,RANGING_CONSOLIDATION,2.5,1.2,0.0001,false,false,true,false,false,0.45,trace_1355,{},ALLOW,1,0.001,loss,45,0.006,-0.001,0,85
2026-07-24T21:12:57.000Z,GBP/USD,TRENDING_BULLISH,1.1,1.2,0.0001,true,false,true,false,false,0.45,trace_1356,{},ALLOW,1,0.001,loss,45,0.006,-0.001,0,85
2026-07-24T21:13:58.000Z,GBP/USD,RANGING_CONSOLIDATION,1.1,1.2,0.0001,false,false,true,false,false,0.45,trace_1357,{},ALLOW,1,0.001,win,45,0.006,-0.001,0,85
2026-07-24T21:14:58.000Z,GBP/USD,TRENDING_BULLISH,1.1,1.2,0.0001,true,false,true,false,false,0.45,trace_1358,{},ALLOW,1,0.001,loss,45,0.006,-0.001,0,85
2026-07-24T21:22:00.000Z,GBP/USD,RANGING_CONSOLIDATION,1.1,1.2,0.0001,false,false,true,false,false,0.45,trace_1359,{},ALLOW,1,0.001,loss,45,0.006,-0.001,0,85
2026-07-24T21:23:00.000Z,GBP/USD,TRENDING_BULLISH,2.5,1.2,0.0001,true,false,true,false,false,0.45,trace_1360,{},ALLOW,1,0.001,loss,45,0.006,-0.001,0,85
2026-07-24T21:24:00.000Z,GBP/USD,RANGING_CONSOLIDATION,1.1,1.2,0.0001,false,false,true,false,false,0.45,trace_1361,{},ALLOW,1,0.001,win,45,0.006,-0.001,0,85
2026-07-24T21:25:00.000Z,GBP/USD,TRENDING_BULLISH,1.1,1.2,0.0001,true,false,true,false,false,0.45,trace_1362,{},ALLOW,1,0.001,loss,45,0.006,-0.001,0,85
2026-07-24T21:30:55.000Z,SOL/USD,RANGING_CONSOLIDATION,1.1,1.2,0.0001,false,false,true,false,false,0.45,trace_1363,{},ALLOW,1,0.001,breakeven,45,0.006,-0.001,0,85
2026-07-24T21:33:53.000Z,BTC/USD,TRENDING_BULLISH,1.1,1.2,0.0001,true,false,true,false,false,0.45,trace_1364,{},ALLOW,1,0.001,breakeven,45,0.006,-0.001,0,85
2026-07-24T21:34:03.000Z,GBP/USD,RANGING_CONSOLIDATION,2.5,1.2,0.0001,false,false,true,false,false,0.45,trace_1365,{},ALLOW,1,0.001,breakeven,45,0.006,-0.001,0,85
2026-07-24T21:35:58.000Z,BNB/USD,TRENDING_BULLISH,1.1,1.2,0.0001,true,false,true,false,false,0.45,trace_1366,{},ALLOW,1,0.001,breakeven,45,0.006,-0.001,0,85
2026-07-24T21:42:01.000Z,EUR/USD,RANGING_CONSOLIDATION,1.1,1.2,0.0001,false,false,true,false,false,0.45,trace_1367,{},ALLOW,1,0.001,breakeven,45,0.006,-0.001,0,85
2026-07-24T21:36:54.000Z,BTC/USD,TRENDING_BULLISH,1.1,1.2,0.0001,true,false,true,false,false,0.45,trace_1368,{},ALLOW,1,0.001,loss,45,0.006,-0.001,0,85
2026-07-24T21:37:54.000Z,BTC/USD,RANGING_CONSOLIDATION,1.1,1.2,0.0001,false,false,true,false,false,0.45,trace_1369,{},ALLOW,1,0.001,loss,45,0.006,-0.001,0,85
2026-07-24T21:41:55.000Z,BTC/USD,TRENDING_BULLISH,2.5,1.2,0.0001,true,false,true,false,false,0.45,trace_1370,{},ALLOW,1,0.001,win,45,0.006,-0.001,0,85
2026-07-24T21:42:56.000Z,BTC/USD,RANGING_CONSOLIDATION,1.1,1.2,0.0001,false,false,true,false,false,0.45,trace_1371,{},ALLOW,1,0.001,loss,45,0.006,-0.001,0,85
2026-07-24T21:43:56.000Z,BTC/USD,TRENDING_BULLISH,1.1,1.2,0.0001,true,false,true,false,false,0.45,trace_1372,{},ALLOW,1,0.001,loss,45,0.006,-0.001,0,85
2026-07-24T21:44:56.000Z,BTC/USD,RANGING_CONSOLIDATION,1.1,1.2,0.0001,false,false,true,false,false,0.45,trace_1373,{},ALLOW,1,0.001,win,45,0.006,-0.001,0,85
2026-07-24T21:33:54.000Z,ETH/USD,TRENDING_BULLISH,1.1,1.2,0.0001,true,false,true,false,false,0.45,trace_1374,{},ALLOW,1,0.001,win,45,0.006,-0.001,0,85
2026-07-24T21:37:55.000Z,ETH/USD,RANGING_CONSOLIDATION,2.5,1.2,0.0001,false,false,true,false,false,0.45,trace_1375,{},ALLOW,1,0.001,loss,45,0.006,-0.001,0,85
2026-07-24T21:40:56.000Z,ETH/USD,TRENDING_BULLISH,1.1,1.2,0.0001,true,false,true,false,false,0.45,trace_1376,{},ALLOW,1,0.001,win,45,0.006,-0.001,0,85
2026-07-24T21:44:57.000Z,ETH/USD,RANGING_CONSOLIDATION,1.1,1.2,0.0001,false,false,true,false,false,0.45,trace_1377,{},ALLOW,1,0.001,loss,45,0.006,-0.001,0,85
2026-07-24T21:32:55.000Z,SOL/USD,RANGING_CONSOLIDATION,1.1,1.2,0.0001,false,false,true,false,false,0.45,trace_1379,{},ALLOW,1,0.001,loss,45,0.006,-0.001,0,85
2026-07-24T21:36:56.000Z,SOL/USD,TRENDING_BULLISH,2.5,1.2,0.0001,true,false,true,false,false,0.45,trace_1380,{},ALLOW,1,0.001,loss,45,0.006,-0.001,0,85
2026-07-24T21:37:56.000Z,SOL/USD,RANGING_CONSOLIDATION,1.1,1.2,0.0001,false,false,true,false,false,0.45,trace_1381,{},ALLOW,1,0.001,loss,45,0.006,-0.001,0,85
2026-07-24T21:38:57.000Z,SOL/USD,TRENDING_BULLISH,1.1,1.2,0.0001,true,false,true,false,false,0.45,trace_1382,{},ALLOW,1,0.001,loss,45,0.006,-0.001,0,85
2026-07-24T21:39:57.000Z,SOL/USD,RANGING_CONSOLIDATION,1.1,1.2,0.0001,false,false,true,false,false,0.45,trace_1383,{},ALLOW,1,0.001,loss,45,0.006,-0.001,0,85
2026-07-24T21:41:57.000Z,SOL/USD,TRENDING_BULLISH,1.1,1.2,0.0001,true,false,true,false,false,0.45,trace_1384,{},ALLOW,1,0.001,loss,45,0.006,-0.001,0,85
2026-07-24T21:41:59.000Z,BNB/USD,RANGING_CONSOLIDATION,2.5,1.2,0.0001,false,false,true,false,false,0.45,trace_1385,{},ALLOW,1,0.001,loss,45,0.006,-0.001,0,85
2026-07-24T21:43:01.000Z,EUR/USD,TRENDING_BULLISH,1.1,1.2,0.0001,true,false,true,false,false,0.45,trace_1386,{},ALLOW,1,0.001,loss,45,0.006,-0.001,0,85
2026-07-24T21:44:02.000Z,EUR/USD,RANGING_CONSOLIDATION,1.1,1.2,0.0001,false,false,true,false,false,0.45,trace_1387,{},ALLOW,1,0.001,loss,45,0.006,-0.001,0,85
2026-07-24T21:46:02.000Z,EUR/USD,TRENDING_BULLISH,1.1,1.2,0.0001,true,false,true,false,false,0.45,trace_1388,{},ALLOW,1,0.001,loss,45,0.006,-0.001,0,85
2026-07-24T21:40:04.000Z,GBP/USD,RANGING_CONSOLIDATION,1.1,1.2,0.0001,false,false,true,false,false,0.45,trace_1389,{},ALLOW,1,0.001,loss,45,0.006,-0.001,0,85
2026-07-24T21:41:04.000Z,GBP/USD,TRENDING_BULLISH,2.5,1.2,0.0001,true,false,true,false,false,0.45,trace_1390,{},ALLOW,1,0.001,win,45,0.006,-0.001,0,85
