id,backendId,symbol,direction,entryDate,exitDate,entryPrice,exitPrice,result,pnl
1,trade_103,BTC/USD,SHORT,2026-07-24T09:15:04.000Z,2026-07-24T09:16:04.000Z,95337.72115500038,95051.70799153538,win,6.000000000000027
2,trade_104,BTC/USD,SHORT,2026-07-24T09:16:04.000Z,2026-07-24T09:17:04.000Z,95117.47107342262,94832.11866020235,win,6.000000000000105
3,trade_105,BTC/USD,SHORT,2026-07-24T09:17:04.000Z,2026-07-24T09:18:04.000Z,94763.68307997414,94905.8286045941,loss,-3.000000000000018
4,trade_106,BTC/USD,SHORT,2026-07-24T09:18:04.000Z,2026-07-24T09:19:04.000Z,94878.53948619823,95020.85729542754,loss,-3.00000000000025
5,trade_109,BTC/USD,SHORT,2026-07-24T09:21:05.000Z,2026-07-24T09:22:05.000Z,95221.33761747635,95364.16962390258,loss,-3.0000000000001674
6,trade_110,BTC/USD,SHORT,2026-07-24T09:22:05.000Z,2026-07-24T09:23:05.000Z,95181.11846020547,95323.89013789578,loss,-3.0000000000000533
7,trade_111,BTC/USD,SHORT,2026-07-24T09:23:05.000Z,2026-07-24T09:24:05.000Z,95120.00467647529,95262.68468349,loss,-3.000000000000036
8,trade_112,BTC/USD,SHORT,2026-07-24T09:24:06.000Z,2026-07-24T09:25:06.000Z,95200.94465747106,95343.74607445727,loss,-3.000000000000165
9,trade_114,BTC/USD,SHORT,2026-07-24T09:26:06.000Z,2026-07-24T09:27:06.000Z,95292.13912944675,95435.07733814092,loss,-3.000000000000141
10,trade_115,BTC/USD,SHORT,2026-07-24T09:27:06.000Z,2026-07-24T09:28:06.000Z,95046.66162542191,94761.52164054564,win,6.00000000000002
11,trade_116,BTC/USD,SHORT,2026-07-24T09:28:07.000Z,2026-07-24T09:29:07.000Z,94785.29561902124,94927.47356244978,loss,-3.000000000000209
12,trade_117,BTC/USD,SHORT,2026-07-24T09:29:07.000Z,2026-07-24T09:30:07.000Z,95280.40451636267,95423.32512313723,loss,-3.0000000000002194
13,trade_130,BTC/USD,LONG,2026-07-24T09:42:10.000Z,2026-07-24T09:43:10.000Z,97130.23346322746,96984.53811303263,loss,-2.9999999999997713
14,trade_136,BTC/USD,LONG,2026-07-24T09:48:11.000Z,2026-07-24T09:49:11.000Z,97046.30671618064,96900.73725610637,loss,-3.000000000000017
15,trade_137,BTC/USD,LONG,2026-07-24T09:49:11.000Z,2026-07-24T09:50:11.000Z,97102.63979863217,97393.94771802805,win,5.999999999999738
16,trade_143,BTC/USD,SHORT,2026-07-24T09:55:12.000Z,2026-07-24T09:56:12.000Z,97182.5276797639,97328.30147128354,loss,-3.000000000000055
17,trade_144,BTC/USD,SHORT,2026-07-24T09:56:13.000Z,2026-07-24T09:57:13.000Z,97297.76157645883,97443.70821882352,loss,-3.000000000000148
18,trade_151,BTC/USD,LONG,2026-07-24T10:03:14.000Z,2026-07-24T10:04:14.000Z,97812.66364829999,98106.10163924488,win,5.999999999999812
19,trade_153,BTC/USD,SHORT,2026-07-24T10:05:15.000Z,2026-07-24T10:06:15.000Z,98536.20369662919,98684.00800217415,loss,-3.000000000000177
20,trade_156,BTC/USD,LONG,2026-07-24T10:08:15.000Z,2026-07-24T10:09:15.000Z,98290.71447891509,98143.27840719672,loss,-3.000000000000019
21,trade_157,BTC/USD,SHORT,2026-07-24T10:09:15.000Z,2026-07-24T10:10:15.000Z,98131.51390327212,98278.71117412703,loss,-3.0000000000001323
22,trade_158,BTC/USD,LONG,2026-07-24T10:10:16.000Z,2026-07-24T10:11:16.000Z,98253.93991090509,98103.06359486106,loss,-3.0711504532203073
23,trade_159,BTC/USD,LONG,2026-07-24T10:11:16.000Z,2026-07-24T10:12:16.000Z,98472.93629222951,98774.47708016454,win,6.12433830631734
24,trade_165,BTC/USD,LONG,2026-07-24T10:17:17.000Z,2026-07-24T10:18:17.000Z,99035.98669388749,98876.98176991411,loss,-3.2110534621086746
25,trade_174,BTC/USD,SHORT,2026-07-24T10:26:19.000Z,2026-07-24T10:27:19.000Z,99404.39297265056,99553.49956210954,loss,-3.000000000000178
26,trade_194,BTC/USD,SHORT,2026-07-24T10:46:23.000Z,2026-07-24T10:47:23.000Z,101435.00009688336,101130.69509659271,win,6.000000000000057
27,trade_195,BTC/USD,SHORT,2026-07-24T10:47:24.000Z,2026-07-24T10:48:24.000Z,100950.45193815268,101101.87761605991,loss,-3.000000000000042
28,trade_196,BTC/USD,SHORT,2026-07-24T10:48:24.000Z,2026-07-24T10:49:24.000Z,101019.26488375106,100716.20708909981,win,5.999999999999925
29,trade_198,BTC/USD,SHORT,2026-07-24T10:50:24.000Z,2026-07-24T10:51:24.000Z,100735.6193544602,100886.72278349189,loss,-2.99999999999998
30,trade_199,BTC/USD,SHORT,2026-07-24T10:51:25.000Z,2026-07-24T10:52:25.000Z,101228.92221173614,101380.76559505374,loss,-3.0000000000001052
31,trade_203,BTC/USD,SHORT,2026-07-24T10:55:25.000Z,2026-07-24T10:56:25.000Z,101375.2502650001,101527.3131403976,loss,-3.000000000000064
32,trade_207,BTC/USD,SHORT,2026-07-24T10:59:26.000Z,2026-07-24T11:00:26.000Z,101302.38344176496,100998.47629143967,win,5.999999999999955
33,trade_208,BTC/USD,LONG,2026-07-24T11:00:26.000Z,2026-07-24T11:01:26.000Z,100849.37973855207,100698.10566894425,loss,-2.9999999999999454
34,trade_209,BTC/USD,LONG,2026-07-24T11:01:27.000Z,2026-07-24T11:02:27.000Z,100681.65340634318,100530.63092623367,loss,-2.9999999999997624
35,trade_210,BTC/USD,LONG,2026-07-24T11:02:27.000Z,2026-07-24T11:03:27.000Z,100753.50285304073,100602.37259876117,loss,-2.999999999999982
36,trade_211,BTC/USD,SHORT,2026-07-24T11:03:27.000Z,2026-07-24T11:04:27.000Z,100784.46599593599,100935.64269492989,loss,-3.000000000000041
37,trade_212,BTC/USD,LONG,2026-07-24T11:04:27.000Z,2026-07-24T11:05:27.000Z,100953.43718907223,100802.00703328862,loss,-2.9999999999998472
38,trade_213,BTC/USD,LONG,2026-07-24T11:05:28.000Z,2026-07-24T11:06:28.000Z,100874.90759011245,101177.53231288277,win,5.9999999999998135
39,trade_214,BTC/USD,LONG,2026-07-24T11:06:28.000Z,2026-07-24T11:07:28.000Z,101163.34609296882,101011.60107382937,loss,-2.9999999999998472
40,trade_215,BTC/USD,LONG,2026-07-24T11:07:28.000Z,2026-07-24T11:08:28.000Z,101303.4829956763,101151.5277711828,loss,-2.999999999999792
41,trade_216,BTC/USD,LONG,2026-07-24T11:08:28.000Z,2026-07-24T11:09:28.000Z,101271.2114989207,101575.02513341745,win,5.999999999999756
42,trade_217,BTC/USD,LONG,2026-07-24T11:09:28.000Z,2026-07-24T11:10:28.000Z,101590.6073639332,101895.37918602499,win,5.999999999999784
43,trade_219,BTC/USD,LONG,2026-07-24T11:11:29.000Z,2026-07-24T11:12:29.000Z,101863.59876532329,102169.18956161925,win,5.999999999999824
44,trade_221,BTC/USD,LONG,2026-07-24T11:13:29.000Z,2026-07-24T11:14:29.000Z,102280.49909763818,102127.07834899172,loss,-3.0000000000000218
45,trade_222,BTC/USD,LONG,2026-07-24T11:14:29.000Z,2026-07-24T11:15:29.000Z,102167.51358115302,102474.01612189646,win,5.999999999999708
46,trade_223,BTC/USD,SHORT,2026-07-24T11:15:30.000Z,2026-07-24T11:16:30.000Z,102130.60485417524,102283.80076145651,loss,-3.0000000000002403
47,trade_238,BTC/USD,LONG,2026-07-24T11:30:33.000Z,2026-07-24T11:31:33.000Z,104561.68525700341,104404.84272911791,loss,-2.9999999999998885
48,trade_240,BTC/USD,SHORT,2026-07-24T11:32:33.000Z,2026-07-24T11:33:33.000Z,104515.07119701599,104671.84380381151,loss,-2.999999999999976
49,trade_242,BTC/USD,SHORT,2026-07-24T11:34:34.000Z,2026-07-24T11:35:34.000Z,104444.78756977485,104601.45475112952,loss,-3.000000000000165
50,trade_244,BTC/USD,SHORT,2026-07-24T11:36:34.000Z,2026-07-24T11:37:34.000Z,104406.595368886,104563.20526193934,loss,-3.000000000000086
51,trade_245,BTC/USD,SHORT,2026-07-24T11:37:34.000Z,2026-07-24T11:38:34.000Z,104366.16555011539,104522.71479844056,loss,-2.9999999999999947
52,trade_248,BTC/USD,SHORT,2026-07-24T11:40:35.000Z,2026-07-24T11:41:35.000Z,104602.32071933869,104759.22420041771,loss,-3.0000000000001923
53,trade_271,BTC/USD,SHORT,2026-07-24T12:03:40.000Z,2026-07-24T12:04:40.000Z,105398.59225754786,105556.69014593419,loss,-3.0000000000001203
54,trade_274,BTC/USD,LONG,2026-07-24T12:06:41.000Z,2026-07-24T12:07:41.000Z,105713.70511337691,106030.84622871703,win,5.999999999999668
55,trade_277,BTC/USD,LONG,2026-07-24T12:09:42.000Z,2026-07-24T12:10:42.000Z,106388.37921456402,106228.79664574217,loss,-3.0000000000000093
56,trade_279,BTC/USD,LONG,2026-07-24T12:11:42.000Z,2026-07-24T12:12:42.000Z,105888.45314622988,106206.11850566855,win,5.9999999999996945
57,trade_282,BTC/USD,LONG,2026-07-24T12:14:43.000Z,2026-07-24T12:15:43.000Z,105932.46579982794,105773.56710112821,loss,-2.9999999999998384
58,trade_283,BTC/USD,LONG,2026-07-24T12:15:43.000Z,2026-07-24T12:16:43.000Z,105855.36224911256,105696.57920573889,loss,-2.9999999999999685
59,trade_284,BTC/USD,LONG,2026-07-24T12:16:43.000Z,2026-07-24T12:17:43.000Z,105842.64127012367,105683.87730821849,loss,-2.9999999999998392
60,trade_286,BTC/USD,LONG,2026-07-24T12:18:44.000Z,2026-07-24T12:19:44.000Z,105719.89437790132,105561.31453633448,loss,-2.999999999999766
61,trade_287,BTC/USD,LONG,2026-07-24T12:19:44.000Z,2026-07-24T12:20:44.000Z,105695.71135598516,105537.16778895119,loss,-2.999999999999755
62,trade_288,BTC/USD,LONG,2026-07-24T12:20:44.000Z,2026-07-24T12:21:44.000Z,105971.16623889697,105812.20948953863,loss,-2.999999999999999
63,trade_290,BTC/USD,LONG,2026-07-24T12:22:45.000Z,2026-07-24T12:23:45.000Z,105973.35260897625,105814.39258006279,loss,-2.9999999999998073
64,trade_291,BTC/USD,LONG,2026-07-24T12:23:45.000Z,2026-07-24T12:24:45.000Z,105904.33532442462,106222.04833039788,win,5.999999999999719
65,trade_295,BTC/USD,LONG,2026-07-24T12:27:46.000Z,2026-07-24T12:28:46.000Z,106148.57492696267,105989.35206457223,loss,-2.999999999999878
66,trade_297,BTC/USD,LONG,2026-07-24T12:29:46.000Z,2026-07-24T12:30:46.000Z,105976.77280047936,105817.80764127865,loss,-2.999999999999904
67,trade_299,BTC/USD,LONG,2026-07-24T12:31:47.000Z,2026-07-24T12:32:47.000Z,105789.20728095227,105630.52347003084,loss,-3.0000000000000218
68,trade_300,BTC/USD,LONG,2026-07-24T12:32:47.000Z,2026-07-24T12:33:47.000Z,105453.72662169575,105770.08780156083,win,5.999999999999897
69,trade_301,BTC/USD,LONG,2026-07-24T12:33:47.000Z,2026-07-24T12:34:47.000Z,105708.29600615545,106025.4208941739,win,5.999999999999834
70,trade_302,BTC/USD,LONG,2026-07-24T12:34:47.000Z,2026-07-24T12:35:47.000Z,106381.54240956067,106221.97009594634,loss,-2.99999999999989
71,trade_303,BTC/USD,SHORT,2026-07-24T12:35:47.000Z,2026-07-24T12:36:47.000Z,106153.98541478318,106313.21639290536,loss,-3.0000000000001883
72,trade_304,BTC/USD,LONG,2026-07-24T12:36:48.000Z,2026-07-24T12:37:48.000Z,106503.96409452638,106344.2081483846,loss,-2.999999999999897
73,trade_305,BTC/USD,LONG,2026-07-24T12:37:48.000Z,2026-07-24T12:38:48.000Z,106676.41653192369,106516.40190712581,loss,-2.9999999999999827
74,trade_306,BTC/USD,LONG,2026-07-24T12:38:48.000Z,2026-07-24T12:39:48.000Z,106569.09699646832,106888.80428745771,win,5.999999999999728
75,trade_308,BTC/USD,LONG,2026-07-24T12:40:49.000Z,2026-07-24T12:41:49.000Z,106697.33759460622,107017.42960739002,win,5.999999999999717
76,trade_309,BTC/USD,LONG,2026-07-24T12:41:49.000Z,2026-07-24T12:42:49.000Z,106949.23010264582,106788.80625749186,loss,-2.9999999999997766
77,trade_310,BTC/USD,LONG,2026-07-24T12:42:49.000Z,2026-07-24T12:43:49.000Z,106760.82536207887,107081.1078381651,win,5.999999999999833
78,trade_311,BTC/USD,LONG,2026-07-24T12:43:49.000Z,2026-07-24T12:44:49.000Z,107039.82876047047,106879.26901732977,loss,-2.999999999999766
79,trade_312,BTC/USD,LONG,2026-07-24T12:44:49.000Z,2026-07-24T12:45:49.000Z,107023.66944809757,106863.13394392544,loss,-2.9999999999997713
80,trade_318,BTC/USD,SHORT,2026-07-24T12:50:51.000Z,2026-07-24T12:51:51.000Z,107133.51767284065,107294.21794934991,loss,-3.00000000000002
81,trade_320,BTC/USD,SHORT,2026-07-24T12:52:51.000Z,2026-07-24T12:53:51.000Z,107039.35421253114,107199.91324384994,loss,-3.000000000000069
82,trade_328,BTC/USD,SHORT,2026-07-24T13:00:53.000Z,2026-07-24T13:01:53.000Z,107708.71249026636,107875.30644517283,loss,-3.0934165130145677
83,trade_329,BTC/USD,LONG,2026-07-24T13:01:53.000Z,2026-07-24T13:02:53.000Z,108157.63748843313,107990.37011875735,loss,-3.0930292776351194
84,trade_330,BTC/USD,SHORT,2026-07-24T13:02:53.000Z,2026-07-24T13:03:53.000Z,107916.44745307561,108083.71767552126,loss,-3.099994975619949
85,trade_331,BTC/USD,LONG,2026-07-24T13:03:53.000Z,2026-07-24T13:04:53.000Z,107868.47802867774,108210.14731452521,win,6.334923642041841
86,trade_332,BTC/USD,LONG,2026-07-24T13:04:54.000Z,2026-07-24T13:05:54.000Z,108283.81655247457,108628.09371041338,win,6.358792456709704
87,trade_341,BTC/USD,LONG,2026-07-24T13:13:56.000Z,2026-07-24T13:14:56.000Z,108815.48957296032,109141.93604167919,win,5.9999999999998685
88,trade_347,BTC/USD,SHORT,2026-07-24T13:19:57.000Z,2026-07-24T13:20:57.000Z,109629.64498177085,109300.75604682554,win,5.999999999999941
89,trade_348,BTC/USD,SHORT,2026-07-24T13:20:57.000Z,2026-07-24T13:21:57.000Z,109323.91106248992,109487.89692908365,loss,-3.0000000000000098
90,trade_349,BTC/USD,SHORT,2026-07-24T13:21:57.000Z,2026-07-24T13:22:57.000Z,109466.18958067021,109630.38886504123,loss,-3.0000000000002265
91,trade_350,BTC/USD,SHORT,2026-07-24T13:22:57.000Z,2026-07-24T13:23:57.000Z,109425.83979119807,109589.97855088487,loss,-3.000000000000067
92,trade_355,BTC/USD,SHORT,2026-07-24T13:27:59.000Z,2026-07-24T13:28:59.000Z,109636.76733203215,109307.85703003604,win,6.000000000000137
93,trade_356,BTC/USD,SHORT,2026-07-24T13:28:59.000Z,2026-07-24T13:29:59.000Z,109289.49760974322,109453.43185615784,loss,-3.000000000000049
94,trade_357,BTC/USD,SHORT,2026-07-24T13:29:59.000Z,2026-07-24T13:30:59.000Z,109546.77571129595,109711.0958748629,loss,-3.000000000000181
95,trade_365,BTC/USD,SHORT,2026-07-24T13:38:01.000Z,2026-07-24T13:39:01.000Z,110575.34478032059,110243.61874597963,win,5.999999999999932
96,trade_366,BTC/USD,SHORT,2026-07-24T13:39:01.000Z,2026-07-24T13:40:01.000Z,110271.1458480644,110436.55256683652,loss,-3.0000000000002145
97,trade_367,BTC/USD,SHORT,2026-07-24T13:40:01.000Z,2026-07-24T13:41:01.000Z,110195.68164230509,109865.09459737818,win,5.999999999999963
98,trade_369,BTC/USD,SHORT,2026-07-24T13:42:02.000Z,2026-07-24T13:43:02.000Z,110069.23901174607,109739.03129471083,win,6.000000000000073
99,trade_370,BTC/USD,SHORT,2026-07-24T13:43:02.000Z,2026-07-24T13:44:02.000Z,110094.36309389473,110259.50463853558,loss,-3.0000000000001443
100,trade_371,BTC/USD,SHORT,2026-07-24T13:44:02.000Z,2026-07-24T13:45:02.000Z,110291.51898686557,110456.95626534587,loss,-2.9999999999999956
101,trade_372,BTC/USD,SHORT,2026-07-24T13:45:03.000Z,2026-07-24T13:46:03.000Z,110349.96047133309,110515.4854120401,loss,-3.0000000000001474
102,trade_379,BTC/USD,LONG,2026-07-24T13:52:04.000Z,2026-07-24T13:53:04.000Z,109974.37548914424,109809.41392591053,loss,-2.999999999999851
103,trade_381,BTC/USD,LONG,2026-07-24T13:54:05.000Z,2026-07-24T13:55:05.000Z,109704.32689817659,110033.43987887111,win,5.999999999999906
104,trade_382,BTC/USD,LONG,2026-07-24T13:55:05.000Z,2026-07-24T13:56:05.000Z,110178.77556149496,110013.50739815272,loss,-2.9999999999998215
105,trade_383,BTC/USD,LONG,2026-07-24T13:56:05.000Z,2026-07-24T13:57:05.000Z,110117.17962149954,110447.53116036403,win,5.999999999999812
106,trade_384,BTC/USD,LONG,2026-07-24T13:57:05.000Z,2026-07-24T13:58:05.000Z,110634.71566966418,110466.15529355373,loss,-3.04715161222513
107,trade_386,BTC/USD,LONG,2026-07-24T13:59:06.000Z,2026-07-24T14:00:06.000Z,110365.82352812821,110728.75256028485,win,6.57683729536326
108,trade_387,BTC/USD,SHORT,2026-07-24T14:00:06.000Z,2026-07-24T14:01:06.000Z,110667.29036914118,110845.03060072186,loss,-3.2121547566189386
109,trade_388,BTC/USD,LONG,2026-07-24T14:01:06.000Z,2026-07-24T14:02:06.000Z,111040.55705377797,111380.94404295551,win,6.130858817876549
110,trade_390,BTC/USD,LONG,2026-07-24T14:03:07.000Z,2026-07-24T14:04:07.000Z,111536.80327269681,111362.57480343706,loss,-3.1241431374678004
111,trade_394,BTC/USD,SHORT,2026-07-24T14:07:08.000Z,2026-07-24T14:08:08.000Z,112051.2735043062,112219.35041456266,loss,-3.000000000000126
112,trade_409,BTC/USD,LONG,2026-07-24T14:22:11.000Z,2026-07-24T14:23:11.000Z,114754.8190933264,115099.08355060636,win,5.999999999999696
113,trade_421,BTC/USD,SHORT,2026-07-24T14:34:14.000Z,2026-07-24T14:35:14.000Z,115208.13799110078,115380.95019808743,loss,-3.000000000000002
114,trade_425,BTC/USD,SHORT,2026-07-24T14:38:15.000Z,2026-07-24T14:39:15.000Z,116609.74627807453,116259.9170392403,win,5.9999999999999964
115,trade_433,BTC/USD,LONG,2026-07-24T14:46:16.000Z,2026-07-24T14:47:16.000Z,116517.49740792769,116342.7211618158,loss,-2.999999999999865
116,trade_434,BTC/USD,LONG,2026-07-24T14:47:17.000Z,2026-07-24T14:48:17.000Z,116620.42511354484,116445.49447587453,loss,-2.999999999999997
117,trade_435,BTC/USD,LONG,2026-07-24T14:48:17.000Z,2026-07-24T14:49:17.000Z,116551.46920797112,116376.64200415918,loss,-2.999999999999828
118,trade_437,BTC/USD,LONG,2026-07-24T14:50:17.000Z,2026-07-24T14:51:17.000Z,116631.36329321243,116456.41624827262,loss,-2.9999999999997966
119,trade_441,BTC/USD,LONG,2026-07-24T14:54:18.000Z,2026-07-24T14:55:18.000Z,115794.51982659908,115620.82804685918,loss,-2.9999999999999
120,trade_444,BTC/USD,LONG,2026-07-24T14:57:19.000Z,2026-07-24T14:58:19.000Z,115646.61786973031,115993.55772333949,win,5.999999999999738
121,trade_447,BTC/USD,SHORT,2026-07-24T15:00:20.000Z,2026-07-24T15:01:20.000Z,115838.18364849917,116011.94092397192,loss,-3.000000000000176
122,trade_451,BTC/USD,SHORT,2026-07-24T15:04:20.000Z,2026-07-24T15:05:20.000Z,116647.9186461056,116822.89052407476,loss,-3.0000000000000475
123,trade_452,BTC/USD,LONG,2026-07-24T15:05:21.000Z,2026-07-24T15:06:21.000Z,116688.86874995744,116513.83544683251,loss,-2.9999999999999285
124,trade_453,BTC/USD,LONG,2026-07-24T15:06:21.000Z,2026-07-24T15:07:21.000Z,116777.94403763978,117128.2778697527,win,5.999999999999877
125,trade_454,BTC/USD,LONG,2026-07-24T15:07:21.000Z,2026-07-24T15:08:21.000Z,117000.94250614208,116825.44109238287,loss,-2.9999999999999116
126,trade_455,BTC/USD,SHORT,2026-07-24T15:08:21.000Z,2026-07-24T15:09:21.000Z,116685.80640027439,116860.83510987481,loss,-3.000000000000104
127,trade_457,BTC/USD,LONG,2026-07-24T15:10:22.000Z,2026-07-24T15:11:22.000Z,116760.12063557189,116584.98045461853,loss,-2.9999999999999742
128,trade_458,BTC/USD,SHORT,2026-07-24T15:11:22.000Z,2026-07-24T15:12:22.000Z,116452.61658051143,116103.2587307699,win,5.999999999999913
129,trade_459,BTC/USD,SHORT,2026-07-24T15:12:22.000Z,2026-07-24T15:13:22.000Z,115988.02748324412,116162.00952446899,loss,-3.000000000000004
130,trade_461,BTC/USD,SHORT,2026-07-24T15:14:23.000Z,2026-07-24T15:15:23.000Z,116098.35201214046,116272.49954015868,loss,-3.000000000000166
131,trade_463,BTC/USD,LONG,2026-07-24T15:16:23.000Z,2026-07-24T15:17:23.000Z,117084.01288269796,116908.38686337392,loss,-2.9999999999999676
132,trade_465,BTC/USD,SHORT,2026-07-24T15:18:24.000Z,2026-07-24T15:19:24.000Z,116881.34763965165,117056.66966111114,loss,-3.000000000000235
133,trade_468,BTC/USD,SHORT,2026-07-24T15:21:25.000Z,2026-07-24T15:22:25.000Z,117094.21191502178,117269.85323289431,loss,-3.0000000000000275
134,trade_469,BTC/USD,SHORT,2026-07-24T15:22:25.000Z,2026-07-24T15:23:25.000Z,116912.3671808892,116561.63007934653,win,5.999999999999897
135,trade_473,BTC/USD,SHORT,2026-07-24T15:26:26.000Z,2026-07-24T15:27:26.000Z,116338.12275976673,116512.62994390639,loss,-3.000000000000112
136,trade_474,BTC/USD,SHORT,2026-07-24T15:27:26.000Z,2026-07-24T15:28:26.000Z,116495.37425044028,116670.11731181595,loss,-3.0000000000002207
137,trade_476,BTC/USD,SHORT,2026-07-24T15:29:26.000Z,2026-07-24T15:30:26.000Z,117020.68741733227,117196.21844845828,loss,-3.000000000000214
138,trade_478,BTC/USD,SHORT,2026-07-24T15:31:27.000Z,2026-07-24T15:32:27.000Z,116807.89116356122,116457.46749007053,win,6.0000000000000755
139,trade_480,BTC/USD,LONG,2026-07-24T15:33:27.000Z,2026-07-24T15:34:27.000Z,116525.87359529971,116875.4512160856,win,5.999999999999794
140,trade_484,BTC/USD,LONG,2026-07-24T15:37:28.000Z,2026-07-24T15:38:28.000Z,118019.17279709797,117842.14403790233,loss,-2.999999999999949
141,trade_489,BTC/USD,SHORT,2026-07-24T15:42:30.000Z,2026-07-24T15:43:30.000Z,117039.59936170455,116688.48056361944,win,5.999999999999939
142,trade_498,BTC/USD,SHORT,2026-07-24T15:51:32.000Z,2026-07-24T15:52:32.000Z,117779.05324895233,117955.72182882577,loss,-3.000000000000191
143,trade_501,BTC/USD,SHORT,2026-07-24T15:54:32.000Z,2026-07-24T15:55:32.000Z,117853.32229850527,118030.10228195303,loss,-3.000000000000083
144,trade_502,BTC/USD,SHORT,2026-07-24T15:55:33.000Z,2026-07-24T15:56:33.000Z,117968.26368430366,118145.21607983012,loss,-3.000000000000067
145,trade_505,BTC/USD,SHORT,2026-07-24T15:58:33.000Z,2026-07-24T15:59:33.000Z,118553.71670714505,118731.54728220578,loss,-3.0000000000001266
146,trade_507,BTC/USD,LONG,2026-07-24T16:00:34.000Z,2026-07-24T16:01:34.000Z,118675.33751282482,118497.32450655558,loss,-2.999999999999934
147,trade_511,BTC/USD,LONG,2026-07-24T16:04:35.000Z,2026-07-24T16:05:35.000Z,118722.59976089933,118544.515861258,loss,-2.9999999999997935
148,trade_512,BTC/USD,LONG,2026-07-24T16:05:35.000Z,2026-07-24T16:06:35.000Z,118794.50574435134,118616.31398573481,loss,-2.999999999999913
149,trade_513,BTC/USD,SHORT,2026-07-24T16:06:35.000Z,2026-07-24T16:07:35.000Z,118790.71849507075,118968.90457281336,loss,-3.000000000000218
150,trade_515,BTC/USD,SHORT,2026-07-24T16:08:36.000Z,2026-07-24T16:09:36.000Z,118897.26824856008,119075.61415093293,loss,-3.000000000000168
151,trade_518,BTC/USD,LONG,2026-07-24T16:11:37.000Z,2026-07-24T16:12:37.000Z,119034.96368795306,118856.41124242113,loss,-2.9999999999999165
152,trade_519,BTC/USD,LONG,2026-07-24T16:12:37.000Z,2026-07-24T16:13:37.000Z,118827.93378284673,119184.41758419525,win,5.999999999999791
153,trade_526,BTC/USD,SHORT,2026-07-24T16:19:39.000Z,2026-07-24T16:20:39.000Z,120331.4162227775,120511.91334711167,loss,-3.000000000000088
154,trade_528,BTC/USD,LONG,2026-07-24T16:21:39.000Z,2026-07-24T16:22:39.000Z,120197.01965100406,120557.61070995705,win,5.999999999999728
155,trade_534,BTC/USD,SHORT,2026-07-24T16:27:41.000Z,2026-07-24T16:28:41.000Z,121257.57181016546,121439.45816788072,loss,-3.0000000000000546
156,trade_535,BTC/USD,SHORT,2026-07-24T16:28:41.000Z,2026-07-24T16:29:41.000Z,121262.8814229219,121444.7757450563,loss,-3.000000000000189
157,trade_539,BTC/USD,SHORT,2026-07-24T16:32:42.000Z,2026-07-24T16:33:42.000Z,121658.83794942491,121841.32620634905,loss,-3.000000000000132
158,trade_548,BTC/USD,LONG,2026-07-24T16:41:44.000Z,2026-07-24T16:42:44.000Z,122680.00783715124,123048.04786066267,win,5.999999999999707
159,trade_550,BTC/USD,LONG,2026-07-24T16:43:45.000Z,2026-07-24T16:44:45.000Z,123171.27616358,122986.51924933464,loss,-2.999999999999799
160,trade_554,BTC/USD,LONG,2026-07-24T16:47:46.000Z,2026-07-24T16:48:46.000Z,123533.52772807346,123348.22743648135,loss,-2.9999999999999925
161,trade_558,BTC/USD,LONG,2026-07-24T16:51:47.000Z,2026-07-24T16:52:47.000Z,123664.65126789905,123476.3577761545,loss,-3.0452273922100175
162,trade_560,BTC/USD,LONG,2026-07-24T16:53:47.000Z,2026-07-24T16:54:47.000Z,124136.73228831992,124526.8007617422,win,6.284497202911726
163,trade_564,BTC/USD,SHORT,2026-07-24T16:57:48.000Z,2026-07-24T16:58:48.000Z,125144.18027390973,125336.07536329167,loss,-3.066784071970921
164,trade_566,BTC/USD,LONG,2026-07-24T16:59:49.000Z,2026-07-24T17:00:49.000Z,125641.49495473607,126027.0543371256,win,6.137452957375826
165,trade_567,BTC/USD,LONG,2026-07-24T17:00:49.000Z,2026-07-24T17:01:49.000Z,125865.42205743113,125676.623924345,loss,-2.9999999999998406
166,trade_568,BTC/USD,SHORT,2026-07-24T17:01:49.000Z,2026-07-24T17:02:49.000Z,125367.54960651424,125555.60093092402,loss,-3.000000000000169
167,trade_569,BTC/USD,SHORT,2026-07-24T17:02:50.000Z,2026-07-24T17:03:50.000Z,125598.32707128469,125786.72456189162,loss,-3.000000000000116
168,trade_572,BTC/USD,SHORT,2026-07-24T17:05:50.000Z,2026-07-24T17:06:50.000Z,126194.83571577855,125811.69865915296,win,6.072151121754483
169,trade_573,BTC/USD,LONG,2026-07-24T17:06:51.000Z,2026-07-24T17:07:51.000Z,125850.09377321205,126236.32878678516,win,6.1380170962625495
170,trade_577,BTC/USD,LONG,2026-07-24T17:10:52.000Z,2026-07-24T17:11:52.000Z,126001.78215287793,126379.78749933655,win,5.9999999999998375
171,trade_580,BTC/USD,LONG,2026-07-24T17:13:52.000Z,2026-07-24T17:14:52.000Z,126667.8080934237,126477.80638128356,loss,-2.999999999999951
172,trade_582,BTC/USD,SHORT,2026-07-24T17:15:53.000Z,2026-07-24T17:16:53.000Z,126394.29118943997,126583.88262622413,loss,-3.0000000000000244
173,trade_583,BTC/USD,LONG,2026-07-24T17:16:53.000Z,2026-07-24T17:17:53.000Z,126560.31227977748,126370.47181135783,loss,-2.999999999999863
174,trade_584,BTC/USD,SHORT,2026-07-24T17:17:54.000Z,2026-07-24T17:18:54.000Z,126776.89339961403,126967.05873971345,loss,-3.0000000000000706
175,trade_585,BTC/USD,SHORT,2026-07-24T17:18:54.000Z,2026-07-24T17:19:54.000Z,126752.45225582855,126942.58093421231,loss,-3.00000000000022
176,trade_587,BTC/USD,SHORT,2026-07-24T17:20:54.000Z,2026-07-24T17:21:54.000Z,126780.83556903007,126400.49306232297,win,6.0000000000000435
177,trade_588,BTC/USD,SHORT,2026-07-24T17:21:55.000Z,2026-07-24T17:22:55.000Z,126389.24650171472,126010.07876220958,win,5.999999999999893
178,trade_590,BTC/USD,SHORT,2026-07-24T17:23:55.000Z,2026-07-24T17:24:55.000Z,125927.30503065498,125549.52311556302,win,6.0000000000000435
179,trade_591,BTC/USD,SHORT,2026-07-24T17:24:55.000Z,2026-07-24T17:25:55.000Z,125627.31902338102,125815.76000191609,loss,-3.0000000000000178
180,trade_592,BTC/USD,SHORT,2026-07-24T17:25:55.000Z,2026-07-24T17:26:55.000Z,125827.81217344197,125450.32873692164,win,6.00000000000003
181,trade_593,BTC/USD,SHORT,2026-07-24T17:26:56.000Z,2026-07-24T17:27:56.000Z,125674.60835222428,125297.58452716761,win,6.000000000000055
182,trade_595,BTC/USD,SHORT,2026-07-24T17:28:56.000Z,2026-07-24T17:29:56.000Z,125150.75987285914,125338.48601266844,loss,-3.000000000000117
183,trade_596,BTC/USD,SHORT,2026-07-24T17:29:56.000Z,2026-07-24T17:30:56.000Z,124999.96664301469,125187.46659297922,loss,-3.000000000000201
184,trade_600,BTC/USD,LONG,2026-07-24T17:33:57.000Z,2026-07-24T17:34:57.000Z,124939.95810779215,124752.54817063047,loss,-2.9999999999998006
185,trade_602,BTC/USD,LONG,2026-07-24T17:35:58.000Z,2026-07-24T17:36:58.000Z,124993.97183414972,125368.95374965215,win,5.999999999999703
186,trade_604,BTC/USD,LONG,2026-07-24T17:37:58.000Z,2026-07-24T17:38:58.000Z,125387.33109733184,125199.25010068585,loss,-2.9999999999999214
187,trade_605,BTC/USD,LONG,2026-07-24T17:38:58.000Z,2026-07-24T17:39:58.000Z,125688.33372150757,125499.80122092532,loss,-2.9999999999998574
188,trade_606,BTC/USD,LONG,2026-07-24T17:39:59.000Z,2026-07-24T17:40:59.000Z,125796.264949459,125607.57055203481,loss,-2.9999999999999862
189,trade_619,BTC/USD,SHORT,2026-07-24T17:53:01.000Z,2026-07-24T17:54:01.000Z,126512.56282979406,126702.33167403875,loss,-3.000000000000079
190,trade_630,BTC/USD,SHORT,2026-07-24T18:04:04.000Z,2026-07-24T18:05:04.000Z,127027.28306439819,127217.82398899479,loss,-3.0000000000000466
191,trade_632,BTC/USD,SHORT,2026-07-24T18:06:04.000Z,2026-07-24T18:07:04.000Z,127168.20500402749,127358.95731153354,loss,-3.0000000000000644
192,trade_633,BTC/USD,LONG,2026-07-24T18:07:04.000Z,2026-07-24T18:08:04.000Z,127698.8514197205,127507.30314259091,loss,-2.999999999999976
193,trade_634,BTC/USD,LONG,2026-07-24T18:08:04.000Z,2026-07-24T18:09:04.000Z,127515.22995143518,127897.77564128947,win,5.999999999999766
194,trade_635,BTC/USD,LONG,2026-07-24T18:09:05.000Z,2026-07-24T18:10:05.000Z,127716.94006803024,128100.0908882343,win,5.999999999999696
195,trade_641,BTC/USD,LONG,2026-07-24T18:15:06.000Z,2026-07-24T18:16:06.000Z,127876.39022419273,128260.01939486529,win,5.999999999999725
196,trade_643,BTC/USD,SHORT,2026-07-24T18:17:06.000Z,2026-07-24T18:18:06.000Z,128258.22530098101,128450.61263893249,loss,-3.0000000000002003
197,trade_649,BTC/USD,SHORT,2026-07-24T18:23:08.000Z,2026-07-24T18:24:08.000Z,128278.07028474641,128470.48739017354,loss,-3.000000000000135
198,trade_650,BTC/USD,SHORT,2026-07-24T18:24:08.000Z,2026-07-24T18:25:08.000Z,128166.26772758029,127781.76892439755,win,5.999999999999954
199,trade_651,BTC/USD,SHORT,2026-07-24T18:25:08.000Z,2026-07-24T18:26:08.000Z,127654.69342072167,127846.17546085276,loss,-3.0000000000000586
200,trade_652,BTC/USD,SHORT,2026-07-24T18:26:09.000Z,2026-07-24T18:27:09.000Z,127774.28420885942,127390.96135623284,win,5.999999999999932
201,trade_653,BTC/USD,SHORT,2026-07-24T18:27:09.000Z,2026-07-24T18:28:09.000Z,127502.31061763149,127119.80368577859,win,6.000000000000064
202,trade_657,BTC/USD,LONG,2026-07-24T18:31:10.000Z,2026-07-24T18:32:10.000Z,127311.82732429152,127693.76280626438,win,5.999999999999795
203,trade_658,BTC/USD,LONG,2026-07-24T18:32:10.000Z,2026-07-24T18:33:10.000Z,127269.33645620194,127078.43245151764,loss,-2.9999999999999565
204,trade_661,BTC/USD,SHORT,2026-07-24T18:35:11.000Z,2026-07-24T18:36:11.000Z,126663.47302536125,126853.4682348993,loss,-3.0000000000000195
205,trade_663,BTC/USD,LONG,2026-07-24T18:37:11.000Z,2026-07-24T18:38:11.000Z,127447.45110482762,127829.79345814209,win,5.9999999999997495
206,trade_668,BTC/USD,LONG,2026-07-24T18:42:12.000Z,2026-07-24T18:43:12.000Z,127677.11050513123,128060.14183664661,win,5.999999999999726
207,trade_673,BTC/USD,LONG,2026-07-24T18:47:13.000Z,2026-07-24T18:48:13.000Z,127704.01879542193,127512.4627672288,loss,-2.9999999999998734
208,trade_677,BTC/USD,SHORT,2026-07-24T18:51:14.000Z,2026-07-24T18:52:14.000Z,128165.2103982906,128357.45821388804,loss,-3.000000000000042
209,trade_679,BTC/USD,SHORT,2026-07-24T18:53:15.000Z,2026-07-24T18:54:15.000Z,128116.17775214101,128308.35201876923,loss,-3.0000000000001723
210,trade_680,BTC/USD,SHORT,2026-07-24T18:54:15.000Z,2026-07-24T18:55:15.000Z,128225.40928839204,127840.73306052687,win,5.999999999999953
211,trade_681,BTC/USD,SHORT,2026-07-24T18:55:15.000Z,2026-07-24T18:56:15.000Z,127596.94196889516,127788.33738184851,loss,-3.0000000000001483
212,trade_685,BTC/USD,SHORT,2026-07-24T18:59:16.000Z,2026-07-24T19:00:16.000Z,128023.18734710249,128220.00723297855,loss,-3.0747537216431193
213,trade_693,BTC/USD,SHORT,2026-07-24T19:07:18.000Z,2026-07-24T19:08:18.000Z,127161.03868991333,127351.7802479482,loss,-3.000000000000082
214,trade_694,BTC/USD,LONG,2026-07-24T19:08:18.000Z,2026-07-24T19:09:18.000Z,127500.51014269453,127309.2593774805,loss,-2.999999999999876
215,trade_695,BTC/USD,LONG,2026-07-24T19:09:18.000Z,2026-07-24T19:10:18.000Z,127728.56770739208,128111.75341051424,win,5.999999999999728
216,trade_698,BTC/USD,SHORT,2026-07-24T19:12:19.000Z,2026-07-24T19:13:19.000Z,128746.82231962515,128360.58185266628,win,5.99999999999995
217,trade_700,BTC/USD,SHORT,2026-07-24T19:14:19.000Z,2026-07-24T19:15:19.000Z,128149.50106912525,128341.72532072895,loss,-3.0000000000000817
218,trade_713,BTC/USD,SHORT,2026-07-24T19:27:22.000Z,2026-07-24T19:28:22.000Z,127792.81012095875,127984.49933614019,loss,-3.0000000000000147
219,trade_724,BTC/USD,SHORT,2026-07-24T19:38:25.000Z,2026-07-24T19:39:25.000Z,127811.61325561203,128003.33067549545,loss,-3.0000000000001164
220,trade_726,BTC/USD,SHORT,2026-07-24T19:40:25.000Z,2026-07-24T19:41:25.000Z,127776.11916326448,127967.78334200938,loss,-3.0000000000001195
221,trade_729,BTC/USD,SHORT,2026-07-24T19:43:26.000Z,2026-07-24T19:44:26.000Z,128317.30964424272,127932.35771530999,win,6.000000000000014
222,trade_736,BTC/USD,SHORT,2026-07-24T19:50:28.000Z,2026-07-24T19:51:28.000Z,128407.55158611434,128600.16291349352,loss,-3.000000000000214
223,trade_740,BTC/USD,LONG,2026-07-24T19:54:29.000Z,2026-07-24T19:55:29.000Z,129576.787722162,129965.51808532847,win,5.999999999999738
224,trade_743,BTC/USD,LONG,2026-07-24T19:57:30.000Z,2026-07-24T19:58:30.000Z,129748.17991765201,129553.55764777554,loss,-2.9999999999999676
225,trade_744,BTC/USD,LONG,2026-07-24T19:58:30.000Z,2026-07-24T19:59:30.000Z,129656.67630296269,129462.19128850826,loss,-2.999999999999823
226,trade_747,BTC/USD,LONG,2026-07-24T20:01:31.000Z,2026-07-24T20:02:31.000Z,129541.60357285163,129347.29116749235,loss,-2.999999999999985
227,trade_750,BTC/USD,SHORT,2026-07-24T20:04:31.000Z,2026-07-24T20:05:31.000Z,130086.70658741384,130281.83664729496,loss,-3.000000000000008
228,trade_751,BTC/USD,LONG,2026-07-24T20:05:32.000Z,2026-07-24T20:06:32.000Z,130383.98397971128,130188.40800374172,loss,-2.9999999999999667
229,trade_752,BTC/USD,LONG,2026-07-24T20:06:32.000Z,2026-07-24T20:07:32.000Z,130453.09181005093,130844.45108548107,win,5.999999999999732
230,trade_755,BTC/USD,LONG,2026-07-24T20:09:33.000Z,2026-07-24T20:10:33.000Z,130531.61720923118,130335.81978341733,loss,-2.9999999999999267
231,trade_758,BTC/USD,LONG,2026-07-24T20:12:33.000Z,2026-07-24T20:13:33.000Z,130442.22410704692,130246.56077088635,loss,-2.9999999999998965
232,trade_761,BTC/USD,LONG,2026-07-24T20:15:34.000Z,2026-07-24T20:16:34.000Z,130253.65233365679,130058.27185515632,loss,-2.999999999999857
233,trade_763,BTC/USD,LONG,2026-07-24T20:17:35.000Z,2026-07-24T20:18:35.000Z,130214.9382073776,130019.61580006655,loss,-2.9999999999999227
234,trade_764,BTC/USD,LONG,2026-07-24T20:18:35.000Z,2026-07-24T20:19:35.000Z,130454.36097742834,130258.6794359622,loss,-2.9999999999999556
235,trade_765,BTC/USD,LONG,2026-07-24T20:19:35.000Z,2026-07-24T20:20:35.000Z,130537.03467578744,130341.22912377377,loss,-2.999999999999822
236,trade_766,BTC/USD,LONG,2026-07-24T20:20:35.000Z,2026-07-24T20:21:35.000Z,130355.44968708135,130746.51603614258,win,5.999999999999863
237,trade_768,BTC/USD,SHORT,2026-07-24T20:22:36.000Z,2026-07-24T20:23:36.000Z,130654.52314265411,130850.5049273681,loss,-3.0000000000001803
238,trade_771,BTC/USD,SHORT,2026-07-24T20:25:37.000Z,2026-07-24T20:26:37.000Z,130910.4789076968,131106.84462605836,loss,-3.0000000000001927
239,trade_772,BTC/USD,SHORT,2026-07-24T20:26:37.000Z,2026-07-24T20:27:37.000Z,130873.16734417141,131069.47709518767,loss,-3.0000000000000817
240,trade_773,BTC/USD,LONG,2026-07-24T20:27:37.000Z,2026-07-24T20:28:37.000Z,130851.29854733414,130655.02159951314,loss,-2.999999999999916
241,trade_774,BTC/USD,LONG,2026-07-24T20:28:37.000Z,2026-07-24T20:29:37.000Z,130865.33208924976,130669.03409111589,loss,-2.9999999999999623
242,trade_775,BTC/USD,SHORT,2026-07-24T20:29:38.000Z,2026-07-24T20:30:38.000Z,130125.42798634851,130320.61612832804,loss,-3.000000000000027
243,trade_776,BTC/USD,LONG,2026-07-24T20:30:38.000Z,2026-07-24T20:31:38.000Z,129945.33846458586,129750.42045688898,loss,-2.9999999999999707
244,trade_777,BTC/USD,LONG,2026-07-24T20:31:38.000Z,2026-07-24T20:32:38.000Z,129607.0013859622,129995.82239012007,win,5.999999999999765
245,trade_779,BTC/USD,LONG,2026-07-24T20:33:39.000Z,2026-07-24T20:34:39.000Z,129608.12075680103,129996.94511907142,win,5.999999999999775
246,trade_781,BTC/USD,LONG,2026-07-24T20:35:39.000Z,2026-07-24T20:36:39.000Z,130270.16900581562,130074.76375230691,loss,-2.9999999999997984
247,trade_782,BTC/USD,LONG,2026-07-24T20:36:40.000Z,2026-07-24T20:37:40.000Z,130248.70504297718,130639.4511581061,win,5.999999999999779
248,trade_784,BTC/USD,LONG,2026-07-24T20:38:40.000Z,2026-07-24T20:39:40.000Z,130452.00067943808,130843.35668147638,win,5.999999999999799
249,trade_787,BTC/USD,LONG,2026-07-24T20:41:41.000Z,2026-07-24T20:42:41.000Z,130562.00965153605,130366.16663705875,loss,-2.999999999999954
250,trade_788,BTC/USD,LONG,2026-07-24T20:42:41.000Z,2026-07-24T20:43:41.000Z,130243.00764113624,130633.73666405963,win,5.999999999999733
251,trade_789,BTC/USD,LONG,2026-07-24T20:43:41.000Z,2026-07-24T20:44:41.000Z,130574.0331316006,130378.1720819032,loss,-2.999999999999982
252,trade_790,BTC/USD,LONG,2026-07-24T20:44:42.000Z,2026-07-24T20:45:42.000Z,130581.72875833412,130973.47394460911,win,5.999999999999774
253,trade_794,BTC/USD,SHORT,2026-07-24T20:48:43.000Z,2026-07-24T20:49:43.000Z,130543.87646859311,130739.69228329601,loss,-3.0000000000001976
254,trade_795,BTC/USD,SHORT,2026-07-24T20:49:43.000Z,2026-07-24T20:50:43.000Z,130752.55298143439,130948.68181090655,loss,-3.000000000000126
255,trade_806,BTC/USD,SHORT,2026-07-24T21:00:45.000Z,2026-07-24T21:01:45.000Z,132078.95657615107,132277.07501101532,loss,-3.000000000000231
256,trade_807,BTC/USD,SHORT,2026-07-24T21:01:46.000Z,2026-07-24T21:02:46.000Z,132070.59058303674,132268.6964689113,loss,-3.0000000000001847
257,trade_810,BTC/USD,LONG,2026-07-24T21:04:46.000Z,2026-07-24T21:05:46.000Z,132335.36292000778,132136.8598756278,loss,-2.999999999999695
258,trade_812,BTC/USD,SHORT,2026-07-24T21:06:47.000Z,2026-07-24T21:07:47.000Z,132639.19799101222,132838.15678799874,loss,-3.0000000000000893
259,trade_820,BTC/USD,LONG,2026-07-24T21:14:49.000Z,2026-07-24T21:15:49.000Z,133719.20359076635,133518.6247853802,loss,-2.9999999999999623
260,trade_826,BTC/USD,LONG,2026-07-24T21:20:50.000Z,2026-07-24T21:21:50.000Z,134313.60835643063,134716.5491814999,win,5.999999999999599
261,trade_829,BTC/USD,SHORT,2026-07-24T21:23:51.000Z,2026-07-24T21:24:51.000Z,134554.64786861587,134756.4798404188,loss,-2.9999999999999933
262,trade_105,ETH/USD,SHORT,2026-07-24T09:17:05.000Z,2026-07-24T09:18:05.000Z,3293.3442937103046,3283.464260829174,win,5.999999999999915
263,trade_107,ETH/USD,LONG,2026-07-24T09:19:06.000Z,2026-07-24T09:20:06.000Z,3294.912410693851,3304.797147925932,win,5.999999999999712
264,trade_109,ETH/USD,LONG,2026-07-24T09:21:06.000Z,2026-07-24T09:22:06.000Z,3313.71186634536,3323.6530019443953,win,5.9999999999996705
265,trade_117,ETH/USD,LONG,2026-07-24T09:29:08.000Z,2026-07-24T09:30:08.000Z,3334.7588487202975,3344.763125266458,win,5.999999999999661
266,trade_119,ETH/USD,LONG,2026-07-24T09:31:08.000Z,2026-07-24T09:32:08.000Z,3332.2654602022008,3342.262256582807,win,5.999999999999732
267,trade_124,ETH/USD,SHORT,2026-07-24T09:36:10.000Z,2026-07-24T09:37:10.000Z,3346.998709613746,3352.019207678167,loss,-3.0000000000000693
268,trade_139,ETH/USD,LONG,2026-07-24T09:51:13.000Z,2026-07-24T09:52:13.000Z,3413.1301045315504,3423.369494845145,win,5.999999999999861
269,trade_140,ETH/USD,LONG,2026-07-24T09:52:13.000Z,2026-07-24T09:53:13.000Z,3420.5828579912823,3430.8446065652556,win,5.999999999999718
270,trade_141,ETH/USD,LONG,2026-07-24T09:53:13.000Z,2026-07-24T09:54:13.000Z,3424.866744548703,3419.7294444318804,loss,-2.99999999999976
271,trade_142,ETH/USD,LONG,2026-07-24T09:54:13.000Z,2026-07-24T09:55:13.000Z,3419.760441425415,3430.249697800199,win,6.13449775470931
272,trade_145,ETH/USD,LONG,2026-07-24T09:57:14.000Z,2026-07-24T09:58:14.000Z,3430.7615093757117,3425.6153671116485,loss,-2.9999999999997864
273,trade_146,ETH/USD,LONG,2026-07-24T09:58:14.000Z,2026-07-24T09:59:14.000Z,3416.743414646954,3426.9936448908948,win,5.999999999999892
274,trade_148,ETH/USD,LONG,2026-07-24T10:00:15.000Z,2026-07-24T10:01:15.000Z,3412.9648891743104,3407.845441840549,loss,-2.9999999999999614
275,trade_149,ETH/USD,LONG,2026-07-24T10:01:15.000Z,2026-07-24T10:02:15.000Z,3413.398712264118,3408.2786141957217,loss,-2.999999999999982
276,trade_153,ETH/USD,LONG,2026-07-24T10:05:16.000Z,2026-07-24T10:06:16.000Z,3412.9185041011865,3407.799126345035,loss,-2.999999999999899
277,trade_157,ETH/USD,LONG,2026-07-24T10:09:17.000Z,2026-07-24T10:10:17.000Z,3401.9683690084835,3412.1742741155085,win,5.999999999999763
278,trade_159,ETH/USD,LONG,2026-07-24T10:11:17.000Z,2026-07-24T10:12:17.000Z,3418.8445245302883,3413.716257743493,loss,-2.999999999999977
279,trade_160,ETH/USD,SHORT,2026-07-24T10:12:17.000Z,2026-07-24T10:13:17.000Z,3419.02788800422,3408.7708043402076,win,5.999999999999905
280,trade_165,ETH/USD,LONG,2026-07-24T10:17:18.000Z,2026-07-24T10:18:18.000Z,3397.038282989629,3391.9427255651444,loss,-3.0000000000000147
281,trade_167,ETH/USD,LONG,2026-07-24T10:19:19.000Z,2026-07-24T10:20:19.000Z,3397.155838383429,3392.060104625854,loss,-2.9999999999999685
282,trade_178,ETH/USD,SHORT,2026-07-24T10:30:21.000Z,2026-07-24T10:31:21.000Z,3387.870744526561,3377.707132292981,win,6.000000000000127
283,trade_181,ETH/USD,SHORT,2026-07-24T10:33:22.000Z,2026-07-24T10:34:22.000Z,3393.091269645106,3382.9119958361707,win,5.99999999999996
284,trade_184,ETH/USD,LONG,2026-07-24T10:36:22.000Z,2026-07-24T10:37:22.000Z,3373.1518122734274,3368.092084555017,loss,-3.0000000000000107
285,trade_188,ETH/USD,LONG,2026-07-24T10:40:23.000Z,2026-07-24T10:41:23.000Z,3375.4675156532508,3370.404314379771,loss,-2.999999999999798
286,trade_193,ETH/USD,SHORT,2026-07-24T10:45:24.000Z,2026-07-24T10:46:24.000Z,3370.2500525524574,3375.3054276312864,loss,-3.0000000000001874
287,trade_195,ETH/USD,SHORT,2026-07-24T10:47:25.000Z,2026-07-24T10:48:25.000Z,3379.665691690298,3384.7351902278338,loss,-3.000000000000188
288,trade_200,ETH/USD,LONG,2026-07-24T10:52:26.000Z,2026-07-24T10:53:26.000Z,3384.125618685961,3379.0494302579323,loss,-2.999999999999841
289,trade_205,ETH/USD,SHORT,2026-07-24T10:57:27.000Z,2026-07-24T10:58:27.000Z,3366.6979470010556,3371.7479939215573,loss,-3.000000000000069
290,trade_211,ETH/USD,SHORT,2026-07-24T11:03:28.000Z,2026-07-24T11:04:28.000Z,3388.7604473329734,3393.930815205816,loss,-3.051480299772667
291,trade_214,ETH/USD,LONG,2026-07-24T11:06:29.000Z,2026-07-24T11:07:29.000Z,3388.790752697656,3383.6069623636536,loss,-3.0593746928020584
292,trade_216,ETH/USD,SHORT,2026-07-24T11:08:29.000Z,2026-07-24T11:09:29.000Z,3391.4392977510543,3396.526456697681,loss,-3.0000000000001967
293,trade_227,ETH/USD,LONG,2026-07-24T11:19:31.000Z,2026-07-24T11:20:31.000Z,3437.959363342619,3448.2732414326465,win,5.999999999999868
294,trade_229,ETH/USD,SHORT,2026-07-24T11:21:32.000Z,2026-07-24T11:22:32.000Z,3446.5694404882984,3451.739294649031,loss,-3.0000000000000213
295,trade_233,ETH/USD,SHORT,2026-07-24T11:25:33.000Z,2026-07-24T11:26:33.000Z,3467.527365830681,3472.728656879427,loss,-3.0000000000000124
296,trade_240,ETH/USD,LONG,2026-07-24T11:32:34.000Z,2026-07-24T11:33:34.000Z,3478.921899636496,3473.7035167870417,loss,-2.999999999999819
297,trade_241,ETH/USD,LONG,2026-07-24T11:33:34.000Z,2026-07-24T11:34:34.000Z,3473.211938909879,3468.0021210015143,loss,-2.999999999999865
298,trade_242,ETH/USD,LONG,2026-07-24T11:34:35.000Z,2026-07-24T11:35:35.000Z,3480.8124168077634,3491.254854058186,win,5.999999999999661
299,trade_244,ETH/USD,SHORT,2026-07-24T11:36:35.000Z,2026-07-24T11:37:35.000Z,3492.8679791362656,3498.1072811049703,loss,-3.0000000000001696
300,trade_246,ETH/USD,SHORT,2026-07-24T11:38:35.000Z,2026-07-24T11:39:35.000Z,3499.0516860271514,3504.3002635561925,loss,-3.0000000000002047
301,trade_249,ETH/USD,LONG,2026-07-24T11:41:36.000Z,2026-07-24T11:42:36.000Z,3510.681557600334,3505.4155352639336,loss,-3.0000000000000053
302,trade_264,ETH/USD,SHORT,2026-07-24T11:56:39.000Z,2026-07-24T11:57:39.000Z,3576.211474817487,3581.5757920297137,loss,-3.000000000000164
303,trade_266,ETH/USD,LONG,2026-07-24T11:58:40.000Z,2026-07-24T11:59:40.000Z,3563.7108582838746,3574.4019908587256,win,5.99999999999968
304,trade_267,ETH/USD,LONG,2026-07-24T11:59:40.000Z,2026-07-24T12:00:40.000Z,3574.2868599967783,3568.9254297067832,loss,-2.99999999999993
305,trade_268,ETH/USD,LONG,2026-07-24T12:00:40.000Z,2026-07-24T12:01:40.000Z,3571.5866639477913,3566.22928395187,loss,-2.999999999999779
306,trade_273,ETH/USD,LONG,2026-07-24T12:05:41.000Z,2026-07-24T12:06:41.000Z,3585.848377727335,3580.4696051607443,loss,-2.999999999999814
307,trade_274,ETH/USD,SHORT,2026-07-24T12:06:42.000Z,2026-07-24T12:07:42.000Z,3579.9721768470367,3585.3421351123075,loss,-3.000000000000095
308,trade_276,ETH/USD,LONG,2026-07-24T12:08:42.000Z,2026-07-24T12:09:42.000Z,3588.735289111092,3583.352186177425,loss,-2.9999999999999667
309,trade_277,ETH/USD,LONG,2026-07-24T12:09:42.000Z,2026-07-24T12:10:42.000Z,3584.7723153438646,3579.395156870849,loss,-2.9999999999999445
310,trade_278,ETH/USD,SHORT,2026-07-24T12:10:43.000Z,2026-07-24T12:11:43.000Z,3578.7508849713818,3584.1190112988393,loss,-3.0000000000002407
311,trade_279,ETH/USD,LONG,2026-07-24T12:11:43.000Z,2026-07-24T12:12:43.000Z,3587.436776840083,3582.055621674823,loss,-2.9999999999998024
312,trade_281,ETH/USD,SHORT,2026-07-24T12:13:43.000Z,2026-07-24T12:14:43.000Z,3579.7858150244365,3585.155493746973,loss,-3.0000000000000355
313,trade_282,ETH/USD,SHORT,2026-07-24T12:14:44.000Z,2026-07-24T12:15:44.000Z,3570.890817344819,3576.2471535708364,loss,-3.0000000000001226
314,trade_283,ETH/USD,LONG,2026-07-24T12:15:44.000Z,2026-07-24T12:16:44.000Z,3575.563939675137,3586.290631494162,win,5.9999999999996785
315,trade_284,ETH/USD,LONG,2026-07-24T12:16:44.000Z,2026-07-24T12:17:44.000Z,3588.197309581355,3598.961901510099,win,5.999999999999859
316,trade_289,ETH/USD,LONG,2026-07-24T12:21:45.000Z,2026-07-24T12:22:45.000Z,3608.6466199199513,3603.2336499900716,loss,-2.9999999999998392
317,trade_291,ETH/USD,LONG,2026-07-24T12:23:46.000Z,2026-07-24T12:24:46.000Z,3609.7015303739868,3620.530634965108,win,5.999999999999718
318,trade_296,ETH/USD,SHORT,2026-07-24T12:28:47.000Z,2026-07-24T12:29:47.000Z,3591.338215494132,3596.7252228173734,loss,-3.0000000000001714
319,trade_298,ETH/USD,LONG,2026-07-24T12:30:47.000Z,2026-07-24T12:31:47.000Z,3585.653349245358,3580.2748692214905,loss,-2.999999999999825
320,trade_299,ETH/USD,LONG,2026-07-24T12:31:47.000Z,2026-07-24T12:32:47.000Z,3590.1564315163814,3584.771196869107,loss,-2.9999999999999605
321,trade_300,ETH/USD,LONG,2026-07-24T12:32:48.000Z,2026-07-24T12:33:48.000Z,3589.816445733385,3600.5858950705847,win,5.999999999999692
322,trade_303,ETH/USD,SHORT,2026-07-24T12:35:48.000Z,2026-07-24T12:36:48.000Z,3599.7310726797073,3588.9318794616684,win,5.999999999999881
323,trade_306,ETH/USD,LONG,2026-07-24T12:38:49.000Z,2026-07-24T12:39:49.000Z,3596.351119920749,3590.956593240868,loss,-2.9999999999999214
324,trade_309,ETH/USD,SHORT,2026-07-24T12:41:50.000Z,2026-07-24T12:42:50.000Z,3614.2338086691657,3603.3911072431583,win,5.999999999999919
325,trade_313,ETH/USD,LONG,2026-07-24T12:45:50.000Z,2026-07-24T12:46:50.000Z,3602.9121559439145,3613.720892411746,win,5.999999999999751
326,trade_319,ETH/USD,SHORT,2026-07-24T12:51:52.000Z,2026-07-24T12:52:52.000Z,3631.9838499771927,3637.4318257521586,loss,-3.000000000000075
327,trade_330,ETH/USD,SHORT,2026-07-24T13:02:54.000Z,2026-07-24T13:03:54.000Z,3648.356396894988,3637.411327704303,win,6.000000000000014
328,trade_333,ETH/USD,LONG,2026-07-24T13:05:55.000Z,2026-07-24T13:06:55.000Z,3651.033978772171,3661.987080708487,win,5.9999999999998375
329,trade_337,ETH/USD,SHORT,2026-07-24T13:09:56.000Z,2026-07-24T13:10:56.000Z,3660.6367747952386,3666.1277299574317,loss,-3.000000000000149
330,trade_338,ETH/USD,SHORT,2026-07-24T13:10:56.000Z,2026-07-24T13:11:56.000Z,3667.378958667875,3672.880027105877,loss,-3.000000000000223
331,trade_339,ETH/USD,SHORT,2026-07-24T13:11:56.000Z,2026-07-24T13:12:56.000Z,3660.3418956722408,3665.832408515749,loss,-3.0000000000000435
332,trade_342,ETH/USD,LONG,2026-07-24T13:14:57.000Z,2026-07-24T13:15:57.000Z,3672.1793077810084,3683.195845704351,win,5.9999999999997895
333,trade_345,ETH/USD,LONG,2026-07-24T13:17:58.000Z,2026-07-24T13:18:58.000Z,3672.9969455110713,3684.015936347604,win,5.999999999999771
334,trade_349,ETH/USD,LONG,2026-07-24T13:21:59.000Z,2026-07-24T13:22:59.000Z,3681.820699829645,3692.866161929134,win,5.999999999999905
335,trade_352,ETH/USD,SHORT,2026-07-24T13:24:59.000Z,2026-07-24T13:25:59.000Z,3684.4777466320265,3690.004463251975,loss,-3.0000000000001275
336,trade_353,ETH/USD,SHORT,2026-07-24T13:25:59.000Z,2026-07-24T13:26:59.000Z,3683.832575473859,3672.7810777474374,win,5.999999999999975
337,trade_354,ETH/USD,SHORT,2026-07-24T13:27:00.000Z,2026-07-24T13:28:00.000Z,3676.2427929160526,3681.757157105427,loss,-3.0000000000000613
338,trade_355,ETH/USD,LONG,2026-07-24T13:28:00.000Z,2026-07-24T13:29:00.000Z,3675.844153785807,3686.8716862471642,win,5.999999999999862
339,trade_356,ETH/USD,SHORT,2026-07-24T13:29:00.000Z,2026-07-24T13:30:00.000Z,3676.4843438974935,3681.99907041334,loss,-3.0000000000002136
340,trade_363,ETH/USD,SHORT,2026-07-24T13:36:02.000Z,2026-07-24T13:37:02.000Z,3680.1674929840283,3669.1269905050763,win,5.999999999999965
341,trade_365,ETH/USD,LONG,2026-07-24T13:38:02.000Z,2026-07-24T13:39:02.000Z,3678.709475761574,3673.191411547932,loss,-2.9999999999997993
342,trade_366,ETH/USD,SHORT,2026-07-24T13:39:02.000Z,2026-07-24T13:40:02.000Z,3654.797693457438,3660.2798899976247,loss,-3.0000000000002305
343,trade_368,ETH/USD,SHORT,2026-07-24T13:41:03.000Z,2026-07-24T13:42:03.000Z,3662.580677825817,3668.074548842556,loss,-3.000000000000107
344,trade_369,ETH/USD,LONG,2026-07-24T13:42:03.000Z,2026-07-24T13:43:03.000Z,3664.3422980762407,3675.335324970469,win,5.999999999999867
345,trade_370,ETH/USD,SHORT,2026-07-24T13:43:03.000Z,2026-07-24T13:44:03.000Z,3684.6994729715393,3690.2265221809967,loss,-3.00000000000002
346,trade_372,ETH/USD,LONG,2026-07-24T13:45:04.000Z,2026-07-24T13:46:04.000Z,3675.1765621928193,3669.443522539019,loss,-3.119871688765779
347,trade_374,ETH/USD,LONG,2026-07-24T13:47:04.000Z,2026-07-24T13:48:04.000Z,3670.188114663688,3664.6828324916924,loss,-3
348,trade_375,ETH/USD,LONG,2026-07-24T13:48:05.000Z,2026-07-24T13:49:05.000Z,3674.6855209046635,3669.1734926233066,loss,-2.999999999999912
349,trade_387,ETH/USD,LONG,2026-07-24T14:00:07.000Z,2026-07-24T14:01:07.000Z,3762.684517932441,3757.0404911555424,loss,-2.999999999999914
350,trade_399,ETH/USD,LONG,2026-07-24T14:12:10.000Z,2026-07-24T14:13:10.000Z,3771.328782919954,3782.6427692687134,win,5.999999999999807
351,trade_400,ETH/USD,LONG,2026-07-24T14:13:11.000Z,2026-07-24T14:14:11.000Z,3765.8911711686483,3760.2423344118956,loss,-2.999999999999826
352,trade_403,ETH/USD,SHORT,2026-07-24T14:16:11.000Z,2026-07-24T14:17:11.000Z,3778.942940117197,3784.611354527373,loss,-3.000000000000085
353,trade_415,ETH/USD,SHORT,2026-07-24T14:28:14.000Z,2026-07-24T14:29:14.000Z,3807.3095015949393,3813.020465847332,loss,-3.0000000000002274
354,trade_420,ETH/USD,LONG,2026-07-24T14:33:15.000Z,2026-07-24T14:34:15.000Z,3835.2534637152758,3829.500583519703,loss,-2.999999999999911
355,trade_431,ETH/USD,LONG,2026-07-24T14:44:17.000Z,2026-07-24T14:45:17.000Z,3865.461587942924,3877.057972706752,win,5.999999999999681
356,trade_435,ETH/USD,LONG,2026-07-24T14:48:18.000Z,2026-07-24T14:49:18.000Z,3884.471347359482,3896.12476140156,win,5.999999999999828
357,trade_440,ETH/USD,LONG,2026-07-24T14:53:19.000Z,2026-07-24T14:54:19.000Z,3880.7731149526785,3874.95195528025,loss,-2.9999999999997953
358,trade_442,ETH/USD,LONG,2026-07-24T14:55:20.000Z,2026-07-24T14:56:20.000Z,3887.000434255654,3881.1699336042707,loss,-2.999999999999916
359,trade_447,ETH/USD,LONG,2026-07-24T15:00:21.000Z,2026-07-24T15:01:21.000Z,3884.8490322467123,3896.503579343452,win,5.999999999999858
360,trade_448,ETH/USD,LONG,2026-07-24T15:01:21.000Z,2026-07-24T15:02:21.000Z,3892.0161989314056,3903.6922475281995,win,5.999999999999818
361,trade_449,ETH/USD,LONG,2026-07-24T15:02:21.000Z,2026-07-24T15:03:21.000Z,3897.0976084270137,3891.2519620143735,loss,-2.9999999999998535
362,trade_451,ETH/USD,SHORT,2026-07-24T15:04:22.000Z,2026-07-24T15:05:22.000Z,3888.496080604139,3894.3288247250453,loss,-3.0000000000000098
363,trade_452,ETH/USD,LONG,2026-07-24T15:05:22.000Z,2026-07-24T15:06:22.000Z,3891.4809402219394,3885.6437188116065,loss,-2.9999999999999742
364,trade_453,ETH/USD,SHORT,2026-07-24T15:06:22.000Z,2026-07-24T15:07:22.000Z,3881.9953254365378,3870.3493394602283,win,5.999999999999929
365,trade_454,ETH/USD,SHORT,2026-07-24T15:07:23.000Z,2026-07-24T15:08:23.000Z,3871.1506283152044,3876.9573542576773,loss,-3.0000000000000457
366,trade_455,ETH/USD,SHORT,2026-07-24T15:08:23.000Z,2026-07-24T15:09:23.000Z,3866.780207531724,3872.580377843022,loss,-3.0000000000000764
367,trade_457,ETH/USD,SHORT,2026-07-24T15:10:23.000Z,2026-07-24T15:11:23.000Z,3872.807327868271,3878.6165388600734,loss,-3.000000000000049
368,trade_458,ETH/USD,SHORT,2026-07-24T15:11:24.000Z,2026-07-24T15:12:24.000Z,3883.4151347205043,3889.2402574225853,loss,-3.00000000000012
369,trade_462,ETH/USD,LONG,2026-07-24T15:15:25.000Z,2026-07-24T15:16:25.000Z,3892.336137957661,3904.0131463715334,win,5.999999999999752
370,trade_463,ETH/USD,SHORT,2026-07-24T15:16:25.000Z,2026-07-24T15:17:25.000Z,3893.0330588848283,3898.8726084731557,loss,-3.000000000000067
371,trade_470,ETH/USD,SHORT,2026-07-24T15:23:26.000Z,2026-07-24T15:24:26.000Z,3944.2146411289727,3932.381997205586,win,6.000000000000025
372,trade_472,ETH/USD,LONG,2026-07-24T15:25:27.000Z,2026-07-24T15:26:27.000Z,3934.520895877339,3946.3593089358797,win,6.017715178966253
373,trade_482,ETH/USD,LONG,2026-07-24T15:35:29.000Z,2026-07-24T15:36:29.000Z,3942.8140943554663,3936.8998732139335,loss,-2.999999999999815
374,trade_493,ETH/USD,SHORT,2026-07-24T15:46:32.000Z,2026-07-24T15:47:32.000Z,3999.0651783410804,3987.067982806057,win,6.000000000000062
375,trade_494,ETH/USD,SHORT,2026-07-24T15:47:32.000Z,2026-07-24T15:48:32.000Z,3985.3966395308134,3991.37473449011,loss,-3.000000000000097
376,trade_495,ETH/USD,SHORT,2026-07-24T15:48:33.000Z,2026-07-24T15:49:33.000Z,3991.704878686401,3997.692436004431,loss,-3.000000000000078
377,trade_496,ETH/USD,SHORT,2026-07-24T15:49:33.000Z,2026-07-24T15:50:33.000Z,4000.0741548027368,4006.074266034941,loss,-3.0000000000000924
378,trade_502,ETH/USD,LONG,2026-07-24T15:55:34.000Z,2026-07-24T15:56:34.000Z,4041.086016079264,4035.0243870551453,loss,-2.9999999999999036
379,trade_509,ETH/USD,SHORT,2026-07-24T16:02:36.000Z,2026-07-24T16:03:36.000Z,4021.274558541692,4027.306470379505,loss,-3.0000000000001865
380,trade_514,ETH/USD,LONG,2026-07-24T16:07:37.000Z,2026-07-24T16:08:37.000Z,4036.0734779219565,4030.019367705074,loss,-2.999999999999879
381,trade_516,ETH/USD,LONG,2026-07-24T16:09:38.000Z,2026-07-24T16:10:38.000Z,4046.376051937421,4040.306487859515,loss,-2.9999999999998623
382,trade_518,ETH/USD,LONG,2026-07-24T16:11:38.000Z,2026-07-24T16:12:38.000Z,4044.2327371930824,4038.166388087293,loss,-2.999999999999896
383,trade_519,ETH/USD,SHORT,2026-07-24T16:12:38.000Z,2026-07-24T16:13:38.000Z,4050.71783788106,4056.7939146378817,loss,-3.0000000000000786
384,trade_530,ETH/USD,LONG,2026-07-24T16:23:41.000Z,2026-07-24T16:24:41.000Z,4109.047957497634,4102.884385561388,loss,-3.0000000000000853
385,trade_538,ETH/USD,SHORT,2026-07-24T16:31:43.000Z,2026-07-24T16:32:43.000Z,4100.783759699355,4088.4814084202567,win,6.000000000000102
386,trade_549,ETH/USD,LONG,2026-07-24T16:42:46.000Z,2026-07-24T16:43:46.000Z,4134.201718394052,4128.000415816461,loss,-2.999999999999705
387,trade_555,ETH/USD,LONG,2026-07-24T16:48:47.000Z,2026-07-24T16:49:47.000Z,4104.668233456787,4098.511231106601,loss,-3.0000000000001044
388,trade_556,ETH/USD,LONG,2026-07-24T16:49:48.000Z,2026-07-24T16:50:48.000Z,4093.6311810996335,4087.4907343279842,loss,-2.9999999999999236
389,trade_557,ETH/USD,SHORT,2026-07-24T16:50:48.000Z,2026-07-24T16:51:48.000Z,4093.256910149728,4099.396795514953,loss,-3.000000000000164
390,trade_558,ETH/USD,SHORT,2026-07-24T16:51:48.000Z,2026-07-24T16:52:48.000Z,4094.71370229048,4100.8557728439155,loss,-2.9999999999999356
391,trade_559,ETH/USD,SHORT,2026-07-24T16:52:48.000Z,2026-07-24T16:53:48.000Z,4096.24639002542,4083.957650855343,win,6.0000000000001155
392,trade_560,ETH/USD,LONG,2026-07-24T16:53:49.000Z,2026-07-24T16:54:49.000Z,4088.169726248239,4100.434235426983,win,5.999999999999646
393,trade_562,ETH/USD,SHORT,2026-07-24T16:55:49.000Z,2026-07-24T16:56:49.000Z,4095.657470557977,4083.370498146303,win,6.000000000000041
394,trade_564,ETH/USD,LONG,2026-07-24T16:57:50.000Z,2026-07-24T16:58:50.000Z,4082.26200497751,4076.138611970044,loss,-2.9999999999998175
395,trade_566,ETH/USD,LONG,2026-07-24T16:59:50.000Z,2026-07-24T17:00:50.000Z,4077.970621349948,4090.2045332139974,win,5.9999999999997495
396,trade_577,ETH/USD,LONG,2026-07-24T17:10:53.000Z,2026-07-24T17:11:53.000Z,4137.265608764944,4131.059710351797,loss,-2.999999999999907
397,trade_579,ETH/USD,LONG,2026-07-24T17:12:53.000Z,2026-07-24T17:13:53.000Z,4138.550054099347,4132.342229018198,loss,-3.0000000000000706
398,trade_580,ETH/USD,LONG,2026-07-24T17:13:54.000Z,2026-07-24T17:14:54.000Z,4138.94319408929,4151.360023671557,win,5.999999999999765
399,trade_586,ETH/USD,LONG,2026-07-24T17:19:55.000Z,2026-07-24T17:20:55.000Z,4205.3277936659,4199.019801975401,loss,-3.0000000000000555
400,trade_593,ETH/USD,LONG,2026-07-24T17:26:57.000Z,2026-07-24T17:27:57.000Z,4224.484557665209,4237.158011338204,win,5.999999999999937
401,trade_598,ETH/USD,LONG,2026-07-24T17:31:58.000Z,2026-07-24T17:32:58.000Z,4248.672256179061,4261.418272947598,win,5.9999999999997815
402,trade_600,ETH/USD,SHORT,2026-07-24T17:33:58.000Z,2026-07-24T17:34:58.000Z,4258.673410725349,4245.897390493173,win,6.000000000000003
403,trade_601,ETH/USD,SHORT,2026-07-24T17:34:58.000Z,2026-07-24T17:35:58.000Z,4248.37262102581,4254.745179957349,loss,-3.0000000000001625
404,trade_602,ETH/USD,SHORT,2026-07-24T17:35:59.000Z,2026-07-24T17:36:59.000Z,4232.488461445844,4219.790996061507,win,5.999999999999839
405,trade_604,ETH/USD,SHORT,2026-07-24T17:37:59.000Z,2026-07-24T17:38:59.000Z,4222.4872232718,4228.820954106708,loss,-3.0000000000002545
406,trade_605,ETH/USD,SHORT,2026-07-24T17:38:59.000Z,2026-07-24T17:39:59.000Z,4214.00450335506,4220.325510110092,loss,-3.0000000000000115
407,trade_606,ETH/USD,LONG,2026-07-24T17:39:59.000Z,2026-07-24T17:40:59.000Z,4214.870660096325,4208.548354106181,loss,-2.9999999999996887
408,trade_607,ETH/USD,SHORT,2026-07-24T17:41:00.000Z,2026-07-24T17:42:00.000Z,4219.995368482936,4226.325361535661,loss,-3.0000000000000946
409,trade_608,ETH/USD,SHORT,2026-07-24T17:42:00.000Z,2026-07-24T17:43:00.000Z,4239.712246345067,4226.993109606032,win,5.999999999999949
410,trade_610,ETH/USD,SHORT,2026-07-24T17:44:00.000Z,2026-07-24T17:45:00.000Z,4218.694688658096,4225.022730691084,loss,-3.0000000000001537
411,trade_613,ETH/USD,LONG,2026-07-24T17:47:01.000Z,2026-07-24T17:48:01.000Z,4213.986787905013,4226.628748268728,win,5.99999999999957
412,trade_626,ETH/USD,SHORT,2026-07-24T18:00:04.000Z,2026-07-24T18:01:04.000Z,4251.244117796883,4257.620983973578,loss,-3.0000000000000027
413,trade_630,ETH/USD,SHORT,2026-07-24T18:04:05.000Z,2026-07-24T18:05:05.000Z,4260.770750162657,4267.161906287902,loss,-3.0000000000001843
414,trade_634,ETH/USD,SHORT,2026-07-24T18:08:06.000Z,2026-07-24T18:09:06.000Z,4293.919061352505,4300.359939944534,loss,-2.9999999999999445
415,trade_640,ETH/USD,LONG,2026-07-24T18:14:07.000Z,2026-07-24T18:15:07.000Z,4296.05655549899,4289.612470665742,loss,-2.9999999999997145
416,trade_645,ETH/USD,LONG,2026-07-24T18:19:08.000Z,2026-07-24T18:20:08.000Z,4262.073012197287,4274.859231233879,win,5.999999999999745
417,trade_652,ETH/USD,SHORT,2026-07-24T18:26:10.000Z,2026-07-24T18:27:10.000Z,4310.775320420042,4317.241483400672,loss,-3.000000000000223
418,trade_654,ETH/USD,SHORT,2026-07-24T18:28:10.000Z,2026-07-24T18:29:10.000Z,4315.564138471941,4322.037484679649,loss,-3.000000000000201
419,trade_655,ETH/USD,SHORT,2026-07-24T18:29:10.000Z,2026-07-24T18:30:10.000Z,4307.984055261311,4314.446031344203,loss,-2.9999999999999463
420,trade_661,ETH/USD,SHORT,2026-07-24T18:35:12.000Z,2026-07-24T18:36:12.000Z,4313.105339074224,4319.574997082836,loss,-3.000000000000302
421,trade_663,ETH/USD,SHORT,2026-07-24T18:37:12.000Z,2026-07-24T18:38:12.000Z,4317.732798331124,4304.779599936131,win,6.0000000000001545
422,trade_665,ETH/USD,SHORT,2026-07-24T18:39:13.000Z,2026-07-24T18:40:13.000Z,4304.933270445941,4311.39067035161,loss,-3.000000000000163
423,trade_668,ETH/USD,SHORT,2026-07-24T18:42:13.000Z,2026-07-24T18:43:13.000Z,4336.723944732733,4343.229030649833,loss,-3.0000000000002665
424,trade_672,ETH/USD,LONG,2026-07-24T18:46:14.000Z,2026-07-24T18:47:14.000Z,4308.232180243374,4321.1568767841045,win,5.999999999999994
425,trade_680,ETH/USD,SHORT,2026-07-24T18:54:16.000Z,2026-07-24T18:55:16.000Z,4346.819207775293,4333.778750151967,win,6.000000000000006
426,trade_681,ETH/USD,SHORT,2026-07-24T18:55:16.000Z,2026-07-24T18:56:16.000Z,4322.129149564222,4328.612343288568,loss,-2.9999999999999223
427,trade_682,ETH/USD,LONG,2026-07-24T18:56:17.000Z,2026-07-24T18:57:17.000Z,4321.406168798793,4314.924059545595,loss,-3.0000000000000786
428,trade_683,ETH/USD,SHORT,2026-07-24T18:57:17.000Z,2026-07-24T18:58:17.000Z,4318.177061925113,4324.654327518001,loss,-3.000000000000253
429,trade_684,ETH/USD,LONG,2026-07-24T18:58:17.000Z,2026-07-24T18:59:17.000Z,4317.336884057774,4330.288894709947,win,5.999999999999924
430,trade_685,ETH/USD,SHORT,2026-07-24T18:59:17.000Z,2026-07-24T19:00:17.000Z,4327.307149165475,4314.325227717978,win,6.000000000000018
431,trade_689,ETH/USD,LONG,2026-07-24T19:03:18.000Z,2026-07-24T19:04:18.000Z,4307.254528319396,4320.176291904354,win,5.999999999999992
432,trade_690,ETH/USD,LONG,2026-07-24T19:04:18.000Z,2026-07-24T19:05:18.000Z,4323.1694037897405,4336.138912001109,win,5.999999999999676
433,trade_691,ETH/USD,LONG,2026-07-24T19:05:19.000Z,2026-07-24T19:06:19.000Z,4341.504870352333,4334.992613046804,loss,-3.000000000000089
434,trade_692,ETH/USD,SHORT,2026-07-24T19:06:19.000Z,2026-07-24T19:07:19.000Z,4340.9805145451755,4347.491985316993,loss,-2.999999999999918
435,trade_693,ETH/USD,SHORT,2026-07-24T19:07:19.000Z,2026-07-24T19:08:19.000Z,4343.79009346083,4330.758723180447,win,5.999999999999941
436,trade_694,ETH/USD,LONG,2026-07-24T19:08:19.000Z,2026-07-24T19:09:19.000Z,4324.70013928954,4318.213089080606,loss,-2.9999999999999982
437,trade_695,ETH/USD,LONG,2026-07-24T19:09:20.000Z,2026-07-24T19:10:20.000Z,4310.488614378349,4323.420080221484,win,5.9999999999999325
438,trade_697,ETH/USD,LONG,2026-07-24T19:11:20.000Z,2026-07-24T19:12:20.000Z,4342.065522160468,4355.09171872695,win,5.999999999999953
439,trade_699,ETH/USD,LONG,2026-07-24T19:13:21.000Z,2026-07-24T19:14:21.000Z,4350.11357391696,4363.163914638711,win,5.9999999999996945
440,trade_714,ETH/USD,SHORT,2026-07-24T19:28:24.000Z,2026-07-24T19:29:24.000Z,4423.151493053636,4409.882038574475,win,6.000000000000105
441,trade_716,ETH/USD,LONG,2026-07-24T19:30:24.000Z,2026-07-24T19:31:24.000Z,4378.408030168232,4371.84041812298,loss,-2.9999999999997202
442,trade_717,ETH/USD,LONG,2026-07-24T19:31:25.000Z,2026-07-24T19:32:25.000Z,4366.483400121788,4359.933675021605,loss,-2.9999999999999227
443,trade_718,ETH/USD,LONG,2026-07-24T19:32:25.000Z,2026-07-24T19:33:25.000Z,4357.954917613403,4351.417985236983,loss,-2.9999999999998725
444,trade_719,ETH/USD,LONG,2026-07-24T19:33:25.000Z,2026-07-24T19:34:25.000Z,4335.373619327757,4348.37974018574,win,5.99999999999976
445,trade_720,ETH/USD,LONG,2026-07-24T19:34:25.000Z,2026-07-24T19:35:25.000Z,4350.722762708565,4344.196678564503,loss,-2.9999999999997136
446,trade_721,ETH/USD,LONG,2026-07-24T19:35:26.000Z,2026-07-24T19:36:26.000Z,4354.3079385328565,4347.7764766250575,loss,-2.9999999999998623
447,trade_722,ETH/USD,LONG,2026-07-24T19:36:26.000Z,2026-07-24T19:37:26.000Z,4345.722432208569,4339.203848560257,loss,-2.999999999999798
448,trade_723,ETH/USD,LONG,2026-07-24T19:37:26.000Z,2026-07-24T19:38:26.000Z,4352.039615664944,4345.511556241447,loss,-2.999999999999958
449,trade_726,ETH/USD,SHORT,2026-07-24T19:40:27.000Z,2026-07-24T19:41:27.000Z,4360.534086711533,4367.074887841601,loss,-3.000000000000252
450,trade_727,ETH/USD,LONG,2026-07-24T19:41:27.000Z,2026-07-24T19:42:27.000Z,4362.071403310856,4375.157617520788,win,5.999999999999841
451,trade_728,ETH/USD,LONG,2026-07-24T19:42:27.000Z,2026-07-24T19:43:27.000Z,4370.198569526097,4363.643271671808,loss,-3.000000000000009
452,trade_729,ETH/USD,LONG,2026-07-24T19:43:28.000Z,2026-07-24T19:44:28.000Z,4366.1320277454,4359.5828297037815,loss,-3.000000000000038
453,trade_732,ETH/USD,SHORT,2026-07-24T19:46:28.000Z,2026-07-24T19:47:28.000Z,4378.039476358797,4384.606535573336,loss,-3.0000000000003024
454,trade_733,ETH/USD,SHORT,2026-07-24T19:47:29.000Z,2026-07-24T19:48:29.000Z,4359.852974477669,4346.773415554236,win,6.000000000000028
455,trade_735,ETH/USD,SHORT,2026-07-24T19:49:29.000Z,2026-07-24T19:50:29.000Z,4350.325285132241,4356.85077305994,loss,-3.000000000000308
456,trade_736,ETH/USD,SHORT,2026-07-24T19:50:29.000Z,2026-07-24T19:51:29.000Z,4368.468904267231,4355.363497554429,win,5.999999999999956
457,trade_737,ETH/USD,SHORT,2026-07-24T19:51:30.000Z,2026-07-24T19:52:30.000Z,4352.953062034697,4339.894202848593,win,6.000000000000051
458,trade_739,ETH/USD,SHORT,2026-07-24T19:53:30.000Z,2026-07-24T19:54:30.000Z,4338.913686016311,4345.422056545335,loss,-2.9999999999999845
459,trade_740,ETH/USD,SHORT,2026-07-24T19:54:30.000Z,2026-07-24T19:55:30.000Z,4349.493629309187,4356.017869753151,loss,-3.0000000000001554
460,trade_742,ETH/USD,SHORT,2026-07-24T19:56:31.000Z,2026-07-24T19:57:31.000Z,4362.292953194493,4368.836392624285,loss,-3.0000000000000098
461,trade_746,ETH/USD,LONG,2026-07-24T20:00:32.000Z,2026-07-24T20:01:32.000Z,4387.893241765431,4381.3114019027835,loss,-2.999999999999905
462,trade_747,ETH/USD,SHORT,2026-07-24T20:01:32.000Z,2026-07-24T20:02:32.000Z,4384.639593628708,4371.485674847822,win,5.999999999999835
463,trade_757,ETH/USD,LONG,2026-07-24T20:11:35.000Z,2026-07-24T20:12:35.000Z,4336.4661112561525,4349.475509589921,win,5.999999999999942
464,trade_758,ETH/USD,LONG,2026-07-24T20:12:35.000Z,2026-07-24T20:13:35.000Z,4348.783411208113,4361.829761441737,win,5.999999999999961
465,trade_759,ETH/USD,LONG,2026-07-24T20:13:35.000Z,2026-07-24T20:14:35.000Z,4355.252364809344,4348.71948626213,loss,-2.999999999999919
466,trade_760,ETH/USD,LONG,2026-07-24T20:14:35.000Z,2026-07-24T20:15:35.000Z,4358.263836350327,4351.726440595802,loss,-2.999999999999902
467,trade_764,ETH/USD,SHORT,2026-07-24T20:18:36.000Z,2026-07-24T20:19:36.000Z,4370.069849948892,4376.624954723815,loss,-2.999999999999921
468,trade_765,ETH/USD,SHORT,2026-07-24T20:19:36.000Z,2026-07-24T20:20:36.000Z,4385.895950574837,4392.474794500699,loss,-2.999999999999975
469,trade_768,ETH/USD,SHORT,2026-07-24T20:22:37.000Z,2026-07-24T20:23:37.000Z,4389.932640323921,4396.517539284408,loss,-3.000000000000281
470,trade_786,ETH/USD,LONG,2026-07-24T20:40:42.000Z,2026-07-24T20:41:42.000Z,4371.3944627852225,4364.837371091045,loss,-3.000000000000017
471,trade_792,ETH/USD,SHORT,2026-07-24T20:46:43.000Z,2026-07-24T20:47:43.000Z,4409.102796248044,4395.8754878593,win,5.999999999999917
472,,ETH/USD,SHORT,2026-07-24T21:29:53.000Z,2026-07-24T21:46:44.983Z,4435.928853776962,4435.928853776962,breakeven,0
473,trade_793,ETH/USD,LONG,2026-07-24T20:47:43.000Z,2026-07-24T20:48:43.000Z,4408.635016812799,4402.02206428758,loss,-2.9999999999999294
474,trade_795,ETH/USD,SHORT,2026-07-24T20:49:44.000Z,2026-07-24T20:50:44.000Z,4402.043351431344,4408.64641645849,loss,-2.99999999999992
475,trade_797,ETH/USD,LONG,2026-07-24T20:51:44.000Z,2026-07-24T20:52:44.000Z,4388.660712409824,4401.826694547052,win,5.999999999999621
476,trade_799,ETH/USD,LONG,2026-07-24T20:53:45.000Z,2026-07-24T20:54:45.000Z,4399.643212473137,4412.842142110556,win,5.999999999999625
477,trade_802,ETH/USD,SHORT,2026-07-24T20:56:45.000Z,2026-07-24T20:57:45.000Z,4403.075847759329,4410.151421159656,loss,-3.213923014261757
478,trade_807,ETH/USD,LONG,2026-07-24T21:01:47.000Z,2026-07-24T21:02:47.000Z,4423.102059880563,4436.387251066581,win,6.007182744671609
479,trade_809,ETH/USD,LONG,2026-07-24T21:03:47.000Z,2026-07-24T21:04:47.000Z,4443.476497923007,4436.811283176123,loss,-2.9999999999997593
480,trade_811,ETH/USD,LONG,2026-07-24T21:05:47.000Z,2026-07-24T21:06:47.000Z,4440.932774281952,4434.271375120529,loss,-3.00000000000008
481,trade_819,ETH/USD,SHORT,2026-07-24T21:13:49.000Z,2026-07-24T21:14:49.000Z,4387.093032883635,4393.67367243296,loss,-3.0000000000000204
482,trade_824,ETH/USD,LONG,2026-07-24T21:18:51.000Z,2026-07-24T21:19:51.000Z,4401.233834901415,4394.631984149063,loss,-3.0000000000000444
483,trade_826,ETH/USD,SHORT,2026-07-24T21:20:51.000Z,2026-07-24T21:21:51.000Z,4408.832808544117,4395.6063101184845,win,6.000000000000112
484,trade_833,ETH/USD,SHORT,2026-07-24T21:27:53.000Z,2026-07-24T21:28:53.000Z,4416.151045266374,4422.7752718342745,loss,-3.0000000000002998
485,trade_106,SOL/USD,SHORT,2026-07-24T09:18:08.000Z,2026-07-24T09:19:08.000Z,220.033241031965,220.36329089351295,loss,-3.0000000000001372
486,trade_109,SOL/USD,SHORT,2026-07-24T09:21:08.000Z,2026-07-24T09:22:08.000Z,219.95686660773268,220.2868019076443,loss,-3.0000000000002376
487,trade_110,SOL/USD,SHORT,2026-07-24T09:22:09.000Z,2026-07-24T09:23:09.000Z,220.0953281693333,220.42547116158732,loss,-3.0000000000002287
488,trade_115,SOL/USD,LONG,2026-07-24T09:27:10.000Z,2026-07-24T09:28:10.000Z,221.29513831936129,220.96319561188224,loss,-3.0000000000000187
489,trade_116,SOL/USD,SHORT,2026-07-24T09:28:10.000Z,2026-07-24T09:29:10.000Z,221.3836528061961,221.7157282854054,loss,-3
490,trade_119,SOL/USD,SHORT,2026-07-24T09:31:10.000Z,2026-07-24T09:32:10.000Z,221.4508630464895,221.78303934105924,loss,-3.0000000000000013
491,trade_128,SOL/USD,LONG,2026-07-24T09:40:12.000Z,2026-07-24T09:41:12.000Z,222.87217596023393,223.54079248811462,win,5.999999999999866
492,trade_148,SOL/USD,LONG,2026-07-24T10:00:17.000Z,2026-07-24T10:01:17.000Z,226.65712284399814,226.31713715973214,loss,-2.9999999999999996
493,trade_149,SOL/USD,LONG,2026-07-24T10:01:17.000Z,2026-07-24T10:02:17.000Z,226.6305873883871,226.29064150730454,loss,-2.999999999999911
494,trade_150,SOL/USD,LONG,2026-07-24T10:02:17.000Z,2026-07-24T10:03:17.000Z,226.03951600860478,226.71763455663057,win,5.999999999999813
495,trade_155,SOL/USD,LONG,2026-07-24T10:07:18.000Z,2026-07-24T10:08:18.000Z,227.12935565532527,227.81074372229122,win,5.999999999999782
496,trade_158,SOL/USD,LONG,2026-07-24T10:10:19.000Z,2026-07-24T10:11:19.000Z,227.99560571541687,227.65361230684377,loss,-2.9999999999998037
497,trade_160,SOL/USD,SHORT,2026-07-24T10:12:19.000Z,2026-07-24T10:13:19.000Z,227.75396960725936,228.09560056167027,loss,-3.0000000000001195
498,trade_161,SOL/USD,LONG,2026-07-24T10:13:20.000Z,2026-07-24T10:14:20.000Z,228.483235069405,228.1405102168009,loss,-2.9999999999999947
499,trade_178,SOL/USD,LONG,2026-07-24T10:30:23.000Z,2026-07-24T10:31:23.000Z,232.2472964735026,231.89892552879235,loss,-2.9999999999998797
500,trade_179,SOL/USD,LONG,2026-07-24T10:31:24.000Z,2026-07-24T10:32:24.000Z,232.36606451571828,232.01751541894473,loss,-2.9999999999997895
501,trade_183,SOL/USD,SHORT,2026-07-24T10:35:24.000Z,2026-07-24T10:36:24.000Z,232.5236826869257,232.8724682109561,loss,-3.0000000000001354
502,trade_185,SOL/USD,SHORT,2026-07-24T10:37:25.000Z,2026-07-24T10:38:25.000Z,233.29914190338107,232.59924447767094,win,5.999999999999919
503,trade_187,SOL/USD,SHORT,2026-07-24T10:39:25.000Z,2026-07-24T10:40:25.000Z,232.84908352063363,233.1983571459146,loss,-3.0000000000001856
504,trade_189,SOL/USD,SHORT,2026-07-24T10:41:26.000Z,2026-07-24T10:42:26.000Z,232.6358280132301,231.93792052919042,win,5.9999999999999885
505,trade_191,SOL/USD,SHORT,2026-07-24T10:43:26.000Z,2026-07-24T10:44:26.000Z,232.28892107470617,231.59205431148206,win,5.999999999999909
506,trade_192,SOL/USD,SHORT,2026-07-24T10:44:26.000Z,2026-07-24T10:45:26.000Z,231.90016483209533,232.24801507934347,loss,-3.000000000000031
507,trade_195,SOL/USD,LONG,2026-07-24T10:47:27.000Z,2026-07-24T10:48:27.000Z,232.09055623184568,231.74242039749794,loss,-2.9999999999997877
508,trade_196,SOL/USD,LONG,2026-07-24T10:48:27.000Z,2026-07-24T10:49:27.000Z,231.92765967762634,231.5797681881099,loss,-2.999999999999901
509,trade_197,SOL/USD,LONG,2026-07-24T10:49:27.000Z,2026-07-24T10:50:27.000Z,232.17176962211366,232.86828493097997,win,5.9999999999997335
510,trade_198,SOL/USD,LONG,2026-07-24T10:50:28.000Z,2026-07-24T10:51:28.000Z,232.76498070716093,232.4158332361002,loss,-2.999999999999798
511,trade_199,SOL/USD,LONG,2026-07-24T10:51:28.000Z,2026-07-24T10:52:28.000Z,232.00111660950049,231.65311493458626,loss,-2.999999999999816
512,trade_202,SOL/USD,LONG,2026-07-24T10:54:28.000Z,2026-07-24T10:55:28.000Z,232.18798015195813,232.884544092414,win,5.9999999999998765
513,trade_205,SOL/USD,SHORT,2026-07-24T10:57:29.000Z,2026-07-24T10:58:29.000Z,232.96537392535416,233.3148219862422,loss,-3.000000000000168
514,trade_206,SOL/USD,LONG,2026-07-24T10:58:29.000Z,2026-07-24T10:59:29.000Z,233.96595317019248,233.6150042404372,loss,-2.9999999999998925
515,trade_208,SOL/USD,SHORT,2026-07-24T11:00:30.000Z,2026-07-24T11:01:30.000Z,233.72634012297456,234.07692963315904,loss,-3.000000000000131
516,trade_209,SOL/USD,LONG,2026-07-24T11:01:30.000Z,2026-07-24T11:02:30.000Z,234.43657946540407,235.13988920380027,win,5.999999999999897
517,trade_210,SOL/USD,LONG,2026-07-24T11:02:30.000Z,2026-07-24T11:03:30.000Z,234.43366873686725,234.08201823376197,loss,-2.9999999999997873
518,trade_213,SOL/USD,LONG,2026-07-24T11:05:31.000Z,2026-07-24T11:06:31.000Z,234.30198131161976,235.0048872555546,win,5.999999999999813
519,trade_215,SOL/USD,SHORT,2026-07-24T11:07:31.000Z,2026-07-24T11:08:31.000Z,234.84865529467632,234.1441093287923,win,5.999999999999949
520,trade_218,SOL/USD,LONG,2026-07-24T11:10:32.000Z,2026-07-24T11:11:32.000Z,234.41827011767413,234.06664271249764,loss,-2.999999999999791
521,trade_219,SOL/USD,LONG,2026-07-24T11:11:32.000Z,2026-07-24T11:12:32.000Z,234.2411794800598,234.94390301849995,win,5.99999999999978
522,trade_236,SOL/USD,SHORT,2026-07-24T11:28:35.000Z,2026-07-24T11:29:35.000Z,237.041864647413,237.39742744438414,loss,-3.000000000000073
523,trade_239,SOL/USD,SHORT,2026-07-24T11:31:36.000Z,2026-07-24T11:32:36.000Z,238.51919812524562,237.8036405308699,win,5.999999999999893
524,trade_241,SOL/USD,LONG,2026-07-24T11:33:36.000Z,2026-07-24T11:34:36.000Z,237.89191647636224,238.6055922257913,win,5.999999999999757
525,trade_250,SOL/USD,SHORT,2026-07-24T11:42:39.000Z,2026-07-24T11:43:39.000Z,238.25642609696027,238.61381073610573,loss,-3.000000000000208
526,trade_251,SOL/USD,SHORT,2026-07-24T11:43:39.000Z,2026-07-24T11:44:39.000Z,238.5390959020587,238.8969045459118,loss,-3.000000000000138
527,trade_253,SOL/USD,LONG,2026-07-24T11:45:39.000Z,2026-07-24T11:46:39.000Z,238.9578359915147,239.67470949948924,win,5.999999999999849
528,trade_260,SOL/USD,LONG,2026-07-24T11:52:41.000Z,2026-07-24T11:53:41.000Z,241.5220558549779,241.15977277119546,loss,-2.9999999999998086
529,trade_263,SOL/USD,LONG,2026-07-24T11:55:41.000Z,2026-07-24T11:56:41.000Z,241.78769324632407,241.4250117064546,loss,-2.999999999999869
530,trade_265,SOL/USD,SHORT,2026-07-24T11:57:42.000Z,2026-07-24T11:58:42.000Z,240.64898344832568,241.00995692349818,loss,-3.0000000000000955
531,trade_266,SOL/USD,SHORT,2026-07-24T11:58:42.000Z,2026-07-24T11:59:42.000Z,240.83934553294898,241.20060455124843,loss,-3.000000000000216
532,trade_268,SOL/USD,SHORT,2026-07-24T12:00:43.000Z,2026-07-24T12:01:43.000Z,241.73172863418543,242.09432622713672,loss,-3.0000000000000897
533,trade_269,SOL/USD,LONG,2026-07-24T12:01:43.000Z,2026-07-24T12:02:43.000Z,241.69184511341592,241.3293073457458,loss,-2.9999999999999605
534,trade_270,SOL/USD,LONG,2026-07-24T12:02:43.000Z,2026-07-24T12:03:43.000Z,241.7161649589909,242.44131345386785,win,5.99999999999979
535,trade_272,SOL/USD,LONG,2026-07-24T12:04:43.000Z,2026-07-24T12:05:43.000Z,241.90180046470698,241.53894776400992,loss,-3.000000000000008
536,trade_273,SOL/USD,LONG,2026-07-24T12:05:44.000Z,2026-07-24T12:06:44.000Z,241.8347008823146,241.47194883099112,loss,-2.9999999999999725
537,trade_277,SOL/USD,LONG,2026-07-24T12:09:45.000Z,2026-07-24T12:10:45.000Z,242.29067003377256,241.9272340287219,loss,-2.9999999999999982
538,trade_278,SOL/USD,LONG,2026-07-24T12:10:45.000Z,2026-07-24T12:11:45.000Z,242.33005828469757,241.96656319727055,loss,-2.9999999999998317
539,trade_279,SOL/USD,LONG,2026-07-24T12:11:45.000Z,2026-07-24T12:12:45.000Z,242.3118388615456,243.0387743781302,win,5.999999999999726
540,trade_285,SOL/USD,SHORT,2026-07-24T12:17:46.000Z,2026-07-24T12:18:46.000Z,243.08675480246225,242.35749453805485,win,6.000000000000116
541,trade_287,SOL/USD,SHORT,2026-07-24T12:19:47.000Z,2026-07-24T12:20:47.000Z,242.1735772216561,242.5368375874886,loss,-3.000000000000151
542,trade_288,SOL/USD,SHORT,2026-07-24T12:20:47.000Z,2026-07-24T12:21:47.000Z,242.33387119524764,242.69737200204054,loss,-3.00000000000023
543,trade_289,SOL/USD,SHORT,2026-07-24T12:21:47.000Z,2026-07-24T12:22:47.000Z,243.1897203134071,243.5545048938772,loss,-3.0000000000000346
544,trade_300,SOL/USD,SHORT,2026-07-24T12:32:50.000Z,2026-07-24T12:33:50.000Z,245.3140921982193,245.68206333651665,loss,-3.0000000000001665
545,trade_303,SOL/USD,SHORT,2026-07-24T12:35:50.000Z,2026-07-24T12:36:50.000Z,245.0773874736323,245.44500355484277,loss,-3.0000000000000693
546,trade_318,SOL/USD,SHORT,2026-07-24T12:50:54.000Z,2026-07-24T12:51:54.000Z,247.1134406786109,247.48411083962884,loss,-3.000000000000083
547,trade_322,SOL/USD,LONG,2026-07-24T12:54:54.000Z,2026-07-24T12:55:54.000Z,247.52811728308777,248.270701634937,win,5.999999999999857
548,trade_326,SOL/USD,SHORT,2026-07-24T12:58:55.000Z,2026-07-24T12:59:55.000Z,248.4191429379279,248.7917716523348,loss,-3.000000000000184
549,trade_328,SOL/USD,LONG,2026-07-24T13:00:56.000Z,2026-07-24T13:01:56.000Z,249.4425206024151,250.19084816422233,win,5.999999999999876
550,trade_332,SOL/USD,LONG,2026-07-24T13:04:57.000Z,2026-07-24T13:05:57.000Z,249.35397771458514,248.97994674801328,loss,-2.999999999999902
551,trade_334,SOL/USD,SHORT,2026-07-24T13:06:57.000Z,2026-07-24T13:07:57.000Z,248.8661681662465,249.25506019296483,loss,-3.1253105199783686
552,trade_335,SOL/USD,SHORT,2026-07-24T13:07:57.000Z,2026-07-24T13:08:57.000Z,248.95231988132895,248.20546292168495,win,6.000000000000042
553,trade_336,SOL/USD,LONG,2026-07-24T13:08:57.000Z,2026-07-24T13:09:57.000Z,249.29799154499491,250.04588551962988,win,5.999999999999821
554,trade_344,SOL/USD,SHORT,2026-07-24T13:16:59.000Z,2026-07-24T13:17:59.000Z,251.24601734087693,250.4922792888543,win,6.000000000000078
555,trade_345,SOL/USD,SHORT,2026-07-24T13:17:59.000Z,2026-07-24T13:18:59.000Z,250.78274083920428,251.1589149504631,loss,-3.0000000000001057
556,trade_351,SOL/USD,SHORT,2026-07-24T13:24:01.000Z,2026-07-24T13:25:01.000Z,253.89006027148434,254.27089536189158,loss,-3.0000000000000377
557,trade_352,SOL/USD,LONG,2026-07-24T13:25:01.000Z,2026-07-24T13:26:01.000Z,253.84060522389947,253.45984431606362,loss,-3.000000000000003
558,trade_357,SOL/USD,SHORT,2026-07-24T13:30:02.000Z,2026-07-24T13:31:02.000Z,252.79804277838969,253.1772398425573,loss,-3.000000000000225
559,trade_362,SOL/USD,SHORT,2026-07-24T13:35:03.000Z,2026-07-24T13:36:03.000Z,253.81863049504983,253.05717460356468,win,6.000000000000049
560,trade_363,SOL/USD,SHORT,2026-07-24T13:36:03.000Z,2026-07-24T13:37:03.000Z,253.23800745333202,253.61786446451202,loss,-3.0000000000000746
561,trade_365,SOL/USD,SHORT,2026-07-24T13:38:04.000Z,2026-07-24T13:39:04.000Z,254.02726440540025,254.40830530200836,loss,-3.0000000000000973
562,trade_366,SOL/USD,SHORT,2026-07-24T13:39:04.000Z,2026-07-24T13:40:04.000Z,254.16231870223038,253.39983174612368,win,6.0000000000000595
563,trade_369,SOL/USD,SHORT,2026-07-24T13:42:05.000Z,2026-07-24T13:43:05.000Z,253.59952551076094,253.9799247990271,loss,-3.0000000000000484
564,trade_375,SOL/USD,LONG,2026-07-24T13:48:06.000Z,2026-07-24T13:49:06.000Z,252.8290812306908,252.44983760884477,loss,-2.9999999999999476
565,trade_376,SOL/USD,LONG,2026-07-24T13:49:06.000Z,2026-07-24T13:50:06.000Z,253.12865861102296,253.888044586856,win,5.9999999999998925
566,trade_380,SOL/USD,SHORT,2026-07-24T13:53:07.000Z,2026-07-24T13:54:07.000Z,254.75713239166063,253.99286099448565,win,5.999999999999985
567,trade_383,SOL/USD,SHORT,2026-07-24T13:56:08.000Z,2026-07-24T13:57:08.000Z,252.76391173814787,253.1430576057551,loss,-3.000000000000106
568,trade_384,SOL/USD,SHORT,2026-07-24T13:57:08.000Z,2026-07-24T13:58:08.000Z,253.88064285448277,254.2614638187645,loss,-3.0000000000000036
569,trade_385,SOL/USD,SHORT,2026-07-24T13:58:08.000Z,2026-07-24T13:59:08.000Z,254.46135828870217,254.84305032613523,loss,-3.0000000000000138
570,trade_387,SOL/USD,SHORT,2026-07-24T14:00:09.000Z,2026-07-24T14:01:09.000Z,255.53251289355552,255.91581166289586,loss,-3.000000000000072
571,trade_388,SOL/USD,SHORT,2026-07-24T14:01:09.000Z,2026-07-24T14:02:09.000Z,255.2477311773277,255.6306027740937,loss,-3.000000000000024
572,trade_390,SOL/USD,SHORT,2026-07-24T14:03:10.000Z,2026-07-24T14:04:10.000Z,255.30458085168462,255.68753772296216,loss,-3.000000000000123
573,trade_391,SOL/USD,SHORT,2026-07-24T14:04:10.000Z,2026-07-24T14:05:10.000Z,255.07286120026063,254.30764261665985,win,6.000000000000021
574,trade_394,SOL/USD,LONG,2026-07-24T14:07:11.000Z,2026-07-24T14:08:11.000Z,253.81596005704964,253.43523611696406,loss,-2.999999999999993
575,trade_396,SOL/USD,SHORT,2026-07-24T14:09:11.000Z,2026-07-24T14:10:11.000Z,254.40746387276755,254.78907506857672,loss,-3.000000000000155
576,trade_398,SOL/USD,SHORT,2026-07-24T14:11:12.000Z,2026-07-24T14:12:12.000Z,255.2580262029137,255.6409132422181,loss,-3.0000000000001745
577,trade_407,SOL/USD,LONG,2026-07-24T14:20:13.000Z,2026-07-24T14:21:13.000Z,258.42497761276263,258.0373401463435,loss,-2.9999999999997184
578,trade_410,SOL/USD,LONG,2026-07-24T14:23:14.000Z,2026-07-24T14:24:14.000Z,257.5380145213769,257.15170749959486,loss,-2.999999999999842
579,trade_419,SOL/USD,SHORT,2026-07-24T14:32:16.000Z,2026-07-24T14:33:16.000Z,259.4910765266962,259.89867422747335,loss,-3.141516126356866
580,trade_425,SOL/USD,LONG,2026-07-24T14:38:17.000Z,2026-07-24T14:39:17.000Z,261.6143964280376,262.39923961732165,win,5.999999999999603
581,trade_432,SOL/USD,SHORT,2026-07-24T14:45:19.000Z,2026-07-24T14:46:19.000Z,265.55509387674306,265.95342651755817,loss,-2.999999999999987
582,trade_440,SOL/USD,SHORT,2026-07-24T14:53:21.000Z,2026-07-24T14:54:21.000Z,265.6412363489537,266.0448077066471,loss,-3.0384692018464268
583,trade_441,SOL/USD,LONG,2026-07-24T14:54:21.000Z,2026-07-24T14:55:21.000Z,266.63203469994636,266.2237875647371,loss,-3.062251208251634
584,trade_442,SOL/USD,LONG,2026-07-24T14:55:21.000Z,2026-07-24T14:56:21.000Z,266.67992584230603,267.49769032237333,win,6.132928659586169
585,trade_447,SOL/USD,LONG,2026-07-24T15:00:22.000Z,2026-07-24T15:01:22.000Z,267.35079346647524,268.15284584687464,win,5.999999999999826
586,trade_449,SOL/USD,LONG,2026-07-24T15:02:23.000Z,2026-07-24T15:03:23.000Z,268.23456601099355,269.0392697090265,win,5.999999999999683
587,trade_452,SOL/USD,LONG,2026-07-24T15:05:24.000Z,2026-07-24T15:06:24.000Z,268.9499029541701,268.54647809973886,loss,-2.9999999999999645
588,trade_453,SOL/USD,SHORT,2026-07-24T15:06:24.000Z,2026-07-24T15:07:24.000Z,267.76142983743915,268.16307198219533,loss,-3.000000000000167
589,trade_454,SOL/USD,LONG,2026-07-24T15:07:24.000Z,2026-07-24T15:08:24.000Z,267.86931552080085,267.4675115475197,loss,-2.9999999999998095
590,trade_455,SOL/USD,SHORT,2026-07-24T15:08:24.000Z,2026-07-24T15:09:24.000Z,267.63428927990265,266.83138641206295,win,5.999999999999876
591,trade_457,SOL/USD,SHORT,2026-07-24T15:10:25.000Z,2026-07-24T15:11:25.000Z,266.8990710360233,267.2994196425774,loss,-3.000000000000304
592,trade_458,SOL/USD,SHORT,2026-07-24T15:11:25.000Z,2026-07-24T15:12:25.000Z,266.3938111030041,266.79340181965864,loss,-3.0000000000001745
593,trade_459,SOL/USD,SHORT,2026-07-24T15:12:25.000Z,2026-07-24T15:13:25.000Z,267.4141743009529,267.81529556240434,loss,-3.000000000000265
594,trade_460,SOL/USD,SHORT,2026-07-24T15:13:25.000Z,2026-07-24T15:14:25.000Z,266.9930196552559,267.39350918473883,loss,-3.0000000000002043
595,trade_461,SOL/USD,SHORT,2026-07-24T15:14:26.000Z,2026-07-24T15:15:26.000Z,266.38330066067147,265.5841507586895,win,5.999999999999826
596,trade_463,SOL/USD,LONG,2026-07-24T15:16:26.000Z,2026-07-24T15:17:26.000Z,265.54007343740926,266.33669365772147,win,5.99999999999984
597,trade_465,SOL/USD,LONG,2026-07-24T15:18:27.000Z,2026-07-24T15:19:27.000Z,265.28898855445357,266.0848555201169,win,5.999999999999708
598,trade_468,SOL/USD,LONG,2026-07-24T15:21:27.000Z,2026-07-24T15:22:27.000Z,266.9758467309856,266.57538296088916,loss,-2.9999999999997935
599,trade_470,SOL/USD,LONG,2026-07-24T15:23:28.000Z,2026-07-24T15:24:28.000Z,267.3689527441166,268.1710596023489,win,5.999999999999784
600,trade_474,SOL/USD,LONG,2026-07-24T15:27:29.000Z,2026-07-24T15:28:29.000Z,269.67508201039084,269.27056938737525,loss,-3.000000000000039
601,trade_476,SOL/USD,LONG,2026-07-24T15:29:29.000Z,2026-07-24T15:30:29.000Z,269.46562902002125,269.06143057649126,loss,-2.9999999999997065
602,trade_480,SOL/USD,LONG,2026-07-24T15:33:30.000Z,2026-07-24T15:34:30.000Z,269.03476482829313,268.6312126810507,loss,-2.999999999999764
603,trade_482,SOL/USD,SHORT,2026-07-24T15:35:31.000Z,2026-07-24T15:36:31.000Z,269.8096915500975,270.2144060874227,loss,-3.0000000000001195
604,trade_483,SOL/USD,LONG,2026-07-24T15:36:31.000Z,2026-07-24T15:37:31.000Z,269.8542323331203,269.4494509846206,loss,-3.0000000000000133
605,trade_485,SOL/USD,SHORT,2026-07-24T15:38:32.000Z,2026-07-24T15:39:32.000Z,268.97432028289865,269.377781763323,loss,-3.000000000000155
606,trade_486,SOL/USD,SHORT,2026-07-24T15:39:32.000Z,2026-07-24T15:40:32.000Z,268.36636527092134,268.76891481882774,loss,-3.00000000000016
607,trade_488,SOL/USD,SHORT,2026-07-24T15:41:32.000Z,2026-07-24T15:42:32.000Z,267.9751815887266,268.37714436110974,loss,-3.0000000000001865
608,trade_489,SOL/USD,LONG,2026-07-24T15:42:33.000Z,2026-07-24T15:43:33.000Z,267.97502355402025,267.57306101868926,loss,-2.9999999999997344
609,trade_490,SOL/USD,SHORT,2026-07-24T15:43:33.000Z,2026-07-24T15:44:33.000Z,268.05989559377394,268.4619854371646,loss,-3.0000000000001696
610,trade_491,SOL/USD,SHORT,2026-07-24T15:44:33.000Z,2026-07-24T15:45:33.000Z,268.4732427736623,268.87871850784575,loss,-3.0206044371078304
611,trade_497,SOL/USD,SHORT,2026-07-24T15:50:35.000Z,2026-07-24T15:51:35.000Z,269.1975649429602,269.60136129037465,loss,-3.0000000000002234
612,trade_498,SOL/USD,LONG,2026-07-24T15:51:35.000Z,2026-07-24T15:52:35.000Z,269.32959818267807,268.92560378540406,loss,-2.9999999999999085
613,trade_499,SOL/USD,LONG,2026-07-24T15:52:35.000Z,2026-07-24T15:53:35.000Z,269.0929029926526,269.9001817016306,win,5.9999999999999165
614,trade_508,SOL/USD,LONG,2026-07-24T16:01:37.000Z,2026-07-24T16:02:37.000Z,274.18025979077447,275.00280057014675,win,5.999999999999648
615,trade_512,SOL/USD,SHORT,2026-07-24T16:05:38.000Z,2026-07-24T16:06:38.000Z,274.9543206146845,275.36675209560656,loss,-3.0000000000002887
616,trade_514,SOL/USD,LONG,2026-07-24T16:07:39.000Z,2026-07-24T16:08:39.000Z,275.61744233472047,275.2040161712184,loss,-2.99999999999969
617,trade_515,SOL/USD,LONG,2026-07-24T16:08:39.000Z,2026-07-24T16:09:39.000Z,274.8403394596119,274.4280789504225,loss,-3.0000000000000364
618,trade_516,SOL/USD,LONG,2026-07-24T16:09:39.000Z,2026-07-24T16:10:39.000Z,274.12584850030225,274.94822604580315,win,5.999999999999944
619,trade_519,SOL/USD,LONG,2026-07-24T16:12:40.000Z,2026-07-24T16:13:40.000Z,274.22753184192885,273.816190544166,loss,-2.99999999999986
620,trade_523,SOL/USD,SHORT,2026-07-24T16:16:41.000Z,2026-07-24T16:17:41.000Z,275.6105083730915,276.02392413565116,loss,-3.00000000000031
621,trade_526,SOL/USD,SHORT,2026-07-24T16:19:42.000Z,2026-07-24T16:20:42.000Z,275.25132960724585,275.66420660165676,loss,-3.0000000000002855
622,trade_528,SOL/USD,SHORT,2026-07-24T16:21:42.000Z,2026-07-24T16:22:42.000Z,275.2243106790693,275.6371471450879,loss,-3.0000000000002047
623,trade_529,SOL/USD,SHORT,2026-07-24T16:22:43.000Z,2026-07-24T16:23:43.000Z,274.72553428845816,275.13762258989084,loss,-2.999999999999911
624,trade_530,SOL/USD,SHORT,2026-07-24T16:23:43.000Z,2026-07-24T16:24:43.000Z,274.77215776165707,273.9478412883721,win,5.9999999999999645
625,trade_531,SOL/USD,SHORT,2026-07-24T16:24:43.000Z,2026-07-24T16:25:43.000Z,273.96589183880695,273.14399416329053,win,6.000000000000029
626,trade_532,SOL/USD,LONG,2026-07-24T16:25:43.000Z,2026-07-24T16:26:43.000Z,273.84403237840087,273.43326632983326,loss,-3.0000000000000577
627,trade_533,SOL/USD,SHORT,2026-07-24T16:26:44.000Z,2026-07-24T16:27:44.000Z,274.0026142350975,274.4136181564502,loss,-3.000000000000301
628,trade_534,SOL/USD,SHORT,2026-07-24T16:27:44.000Z,2026-07-24T16:28:44.000Z,274.79680417244845,275.2089993787071,loss,-3.0000000000000018
629,trade_535,SOL/USD,SHORT,2026-07-24T16:28:44.000Z,2026-07-24T16:29:44.000Z,274.6610961688572,273.8371128803507,win,5.99999999999987
630,trade_536,SOL/USD,SHORT,2026-07-24T16:29:44.000Z,2026-07-24T16:30:44.000Z,274.0764070421694,273.2541778210429,win,6.000000000000084
631,trade_540,SOL/USD,LONG,2026-07-24T16:33:45.000Z,2026-07-24T16:34:45.000Z,273.16054306217455,272.7508022475813,loss,-2.9999999999999063
632,trade_548,SOL/USD,LONG,2026-07-24T16:41:47.000Z,2026-07-24T16:42:47.000Z,273.14895777223325,273.9684046455499,win,5.9999999999998455
633,trade_549,SOL/USD,LONG,2026-07-24T16:42:48.000Z,2026-07-24T16:43:48.000Z,273.75649884773634,273.34586409946473,loss,-3.000000000000001
634,trade_552,SOL/USD,LONG,2026-07-24T16:45:48.000Z,2026-07-24T16:46:48.000Z,273.9917049198094,273.5807173624297,loss,-2.999999999999989
635,trade_557,SOL/USD,SHORT,2026-07-24T16:50:50.000Z,2026-07-24T16:51:50.000Z,273.9223462305799,273.10057919188813,win,6.000000000000048
636,trade_558,SOL/USD,SHORT,2026-07-24T16:51:50.000Z,2026-07-24T16:52:50.000Z,274.3382460196716,274.74975338870115,loss,-3.0000000000003126
637,trade_562,SOL/USD,SHORT,2026-07-24T16:55:51.000Z,2026-07-24T16:56:51.000Z,275.931588615834,276.3454859987578,loss,-3.0000000000001985
638,trade_567,SOL/USD,LONG,2026-07-24T17:00:52.000Z,2026-07-24T17:01:52.000Z,279.7688510601356,279.34919778354543,loss,-2.9999999999997464
639,trade_568,SOL/USD,SHORT,2026-07-24T17:01:52.000Z,2026-07-24T17:02:52.000Z,278.0877087991958,278.50484036239465,loss,-3.000000000000307
640,trade_575,SOL/USD,SHORT,2026-07-24T17:08:54.000Z,2026-07-24T17:09:54.000Z,278.8728011315532,279.2911103332506,loss,-3.000000000000178
641,trade_578,SOL/USD,SHORT,2026-07-24T17:11:55.000Z,2026-07-24T17:12:55.000Z,278.7070056218652,279.125066130298,loss,-3.000000000000031
642,trade_579,SOL/USD,SHORT,2026-07-24T17:12:55.000Z,2026-07-24T17:13:55.000Z,278.8488131115335,279.2670863312008,loss,-2.999999999999989
643,trade_587,SOL/USD,SHORT,2026-07-24T17:20:57.000Z,2026-07-24T17:21:57.000Z,284.1643936043069,284.6275762318689,loss,-3.25996245825903
644,trade_599,SOL/USD,SHORT,2026-07-24T17:33:00.000Z,2026-07-24T17:34:00.000Z,285.6970169593985,286.12556248483764,loss,-3.000000000000152
645,trade_608,SOL/USD,LONG,2026-07-24T17:42:01.000Z,2026-07-24T17:43:01.000Z,288.39664243016,287.9640474665148,loss,-2.9999999999998272
646,trade_621,SOL/USD,SHORT,2026-07-24T17:55:04.000Z,2026-07-24T17:56:04.000Z,289.6563574009156,290.090841937017,loss,-2.9999999999999445
647,trade_623,SOL/USD,SHORT,2026-07-24T17:57:05.000Z,2026-07-24T17:58:05.000Z,289.32581582721343,289.75980455095424,loss,-2.9999999999999347
648,trade_626,SOL/USD,SHORT,2026-07-24T18:00:05.000Z,2026-07-24T18:01:05.000Z,290.6577483774777,289.78577513234524,win,6.000000000000031
649,trade_628,SOL/USD,SHORT,2026-07-24T18:02:06.000Z,2026-07-24T18:03:06.000Z,289.3138234087387,289.7477941438518,loss,-3.0000000000000893
650,trade_629,SOL/USD,SHORT,2026-07-24T18:03:06.000Z,2026-07-24T18:04:06.000Z,290.08789788270894,290.52302972953305,loss,-3.0000000000002944
651,trade_630,SOL/USD,SHORT,2026-07-24T18:04:06.000Z,2026-07-24T18:05:06.000Z,289.9229427656034,290.35782717975184,loss,-3.0000000000001568
652,trade_631,SOL/USD,SHORT,2026-07-24T18:05:06.000Z,2026-07-24T18:06:06.000Z,290.0382240640742,290.4732814001703,loss,-3.000000000000074
653,trade_632,SOL/USD,LONG,2026-07-24T18:06:07.000Z,2026-07-24T18:07:07.000Z,291.11605131608053,291.98939947002873,win,5.999999999999714
654,trade_641,SOL/USD,LONG,2026-07-24T18:15:09.000Z,2026-07-24T18:16:09.000Z,291.2189997587003,290.7821712590623,loss,-2.9999999999997304
655,trade_645,SOL/USD,LONG,2026-07-24T18:19:09.000Z,2026-07-24T18:20:09.000Z,289.1474689141846,288.7137477108134,loss,-2.999999999999807
656,trade_647,SOL/USD,LONG,2026-07-24T18:21:10.000Z,2026-07-24T18:22:10.000Z,289.5257637621583,289.0914751165151,loss,-2.999999999999887
657,trade_649,SOL/USD,LONG,2026-07-24T18:23:10.000Z,2026-07-24T18:24:10.000Z,289.91416262160874,289.47929137767636,loss,-2.9999999999997553
658,trade_650,SOL/USD,LONG,2026-07-24T18:24:11.000Z,2026-07-24T18:25:11.000Z,291.0677199519367,291.9409231117925,win,5.999999999999869
659,trade_659,SOL/USD,SHORT,2026-07-24T18:33:13.000Z,2026-07-24T18:34:13.000Z,293.0303694431941,292.1512783348645,win,6.00000000000005
660,trade_660,SOL/USD,SHORT,2026-07-24T18:34:13.000Z,2026-07-24T18:35:13.000Z,291.4162636081439,291.8533880035561,loss,-3.00000000000017
661,trade_661,SOL/USD,LONG,2026-07-24T18:35:13.000Z,2026-07-24T18:36:13.000Z,291.45226295253946,291.0150845581107,loss,-2.999999999999731
662,trade_665,SOL/USD,SHORT,2026-07-24T18:39:14.000Z,2026-07-24T18:40:14.000Z,292.49553968797045,292.9452447682887,loss,-3.0749534218402483
663,trade_675,SOL/USD,LONG,2026-07-24T18:49:16.000Z,2026-07-24T18:50:16.000Z,296.57859504039226,296.1337271478317,loss,-2.9999999999999467
664,trade_677,SOL/USD,SHORT,2026-07-24T18:51:17.000Z,2026-07-24T18:52:17.000Z,295.9002025594601,296.34405286329934,loss,-3.0000000000001528
665,trade_679,SOL/USD,LONG,2026-07-24T18:53:17.000Z,2026-07-24T18:54:17.000Z,296.05074076932425,295.6066646581703,loss,-2.9999999999997358
666,trade_680,SOL/USD,SHORT,2026-07-24T18:54:17.000Z,2026-07-24T18:55:17.000Z,295.9252500637803,296.369137938876,loss,-3.0000000000001816
667,trade_686,SOL/USD,LONG,2026-07-24T19:00:19.000Z,2026-07-24T19:01:19.000Z,297.9931670921394,298.88714659341576,win,5.999999999999626
668,trade_689,SOL/USD,LONG,2026-07-24T19:03:19.000Z,2026-07-24T19:04:19.000Z,298.25877817078356,297.8113900035274,loss,-3.000000000000023
669,trade_692,SOL/USD,LONG,2026-07-24T19:06:20.000Z,2026-07-24T19:07:20.000Z,298.0234068348002,297.57637172454804,loss,-2.999999999999723
670,trade_693,SOL/USD,SHORT,2026-07-24T19:07:20.000Z,2026-07-24T19:08:20.000Z,297.209123796186,296.31749642479747,win,5.9999999999999565
671,trade_694,SOL/USD,SHORT,2026-07-24T19:08:21.000Z,2026-07-24T19:09:21.000Z,296.4938804368097,295.60439879549926,win,6.000000000000165
672,trade_695,SOL/USD,LONG,2026-07-24T19:09:21.000Z,2026-07-24T19:10:21.000Z,296.4164293769897,295.9718047329242,loss,-2.9999999999999045
673,trade_696,SOL/USD,SHORT,2026-07-24T19:10:21.000Z,2026-07-24T19:11:21.000Z,296.30440699899106,296.74886360948955,loss,-3.000000000000033
674,trade_697,SOL/USD,SHORT,2026-07-24T19:11:21.000Z,2026-07-24T19:12:21.000Z,296.2290819956477,295.34039474966073,win,6.000000000000004
675,trade_698,SOL/USD,SHORT,2026-07-24T19:12:22.000Z,2026-07-24T19:13:22.000Z,295.3688351557963,295.81188840853,loss,-3.000000000000071
676,trade_699,SOL/USD,SHORT,2026-07-24T19:13:22.000Z,2026-07-24T19:14:22.000Z,296.37853041169404,296.8230982073116,loss,-3.000000000000119
677,trade_700,SOL/USD,SHORT,2026-07-24T19:14:22.000Z,2026-07-24T19:15:22.000Z,295.74242750092077,296.18604114217214,loss,-2.9999999999999565
678,trade_704,SOL/USD,SHORT,2026-07-24T19:18:23.000Z,2026-07-24T19:19:23.000Z,297.418965939083,297.8650943879917,loss,-3.0000000000002824
679,trade_715,SOL/USD,SHORT,2026-07-24T19:29:26.000Z,2026-07-24T19:30:26.000Z,300.69110547091947,301.1421421291259,loss,-3.0000000000002673
680,trade_717,SOL/USD,LONG,2026-07-24T19:31:26.000Z,2026-07-24T19:32:26.000Z,301.7359502699445,301.2833463445396,loss,-2.9999999999998956
681,trade_720,SOL/USD,LONG,2026-07-24T19:34:27.000Z,2026-07-24T19:35:27.000Z,298.6359900058129,298.1880360208042,loss,-3.000000000000028
682,trade_721,SOL/USD,LONG,2026-07-24T19:35:27.000Z,2026-07-24T19:36:27.000Z,298.0039831918001,297.55697721701245,loss,-2.9999999999997145
683,trade_722,SOL/USD,LONG,2026-07-24T19:36:27.000Z,2026-07-24T19:37:27.000Z,298.21945343008804,297.7721242499429,loss,-2.999999999999907
684,trade_723,SOL/USD,LONG,2026-07-24T19:37:27.000Z,2026-07-24T19:38:27.000Z,298.2702116067518,297.82280628934166,loss,-3.0000000000000155
685,trade_725,SOL/USD,LONG,2026-07-24T19:39:28.000Z,2026-07-24T19:40:28.000Z,297.3322078121429,296.8862095004247,loss,-2.999999999999898
686,trade_727,SOL/USD,LONG,2026-07-24T19:41:28.000Z,2026-07-24T19:42:28.000Z,297.10551563743206,296.65985736397596,loss,-2.999999999999702
687,trade_728,SOL/USD,LONG,2026-07-24T19:42:29.000Z,2026-07-24T19:43:29.000Z,296.96687387725416,296.5214235664383,loss,-3.000000000000032
688,trade_741,SOL/USD,LONG,2026-07-24T19:55:32.000Z,2026-07-24T19:56:32.000Z,300.3055906121482,301.2065073839846,win,5.999999999999843
689,trade_746,SOL/USD,SHORT,2026-07-24T20:00:33.000Z,2026-07-24T20:01:33.000Z,301.76048095291225,300.8551995100535,win,5.999999999999907
690,trade_755,SOL/USD,LONG,2026-07-24T20:09:35.000Z,2026-07-24T20:10:35.000Z,299.03465228454615,298.58610030611936,loss,-2.9999999999998193
691,trade_758,SOL/USD,LONG,2026-07-24T20:12:36.000Z,2026-07-24T20:13:36.000Z,298.0596443470233,298.95382328006434,win,5.999999999999656
692,trade_760,SOL/USD,LONG,2026-07-24T20:14:37.000Z,2026-07-24T20:15:37.000Z,299.505305767117,300.40382168441835,win,5.999999999999822
693,trade_761,SOL/USD,SHORT,2026-07-24T20:15:37.000Z,2026-07-24T20:16:37.000Z,300.4233541449459,300.8739891761633,loss,-2.999999999999983
694,trade_762,SOL/USD,SHORT,2026-07-24T20:16:37.000Z,2026-07-24T20:17:37.000Z,301.1885048441863,301.6402876014526,loss,-3.000000000000142
695,trade_763,SOL/USD,SHORT,2026-07-24T20:17:37.000Z,2026-07-24T20:18:37.000Z,301.10313671018787,301.5547914152532,loss,-3.0000000000002736
696,trade_764,SOL/USD,SHORT,2026-07-24T20:18:38.000Z,2026-07-24T20:19:38.000Z,301.49282383747635,301.9450630732326,loss,-3.0000000000000626
697,trade_775,SOL/USD,LONG,2026-07-24T20:29:40.000Z,2026-07-24T20:30:40.000Z,304.14577166696296,303.68955300946254,loss,-2.999999999999805
698,trade_777,SOL/USD,LONG,2026-07-24T20:31:41.000Z,2026-07-24T20:32:41.000Z,303.3834311819167,302.92835603514385,loss,-2.9999999999998743
699,trade_781,SOL/USD,SHORT,2026-07-24T20:35:42.000Z,2026-07-24T20:36:42.000Z,303.8186439926413,304.27601723681374,loss,-3.0108306597769996
700,trade_785,SOL/USD,SHORT,2026-07-24T20:39:43.000Z,2026-07-24T20:40:43.000Z,305.0761276669051,304.16089928390437,win,6.0000000000001465
701,trade_786,SOL/USD,SHORT,2026-07-24T20:40:43.000Z,2026-07-24T20:41:43.000Z,304.27277670915896,304.7291858742227,loss,-3.000000000000053
702,trade_788,SOL/USD,LONG,2026-07-24T20:42:44.000Z,2026-07-24T20:43:44.000Z,304.34556238183774,305.25859906898324,win,5.9999999999999565
703,trade_790,SOL/USD,SHORT,2026-07-24T20:44:44.000Z,2026-07-24T20:45:44.000Z,304.9400438894623,304.0252237577939,win,5.99999999999985
704,trade_794,SOL/USD,LONG,2026-07-24T20:48:45.000Z,2026-07-24T20:49:45.000Z,305.39102577549704,304.9329392368338,loss,-2.9999999999998592
705,trade_801,SOL/USD,SHORT,2026-07-24T20:55:46.000Z,2026-07-24T20:56:46.000Z,305.73283109734945,306.1914303439955,loss,-3.0000000000000457
706,trade_804,SOL/USD,SHORT,2026-07-24T20:58:47.000Z,2026-07-24T20:59:47.000Z,306.86302518571694,307.3233197234955,loss,-2.999999999999938
707,trade_807,SOL/USD,SHORT,2026-07-24T21:01:48.000Z,2026-07-24T21:02:48.000Z,308.1079658811955,308.5701278300173,loss,-3.000000000000054
708,trade_809,SOL/USD,LONG,2026-07-24T21:03:48.000Z,2026-07-24T21:04:48.000Z,309.3873400815386,310.3155021017832,win,5.999999999999893
709,trade_816,SOL/USD,LONG,2026-07-24T21:10:50.000Z,2026-07-24T21:11:50.000Z,313.96609702039535,314.9115770250345,win,6.022815925744481
710,trade_819,SOL/USD,LONG,2026-07-24T21:13:51.000Z,2026-07-24T21:14:51.000Z,314.86924571970275,314.3708785390285,loss,-3.1655500652983415
711,trade_820,SOL/USD,LONG,2026-07-24T21:14:51.000Z,2026-07-24T21:15:51.000Z,312.7075975737963,312.2385361774356,loss,-3.0000000000000395
712,trade_101,BNB/USD,LONG,2026-07-24T09:13:09.000Z,2026-07-24T09:14:09.000Z,679.4367273601059,678.4175722690658,loss,-2.9999999999999662
713,trade_112,BNB/USD,LONG,2026-07-24T09:24:11.000Z,2026-07-24T09:25:11.000Z,683.6546289151015,685.7055928018467,win,5.999999999999677
714,trade_117,BNB/USD,LONG,2026-07-24T09:29:12.000Z,2026-07-24T09:30:12.000Z,682.8903913155555,681.8660557285822,loss,-2.999999999999843
715,trade_118,BNB/USD,LONG,2026-07-24T09:30:12.000Z,2026-07-24T09:31:12.000Z,681.7857854863369,683.8311428427958,win,5.999999999999698
716,trade_120,BNB/USD,LONG,2026-07-24T09:32:13.000Z,2026-07-24T09:33:13.000Z,683.7362982950259,685.7875071899109,win,5.999999999999796
717,trade_121,BNB/USD,LONG,2026-07-24T09:33:13.000Z,2026-07-24T09:34:13.000Z,682.3187731504312,681.2952949907055,loss,-2.9999999999999845
718,trade_122,BNB/USD,LONG,2026-07-24T09:34:13.000Z,2026-07-24T09:35:13.000Z,681.8380067132466,680.8152497031767,loss,-3.0000000000000333
719,trade_123,BNB/USD,LONG,2026-07-24T09:35:13.000Z,2026-07-24T09:36:13.000Z,680.4190605615571,679.3984319707148,loss,-2.9999999999999156
720,trade_124,BNB/USD,LONG,2026-07-24T09:36:14.000Z,2026-07-24T09:37:14.000Z,681.1200599842997,680.0983798943233,loss,-2.99999999999977
721,trade_125,BNB/USD,LONG,2026-07-24T09:37:14.000Z,2026-07-24T09:38:14.000Z,678.3561327669893,677.3385985678389,loss,-2.999999999999807
722,trade_126,BNB/USD,LONG,2026-07-24T09:38:14.000Z,2026-07-24T09:39:14.000Z,676.3247984054412,675.3103112078331,loss,-2.9999999999998312
723,trade_127,BNB/USD,LONG,2026-07-24T09:39:14.000Z,2026-07-24T09:40:14.000Z,676.235964600988,675.2216106540866,loss,-2.999999999999909
724,trade_136,BNB/USD,SHORT,2026-07-24T09:48:16.000Z,2026-07-24T09:49:16.000Z,684.2636073439787,685.2900027549947,loss,-3.0000000000000435
725,trade_140,BNB/USD,LONG,2026-07-24T09:52:17.000Z,2026-07-24T09:53:17.000Z,686.0256137340905,684.9965753134894,loss,-2.999999999999804
726,trade_145,BNB/USD,SHORT,2026-07-24T09:57:18.000Z,2026-07-24T09:58:18.000Z,693.993947379294,691.9119655371561,win,6.000000000000071
727,trade_146,BNB/USD,LONG,2026-07-24T09:58:18.000Z,2026-07-24T09:59:18.000Z,694.2068029051362,693.1654927007786,loss,-2.9999999999997415
728,trade_152,BNB/USD,SHORT,2026-07-24T10:04:20.000Z,2026-07-24T10:05:20.000Z,692.2331452027283,690.1564457671202,win,5.999999999999853
729,trade_155,BNB/USD,SHORT,2026-07-24T10:07:20.000Z,2026-07-24T10:08:20.000Z,692.0168433693713,693.0548686344254,loss,-3.0000000000001315
730,trade_159,BNB/USD,LONG,2026-07-24T10:11:21.000Z,2026-07-24T10:12:21.000Z,691.8263488676295,690.788609344328,loss,-2.9999999999999045
731,trade_164,BNB/USD,SHORT,2026-07-24T10:16:22.000Z,2026-07-24T10:17:22.000Z,690.1960734146044,691.2313675247264,loss,-3.0000000000002163
732,trade_165,BNB/USD,LONG,2026-07-24T10:17:22.000Z,2026-07-24T10:18:22.000Z,693.5236070378772,692.476189038381,loss,-3.020569130933827
733,trade_166,BNB/USD,SHORT,2026-07-24T10:18:23.000Z,2026-07-24T10:19:23.000Z,692.5321858776034,693.5856244248728,loss,-3.042280398663083
734,trade_168,BNB/USD,LONG,2026-07-24T10:20:23.000Z,2026-07-24T10:21:23.000Z,695.1200076116367,697.2053676344715,win,5.9999999999997815
735,trade_171,BNB/USD,SHORT,2026-07-24T10:23:24.000Z,2026-07-24T10:24:24.000Z,701.4046799887636,702.5211866657953,loss,-3.183630531377595
736,trade_175,BNB/USD,SHORT,2026-07-24T10:27:25.000Z,2026-07-24T10:28:25.000Z,702.2121967054927,700.0561194216808,win,6.140814112678119
737,trade_177,BNB/USD,LONG,2026-07-24T10:29:25.000Z,2026-07-24T10:30:25.000Z,695.9221853737271,698.0099519298482,win,5.999999999999756
738,trade_189,BNB/USD,LONG,2026-07-24T10:41:28.000Z,2026-07-24T10:42:28.000Z,697.463221894446,699.5556115601293,win,5.99999999999989
739,trade_195,BNB/USD,LONG,2026-07-24T10:47:29.000Z,2026-07-24T10:48:29.000Z,697.351794003921,696.2905560530546,loss,-3.0436229174177867
740,trade_196,BNB/USD,LONG,2026-07-24T10:48:29.000Z,2026-07-24T10:49:29.000Z,700.6507956165148,702.7527480033642,win,5.999999999999765
741,trade_197,BNB/USD,LONG,2026-07-24T10:49:29.000Z,2026-07-24T10:50:29.000Z,702.4661541074943,701.4124548763331,loss,-2.9999999999998934
742,trade_198,BNB/USD,LONG,2026-07-24T10:50:30.000Z,2026-07-24T10:51:30.000Z,704.3600399446003,703.3034998846834,loss,-2.999999999999913
743,trade_199,BNB/USD,LONG,2026-07-24T10:51:30.000Z,2026-07-24T10:52:30.000Z,702.0200352125801,700.9670051597612,loss,-2.999999999999875
744,trade_201,BNB/USD,LONG,2026-07-24T10:53:30.000Z,2026-07-24T10:54:30.000Z,703.4249134515196,702.3697760813424,loss,-2.999999999999914
745,trade_202,BNB/USD,LONG,2026-07-24T10:54:30.000Z,2026-07-24T10:55:30.000Z,703.3899704332547,702.3348854776049,loss,-2.9999999999998175
746,trade_203,BNB/USD,LONG,2026-07-24T10:55:31.000Z,2026-07-24T10:56:31.000Z,701.5445080491323,703.6491415732796,win,5.999999999999691
747,trade_205,BNB/USD,LONG,2026-07-24T10:57:31.000Z,2026-07-24T10:58:31.000Z,704.6796116432587,703.6225922257938,loss,-2.9999999999999143
748,trade_206,BNB/USD,LONG,2026-07-24T10:58:31.000Z,2026-07-24T10:59:31.000Z,704.4115013656236,703.3548841135753,loss,-2.999999999999731
749,trade_208,BNB/USD,SHORT,2026-07-24T11:00:32.000Z,2026-07-24T11:01:32.000Z,704.0266397404828,705.0826797000935,loss,-3.000000000000094
750,trade_219,BNB/USD,SHORT,2026-07-24T11:11:34.000Z,2026-07-24T11:12:34.000Z,717.1830367044411,718.2588112594977,loss,-3.000000000000058
751,trade_222,BNB/USD,SHORT,2026-07-24T11:14:35.000Z,2026-07-24T11:15:35.000Z,718.1445320071999,719.2217488052107,loss,-2.999999999999987
752,trade_225,BNB/USD,SHORT,2026-07-24T11:17:35.000Z,2026-07-24T11:18:35.000Z,717.5929474135861,718.6693368347065,loss,-3.000000000000166
753,trade_234,BNB/USD,LONG,2026-07-24T11:26:37.000Z,2026-07-24T11:27:37.000Z,724.256448377822,723.1700637052553,loss,-3.0000000000000115
754,trade_240,BNB/USD,SHORT,2026-07-24T11:32:38.000Z,2026-07-24T11:33:38.000Z,727.023263840881,728.1137987366424,loss,-3.00000000000016
755,trade_248,BNB/USD,SHORT,2026-07-24T11:40:40.000Z,2026-07-24T11:41:40.000Z,730.5992115170737,731.6951103343494,loss,-3.0000000000000004
756,trade_249,BNB/USD,LONG,2026-07-24T11:41:40.000Z,2026-07-24T11:42:40.000Z,730.4388012639776,729.3431430620816,loss,-2.999999999999977
757,trade_251,BNB/USD,SHORT,2026-07-24T11:43:41.000Z,2026-07-24T11:44:41.000Z,723.7066337225814,724.7921936731653,loss,-3.000000000000233
758,trade_252,BNB/USD,SHORT,2026-07-24T11:44:41.000Z,2026-07-24T11:45:41.000Z,725.4121907656233,726.5003090517719,loss,-3.000000000000258
759,trade_258,BNB/USD,SHORT,2026-07-24T11:50:42.000Z,2026-07-24T11:51:42.000Z,729.3307794775394,727.1427871391068,win,6.000000000000088
760,trade_260,BNB/USD,SHORT,2026-07-24T11:52:43.000Z,2026-07-24T11:53:43.000Z,727.0052563601508,728.095764244691,loss,-2.9999999999999716
761,trade_261,BNB/USD,SHORT,2026-07-24T11:53:43.000Z,2026-07-24T11:54:43.000Z,729.3857246998755,727.1975675257759,win,5.999999999999969
762,trade_263,BNB/USD,SHORT,2026-07-24T11:55:43.000Z,2026-07-24T11:56:43.000Z,724.9940558336992,726.0815469174498,loss,-3.00000000000012
763,trade_264,BNB/USD,SHORT,2026-07-24T11:56:44.000Z,2026-07-24T11:57:44.000Z,726.3217037784867,727.4111863341545,loss,-3.000000000000232
764,trade_265,BNB/USD,SHORT,2026-07-24T11:57:44.000Z,2026-07-24T11:58:44.000Z,729.2696067287592,730.3635111388523,loss,-3.0000000000000573
765,trade_266,BNB/USD,SHORT,2026-07-24T11:58:44.000Z,2026-07-24T11:59:44.000Z,730.7349933458504,731.8310958358692,loss,-3.0000000000000107
766,trade_268,BNB/USD,SHORT,2026-07-24T12:00:45.000Z,2026-07-24T12:01:45.000Z,731.7679254060187,729.5726216298006,win,6.000000000000151
767,trade_275,BNB/USD,SHORT,2026-07-24T12:07:46.000Z,2026-07-24T12:08:46.000Z,731.4951010086581,732.5923436601712,loss,-3.000000000000189
768,trade_277,BNB/USD,SHORT,2026-07-24T12:09:47.000Z,2026-07-24T12:10:47.000Z,732.8624797492093,733.9617734688331,loss,-2.9999999999999667
769,trade_278,BNB/USD,LONG,2026-07-24T12:10:47.000Z,2026-07-24T12:11:47.000Z,734.1810281665284,733.0797566242787,loss,-2.9999999999998006
770,trade_283,BNB/USD,LONG,2026-07-24T12:15:48.000Z,2026-07-24T12:16:48.000Z,735.6240445964992,734.5206085296045,loss,-2.999999999999833
771,trade_286,BNB/USD,SHORT,2026-07-24T12:18:49.000Z,2026-07-24T12:19:49.000Z,735.5930587143465,733.3862795382034,win,6.000000000000091
772,trade_288,BNB/USD,SHORT,2026-07-24T12:20:49.000Z,2026-07-24T12:21:49.000Z,735.3567033774957,736.459738432562,loss,-2.999999999999999
773,trade_290,BNB/USD,SHORT,2026-07-24T12:22:50.000Z,2026-07-24T12:23:50.000Z,735.770876728164,736.8745330432563,loss,-3.000000000000093
774,trade_291,BNB/USD,SHORT,2026-07-24T12:23:50.000Z,2026-07-24T12:24:50.000Z,735.5165405415175,736.6198153523299,loss,-3.000000000000088
775,trade_294,BNB/USD,LONG,2026-07-24T12:26:50.000Z,2026-07-24T12:27:50.000Z,738.0659441957262,736.9290699821045,loss,-3.080684653078126
776,trade_296,BNB/USD,SHORT,2026-07-24T12:28:51.000Z,2026-07-24T12:29:51.000Z,734.2774828444083,732.0746503958751,win,5.999999999999857
777,trade_298,BNB/USD,LONG,2026-07-24T12:30:51.000Z,2026-07-24T12:31:51.000Z,734.5545104300378,733.4526786643928,loss,-2.999999999999813
778,trade_300,BNB/USD,LONG,2026-07-24T12:32:52.000Z,2026-07-24T12:33:52.000Z,733.2220068908488,735.4216729115212,win,5.999999999999745
779,trade_302,BNB/USD,SHORT,2026-07-24T12:34:52.000Z,2026-07-24T12:35:52.000Z,738.4157968522928,736.2005494617359,win,6.00000000000005
780,trade_307,BNB/USD,SHORT,2026-07-24T12:39:53.000Z,2026-07-24T12:40:53.000Z,737.6058344221358,735.3930169188694,win,5.9999999999998845
781,trade_309,BNB/USD,SHORT,2026-07-24T12:41:54.000Z,2026-07-24T12:42:54.000Z,734.8101829403898,735.9123982148004,loss,-2.9999999999999933
782,trade_310,BNB/USD,SHORT,2026-07-24T12:42:54.000Z,2026-07-24T12:43:54.000Z,735.8822136711628,736.9860369916696,loss,-3.0000000000000497
783,trade_312,BNB/USD,SHORT,2026-07-24T12:44:54.000Z,2026-07-24T12:45:54.000Z,737.4866855684944,738.5929155968472,loss,-3.0000000000001514
784,trade_315,BNB/USD,SHORT,2026-07-24T12:47:55.000Z,2026-07-24T12:48:55.000Z,739.9623774615983,741.0723210277907,loss,-3.00000000000012
785,trade_317,BNB/USD,LONG,2026-07-24T12:49:55.000Z,2026-07-24T12:50:55.000Z,740.4638352067924,739.3531394539823,loss,-2.9999999999997664
786,trade_319,BNB/USD,SHORT,2026-07-24T12:51:56.000Z,2026-07-24T12:52:56.000Z,737.8383097110461,735.624794781913,win,5.999999999999928
787,trade_320,BNB/USD,SHORT,2026-07-24T12:52:56.000Z,2026-07-24T12:53:56.000Z,737.373019444089,738.4790789732551,loss,-3.000000000000033
788,trade_322,BNB/USD,SHORT,2026-07-24T12:54:56.000Z,2026-07-24T12:55:56.000Z,737.2010547392731,738.306856321382,loss,-3.000000000000078
789,trade_323,BNB/USD,SHORT,2026-07-24T12:55:57.000Z,2026-07-24T12:56:57.000Z,738.9245384560369,736.7077648406688,win,5.999999999999926
790,trade_324,BNB/USD,SHORT,2026-07-24T12:56:57.000Z,2026-07-24T12:57:57.000Z,736.2229090765389,737.3272434401538,loss,-3.000000000000084
791,trade_325,BNB/USD,SHORT,2026-07-24T12:57:57.000Z,2026-07-24T12:58:57.000Z,739.0754111467852,740.1840242635054,loss,-3.0000000000001172
792,trade_328,BNB/USD,SHORT,2026-07-24T13:00:58.000Z,2026-07-24T13:01:58.000Z,743.2458787876108,744.3607476057922,loss,-3.0000000000000506
793,trade_329,BNB/USD,LONG,2026-07-24T13:01:58.000Z,2026-07-24T13:02:58.000Z,743.9599399854842,742.844000075506,loss,-3.00000000000003
794,trade_330,BNB/USD,SHORT,2026-07-24T13:02:58.000Z,2026-07-24T13:03:58.000Z,743.2780599325087,741.0482257527111,win,6.000000000000025
795,trade_332,BNB/USD,LONG,2026-07-24T13:04:59.000Z,2026-07-24T13:05:59.000Z,742.147536611573,744.3739792214076,win,5.9999999999997735
796,trade_334,BNB/USD,LONG,2026-07-24T13:06:59.000Z,2026-07-24T13:07:59.000Z,744.8161776930772,743.6989534265376,loss,-2.9999999999998272
797,trade_336,BNB/USD,SHORT,2026-07-24T13:08:59.000Z,2026-07-24T13:09:59.000Z,742.2254663634388,743.338804562984,loss,-3.000000000000066
798,trade_337,BNB/USD,LONG,2026-07-24T13:10:00.000Z,2026-07-24T13:11:00.000Z,744.315183622493,746.5481291733604,win,5.999999999999746
799,trade_345,BNB/USD,SHORT,2026-07-24T13:18:01.000Z,2026-07-24T13:19:01.000Z,748.4089951772122,749.531608669978,loss,-3.0000000000000107
800,trade_346,BNB/USD,LONG,2026-07-24T13:19:02.000Z,2026-07-24T13:20:02.000Z,748.0887929518655,750.333059330721,win,5.999999999999779
801,trade_353,BNB/USD,SHORT,2026-07-24T13:26:03.000Z,2026-07-24T13:27:03.000Z,756.0120499896354,753.7440138396665,win,6.000000000000002
802,trade_356,BNB/USD,LONG,2026-07-24T13:29:04.000Z,2026-07-24T13:30:04.000Z,752.5013968053719,751.3726447101639,loss,-2.999999999999922
803,trade_358,BNB/USD,LONG,2026-07-24T13:31:04.000Z,2026-07-24T13:32:04.000Z,753.05252222144,751.9229434381078,loss,-2.9999999999999356
804,trade_360,BNB/USD,LONG,2026-07-24T13:33:05.000Z,2026-07-24T13:34:05.000Z,750.1027949295043,752.3531033142928,win,5.999999999999881
805,trade_367,BNB/USD,SHORT,2026-07-24T13:40:06.000Z,2026-07-24T13:41:06.000Z,756.2462891344559,757.3806585681576,loss,-3.000000000000174
806,trade_388,BNB/USD,SHORT,2026-07-24T14:01:11.000Z,2026-07-24T14:02:11.000Z,765.0677659188472,762.7725626210906,win,5.999999999999969
807,trade_395,BNB/USD,LONG,2026-07-24T14:08:13.000Z,2026-07-24T14:09:13.000Z,766.4502907627303,765.3006153265862,loss,-2.9999999999999947
808,trade_397,BNB/USD,LONG,2026-07-24T14:10:13.000Z,2026-07-24T14:11:13.000Z,761.7939490565008,760.651258132916,loss,-2.999999999999927
809,trade_399,BNB/USD,LONG,2026-07-24T14:12:14.000Z,2026-07-24T14:13:14.000Z,762.8035177081689,765.0919282612933,win,5.999999999999814
810,trade_401,BNB/USD,LONG,2026-07-24T14:14:14.000Z,2026-07-24T14:15:14.000Z,765.2556793711271,764.1077958520705,loss,-2.999999999999964
811,trade_402,BNB/USD,LONG,2026-07-24T14:15:14.000Z,2026-07-24T14:16:14.000Z,765.1278203576308,767.4232038187035,win,5.999999999999728
812,trade_403,BNB/USD,LONG,2026-07-24T14:16:15.000Z,2026-07-24T14:17:15.000Z,767.2313628602532,769.5330569488339,win,5.999999999999816
813,trade_406,BNB/USD,SHORT,2026-07-24T14:19:15.000Z,2026-07-24T14:20:15.000Z,772.4974591144143,770.179966737071,win,5.999999999999963
814,trade_415,BNB/USD,SHORT,2026-07-24T14:28:17.000Z,2026-07-24T14:29:17.000Z,771.1880115843267,772.3596152976864,loss,-3.03843860578913
815,trade_419,BNB/USD,SHORT,2026-07-24T14:32:18.000Z,2026-07-24T14:33:18.000Z,774.5988036017662,775.760701807169,loss,-3.0000000000002225
816,trade_423,BNB/USD,SHORT,2026-07-24T14:36:19.000Z,2026-07-24T14:37:19.000Z,778.3294893028431,779.4969835367974,loss,-3.0000000000002394
817,trade_428,BNB/USD,LONG,2026-07-24T14:41:20.000Z,2026-07-24T14:42:20.000Z,780.117879994624,778.9477031746321,loss,-2.999999999999821
818,trade_429,BNB/USD,SHORT,2026-07-24T14:42:20.000Z,2026-07-24T14:43:20.000Z,780.3843824807938,781.554959054515,loss,-3.000000000000258
819,trade_434,BNB/USD,SHORT,2026-07-24T14:47:21.000Z,2026-07-24T14:48:21.000Z,784.1795412645716,785.3558105764686,loss,-3.0000000000001874
820,trade_442,BNB/USD,LONG,2026-07-24T14:55:23.000Z,2026-07-24T14:56:23.000Z,787.625906970185,789.9887846910955,win,5.99999999999969
821,trade_446,BNB/USD,SHORT,2026-07-24T14:59:24.000Z,2026-07-24T15:00:24.000Z,790.2650674899733,791.4504650912082,loss,-3.0000000000000195
822,trade_448,BNB/USD,LONG,2026-07-24T15:01:24.000Z,2026-07-24T15:02:24.000Z,792.3227597757319,791.1342756360684,loss,-2.9999999999997553
823,trade_449,BNB/USD,LONG,2026-07-24T15:02:25.000Z,2026-07-24T15:03:25.000Z,791.3346997806051,790.1476977309343,loss,-2.9999999999997518
824,trade_450,BNB/USD,LONG,2026-07-24T15:03:25.000Z,2026-07-24T15:04:25.000Z,791.8976159635678,794.2733088114584,win,5.999999999999751
825,trade_458,BNB/USD,SHORT,2026-07-24T15:11:27.000Z,2026-07-24T15:12:27.000Z,800.2805353215185,797.879693715554,win,5.999999999999865
826,trade_464,BNB/USD,SHORT,2026-07-24T15:17:28.000Z,2026-07-24T15:18:28.000Z,801.4288425304223,802.6309857942181,loss,-3.000000000000249
827,trade_465,BNB/USD,SHORT,2026-07-24T15:18:28.000Z,2026-07-24T15:19:28.000Z,802.3320845017148,803.5355826284674,loss,-3.0000000000000853
828,trade_466,BNB/USD,SHORT,2026-07-24T15:19:28.000Z,2026-07-24T15:20:28.000Z,802.0029932303233,803.2059977201689,loss,-3.0000000000000666
829,trade_467,BNB/USD,SHORT,2026-07-24T15:20:29.000Z,2026-07-24T15:21:29.000Z,801.2632063808134,798.8594167616709,win,6.000000000000044
830,trade_469,BNB/USD,SHORT,2026-07-24T15:22:29.000Z,2026-07-24T15:23:29.000Z,801.6436792747111,802.8461447936232,loss,-3.0000000000002407
831,trade_470,BNB/USD,SHORT,2026-07-24T15:23:29.000Z,2026-07-24T15:24:29.000Z,802.9137391979014,804.1181098066983,loss,-3.0000000000001728
832,trade_472,BNB/USD,SHORT,2026-07-24T15:25:30.000Z,2026-07-24T15:26:30.000Z,801.6170340890765,799.2121829868092,win,6.000000000000002
833,trade_474,BNB/USD,LONG,2026-07-24T15:27:30.000Z,2026-07-24T15:28:30.000Z,802.061719638067,800.85862705861,loss,-2.9999999999997664
834,trade_475,BNB/USD,SHORT,2026-07-24T15:28:31.000Z,2026-07-24T15:29:31.000Z,800.6740556129546,801.8750666963741,loss,-3.0000000000002456
835,trade_476,BNB/USD,SHORT,2026-07-24T15:29:31.000Z,2026-07-24T15:30:31.000Z,802.0955537551322,799.6892670938668,win,6.000000000000074
836,trade_479,BNB/USD,LONG,2026-07-24T15:32:32.000Z,2026-07-24T15:33:32.000Z,795.3304532797811,794.1374575998615,loss,-2.9999999999997966
837,trade_481,BNB/USD,LONG,2026-07-24T15:34:32.000Z,2026-07-24T15:35:32.000Z,793.0776210166106,791.8880045850857,loss,-2.999999999999916
838,trade_482,BNB/USD,LONG,2026-07-24T15:35:32.000Z,2026-07-24T15:36:32.000Z,792.0818855901459,790.8937627617607,loss,-2.9999999999999263
839,trade_483,BNB/USD,LONG,2026-07-24T15:36:33.000Z,2026-07-24T15:37:33.000Z,791.3946831674848,790.2075911427336,loss,-2.99999999999999
840,trade_487,BNB/USD,LONG,2026-07-24T15:40:34.000Z,2026-07-24T15:41:34.000Z,791.1480986746647,789.9613765266527,loss,-2.999999999999995
841,trade_488,BNB/USD,LONG,2026-07-24T15:41:34.000Z,2026-07-24T15:42:34.000Z,792.2907749033583,791.1023387410033,loss,-2.999999999999771
842,trade_489,BNB/USD,LONG,2026-07-24T15:42:34.000Z,2026-07-24T15:43:34.000Z,791.6167862082266,790.4293610289143,loss,-2.999999999999898
843,trade_490,BNB/USD,LONG,2026-07-24T15:43:34.000Z,2026-07-24T15:44:34.000Z,791.2133389050426,790.0265188966852,loss,-2.9999999999997677
844,trade_492,BNB/USD,LONG,2026-07-24T15:45:35.000Z,2026-07-24T15:46:35.000Z,792.2551200916815,794.6318854519565,win,5.999999999999712
845,trade_496,BNB/USD,LONG,2026-07-24T15:49:36.000Z,2026-07-24T15:50:36.000Z,792.0113092659473,790.8232923020483,loss,-2.999999999999991
846,trade_498,BNB/USD,LONG,2026-07-24T15:51:36.000Z,2026-07-24T15:52:36.000Z,792.3160959935628,794.6930442815434,win,5.999999999999659
847,trade_500,BNB/USD,LONG,2026-07-24T15:53:37.000Z,2026-07-24T15:54:37.000Z,793.4471834983881,792.2570127231405,loss,-2.9999999999999587
848,trade_503,BNB/USD,SHORT,2026-07-24T15:56:38.000Z,2026-07-24T15:57:38.000Z,794.1427917328141,791.7603633576157,win,5.999999999999897
849,trade_505,BNB/USD,LONG,2026-07-24T15:58:38.000Z,2026-07-24T15:59:38.000Z,793.4574407910335,792.267254629847,loss,-2.9999999999998455
850,trade_506,BNB/USD,LONG,2026-07-24T15:59:38.000Z,2026-07-24T16:00:38.000Z,792.103300726687,790.915145775597,loss,-3.000000000000027
851,trade_513,BNB/USD,LONG,2026-07-24T16:06:40.000Z,2026-07-24T16:07:40.000Z,783.6201051957976,782.4446750380039,loss,-3.0000000000000058
852,trade_521,BNB/USD,SHORT,2026-07-24T16:14:42.000Z,2026-07-24T16:15:42.000Z,788.3469104105903,789.5294307762063,loss,-3.0000000000000737
853,trade_522,BNB/USD,SHORT,2026-07-24T16:15:42.000Z,2026-07-24T16:16:42.000Z,789.5437293063793,790.7280449003389,loss,-3.0000000000000324
854,trade_524,BNB/USD,SHORT,2026-07-24T16:17:43.000Z,2026-07-24T16:18:43.000Z,791.5016117551088,792.6888641727415,loss,-3.0000000000002163
855,trade_525,BNB/USD,LONG,2026-07-24T16:18:43.000Z,2026-07-24T16:19:43.000Z,791.4500060279097,793.8243560459933,win,5.999999999999791
856,trade_529,BNB/USD,LONG,2026-07-24T16:22:44.000Z,2026-07-24T16:23:44.000Z,793.6585399780189,796.0395155979529,win,5.999999999999908
857,trade_546,BNB/USD,SHORT,2026-07-24T16:39:48.000Z,2026-07-24T16:40:48.000Z,800.724075590582,798.3219033638102,win,6.000000000000055
858,trade_547,BNB/USD,SHORT,2026-07-24T16:40:49.000Z,2026-07-24T16:41:49.000Z,796.4238726058095,794.034600987992,win,6.000000000000142
859,trade_548,BNB/USD,SHORT,2026-07-24T16:41:49.000Z,2026-07-24T16:42:49.000Z,795.3486446909408,796.5416676579772,loss,-3.0000000000000395
860,trade_549,BNB/USD,SHORT,2026-07-24T16:42:49.000Z,2026-07-24T16:43:49.000Z,797.170468036066,798.3662237381202,loss,-3.0000000000001457
861,trade_550,BNB/USD,SHORT,2026-07-24T16:43:49.000Z,2026-07-24T16:44:49.000Z,798.402829874139,799.6004341189503,loss,-3.0000000000001275
862,trade_553,BNB/USD,SHORT,2026-07-24T16:46:50.000Z,2026-07-24T16:47:50.000Z,799.8991290695625,801.0989777631669,loss,-3.000000000000127
863,trade_554,BNB/USD,SHORT,2026-07-24T16:47:50.000Z,2026-07-24T16:48:50.000Z,798.3829782921694,795.9878293572929,win,5.99999999999995
864,trade_555,BNB/USD,SHORT,2026-07-24T16:48:51.000Z,2026-07-24T16:49:51.000Z,794.3043332450432,795.4957897449108,loss,-3.0000000000001568
865,trade_556,BNB/USD,SHORT,2026-07-24T16:49:51.000Z,2026-07-24T16:50:51.000Z,795.331620194511,796.5246176248028,loss,-3.0000000000001483
866,trade_557,BNB/USD,SHORT,2026-07-24T16:50:51.000Z,2026-07-24T16:51:51.000Z,796.8107489064871,798.0059650298468,loss,-2.9999999999999933
867,trade_558,BNB/USD,SHORT,2026-07-24T16:51:51.000Z,2026-07-24T16:52:51.000Z,798.1373769261935,799.3345829915828,loss,-3.0000000000000484
868,trade_559,BNB/USD,SHORT,2026-07-24T16:52:52.000Z,2026-07-24T16:53:52.000Z,797.8930053872298,799.0898448953106,loss,-3.000000000000065
869,trade_563,BNB/USD,LONG,2026-07-24T16:56:53.000Z,2026-07-24T16:57:53.000Z,801.3693473561561,800.1672933351219,loss,-2.999999999999916
870,trade_565,BNB/USD,LONG,2026-07-24T16:58:53.000Z,2026-07-24T16:59:53.000Z,802.7343788109772,805.14258194741,win,5.99999999999968
871,trade_566,BNB/USD,LONG,2026-07-24T16:59:53.000Z,2026-07-24T17:00:53.000Z,805.1100747883797,803.9024096761972,loss,-2.9999999999999596
872,trade_567,BNB/USD,SHORT,2026-07-24T17:00:54.000Z,2026-07-24T17:01:54.000Z,804.8014556420684,806.0086578255315,loss,-2.9999999999999836
873,trade_568,BNB/USD,LONG,2026-07-24T17:01:54.000Z,2026-07-24T17:02:54.000Z,805.8943190675735,808.3120020247761,win,5.9999999999997025
874,trade_575,BNB/USD,SHORT,2026-07-24T17:08:56.000Z,2026-07-24T17:09:56.000Z,813.4412303867647,811.0009066956044,win,6.000000000000019
875,trade_584,BNB/USD,SHORT,2026-07-24T17:17:58.000Z,2026-07-24T17:18:58.000Z,814.9075544445532,816.1299157762201,loss,-3.0000000000001448
876,trade_585,BNB/USD,SHORT,2026-07-24T17:18:58.000Z,2026-07-24T17:19:58.000Z,814.4162962400786,815.6379206844388,loss,-3.0000000000000675
877,trade_588,BNB/USD,SHORT,2026-07-24T17:21:59.000Z,2026-07-24T17:22:59.000Z,812.226545343308,809.7898657072781,win,5.99999999999996
878,trade_589,BNB/USD,SHORT,2026-07-24T17:22:59.000Z,2026-07-24T17:23:59.000Z,809.136185110203,806.7087765548723,win,6.000000000000121
879,trade_590,BNB/USD,SHORT,2026-07-24T17:23:59.000Z,2026-07-24T17:24:59.000Z,808.7939240946218,810.0071149807638,loss,-3.00000000000017
880,trade_591,BNB/USD,SHORT,2026-07-24T17:25:00.000Z,2026-07-24T17:26:00.000Z,808.5736807061186,809.7865412271778,loss,-3.000000000000227
881,trade_592,BNB/USD,SHORT,2026-07-24T17:26:00.000Z,2026-07-24T17:27:00.000Z,810.3145990345735,807.8836552374697,win,6.000000000000041
882,trade_593,BNB/USD,SHORT,2026-07-24T17:27:00.000Z,2026-07-24T17:28:00.000Z,807.2794353049575,804.8575969990426,win,6.000000000000042
883,trade_595,BNB/USD,SHORT,2026-07-24T17:29:01.000Z,2026-07-24T17:30:01.000Z,805.1273675777495,806.3350586291161,loss,-2.999999999999998
884,trade_597,BNB/USD,LONG,2026-07-24T17:31:01.000Z,2026-07-24T17:32:01.000Z,806.5100068462681,805.3002418359987,loss,-2.999999999999978
885,trade_598,BNB/USD,LONG,2026-07-24T17:32:01.000Z,2026-07-24T17:33:01.000Z,805.0264253743026,803.8188857362411,loss,-3.0000000000000204
886,trade_600,BNB/USD,LONG,2026-07-24T17:34:02.000Z,2026-07-24T17:35:02.000Z,805.5947755880846,808.0115599148488,win,5.999999999999799
887,trade_604,BNB/USD,SHORT,2026-07-24T17:38:02.000Z,2026-07-24T17:39:02.000Z,815.5211219988538,816.7444036818521,loss,-2.9999999999999902
888,trade_607,BNB/USD,SHORT,2026-07-24T17:41:03.000Z,2026-07-24T17:42:03.000Z,816.6791709269639,817.9041896833544,loss,-3.0000000000000213
889,trade_614,BNB/USD,LONG,2026-07-24T17:48:05.000Z,2026-07-24T17:49:05.000Z,824.0222525192945,826.4943192768523,win,5.999999999999654
890,trade_617,BNB/USD,SHORT,2026-07-24T17:51:05.000Z,2026-07-24T17:52:05.000Z,828.5838575255444,829.8267333118328,loss,-3.0000000000000155
891,trade_623,BNB/USD,SHORT,2026-07-24T17:57:07.000Z,2026-07-24T17:58:07.000Z,831.3387076822198,832.5857157437432,loss,-3.000000000000141
892,trade_626,BNB/USD,LONG,2026-07-24T18:00:07.000Z,2026-07-24T18:01:07.000Z,832.4842195754674,834.9816722341936,win,5.999999999999693
893,trade_631,BNB/USD,LONG,2026-07-24T18:05:08.000Z,2026-07-24T18:06:08.000Z,834.4465749275861,833.1949050651948,loss,-2.9999999999997664
894,trade_632,BNB/USD,LONG,2026-07-24T18:06:09.000Z,2026-07-24T18:07:09.000Z,833.7225864940452,836.2237542535273,win,5.999999999999882
895,trade_633,BNB/USD,LONG,2026-07-24T18:07:09.000Z,2026-07-24T18:08:09.000Z,837.2959069191473,839.8077946399047,win,5.999999999999867
896,trade_642,BNB/USD,SHORT,2026-07-24T18:16:11.000Z,2026-07-24T18:17:11.000Z,845.0393038480258,846.312034294237,loss,-3.0122396447493287
897,trade_649,BNB/USD,LONG,2026-07-24T18:23:12.000Z,2026-07-24T18:24:12.000Z,848.0865065536295,850.6307660732904,win,5.999999999999887
898,trade_652,BNB/USD,LONG,2026-07-24T18:26:13.000Z,2026-07-24T18:27:13.000Z,850.5282710078236,849.252478601312,loss,-2.9999999999997784
899,trade_656,BNB/USD,LONG,2026-07-24T18:30:14.000Z,2026-07-24T18:31:14.000Z,843.2013163181035,841.9365143436264,loss,-2.9999999999998903
900,trade_657,BNB/USD,LONG,2026-07-24T18:31:14.000Z,2026-07-24T18:32:14.000Z,843.8039220092652,842.5382161262513,loss,-2.9999999999999565
901,trade_659,BNB/USD,LONG,2026-07-24T18:33:15.000Z,2026-07-24T18:34:15.000Z,842.1148886257687,840.8517162928301,loss,-2.9999999999997606
902,trade_660,BNB/USD,LONG,2026-07-24T18:34:15.000Z,2026-07-24T18:35:15.000Z,838.6424011884607,837.384437586678,loss,-2.9999999999998996
903,trade_661,BNB/USD,LONG,2026-07-24T18:35:15.000Z,2026-07-24T18:36:15.000Z,836.8615202438737,835.6062279635079,loss,-2.9999999999999254
904,trade_662,BNB/USD,LONG,2026-07-24T18:36:15.000Z,2026-07-24T18:37:15.000Z,833.9723258550157,832.7213673662333,loss,-2.999999999999776
905,trade_664,BNB/USD,LONG,2026-07-24T18:38:16.000Z,2026-07-24T18:39:16.000Z,836.4885684933176,835.2338356405777,loss,-2.9999999999999334
906,trade_665,BNB/USD,LONG,2026-07-24T18:39:16.000Z,2026-07-24T18:40:16.000Z,835.5491177394371,834.295794062828,loss,-2.9999999999997633
907,trade_668,BNB/USD,LONG,2026-07-24T18:42:17.000Z,2026-07-24T18:43:17.000Z,834.13038166485,832.8791860923528,loss,-2.9999999999997753
908,trade_671,BNB/USD,LONG,2026-07-24T18:45:17.000Z,2026-07-24T18:46:17.000Z,834.1527601790062,836.6552184595432,win,5.999999999999918
909,trade_673,BNB/USD,LONG,2026-07-24T18:47:18.000Z,2026-07-24T18:48:18.000Z,837.2175006173551,839.729153119207,win,5.99999999999967
910,trade_684,BNB/USD,SHORT,2026-07-24T18:58:20.000Z,2026-07-24T18:59:20.000Z,846.1752805601391,847.4445434809793,loss,-3.0000000000000258
911,trade_685,BNB/USD,LONG,2026-07-24T18:59:21.000Z,2026-07-24T19:00:21.000Z,846.1948379462906,844.9255456893712,loss,-2.9999999999998135
912,trade_693,BNB/USD,LONG,2026-07-24T19:07:22.000Z,2026-07-24T19:08:22.000Z,850.0968108717492,848.8216656554416,loss,-2.999999999999893
913,trade_694,BNB/USD,LONG,2026-07-24T19:08:23.000Z,2026-07-24T19:09:23.000Z,849.6066260348736,852.155445912978,win,5.999999999999706
914,trade_704,BNB/USD,LONG,2026-07-24T19:18:25.000Z,2026-07-24T19:19:25.000Z,861.8333070807947,864.418807002037,win,5.999999999999876
915,trade_706,BNB/USD,SHORT,2026-07-24T19:20:25.000Z,2026-07-24T19:21:25.000Z,863.5396337697196,864.8349432203742,loss,-3.0000000000000466
916,trade_710,BNB/USD,SHORT,2026-07-24T19:24:26.000Z,2026-07-24T19:25:26.000Z,865.7468498185284,867.0454700932562,loss,-3.0000000000000075
917,trade_714,BNB/USD,SHORT,2026-07-24T19:28:27.000Z,2026-07-24T19:29:27.000Z,866.9076375852815,868.2079990416595,loss,-3.000000000000243
918,trade_716,BNB/USD,LONG,2026-07-24T19:30:28.000Z,2026-07-24T19:31:28.000Z,869.4322112693378,872.0405079031457,win,5.999999999999664
919,trade_720,BNB/USD,LONG,2026-07-24T19:34:28.000Z,2026-07-24T19:35:28.000Z,872.8589884841111,875.4775654495634,win,5.9999999999997735
920,trade_735,BNB/USD,SHORT,2026-07-24T19:49:32.000Z,2026-07-24T19:50:32.000Z,872.7593786953054,874.0685177633484,loss,-3.000000000000118
921,trade_738,BNB/USD,LONG,2026-07-24T19:52:33.000Z,2026-07-24T19:53:33.000Z,874.9265216518565,873.6141318693788,loss,-3.0000000000000213
922,trade_739,BNB/USD,LONG,2026-07-24T19:53:33.000Z,2026-07-24T19:54:33.000Z,869.6613395027235,868.3568474934694,loss,-3.000000000000012
923,trade_740,BNB/USD,LONG,2026-07-24T19:54:33.000Z,2026-07-24T19:55:33.000Z,865.9357469234004,864.6368433030153,loss,-2.9999999999999756
924,trade_741,BNB/USD,LONG,2026-07-24T19:55:33.000Z,2026-07-24T19:56:33.000Z,866.4266482484813,865.1270082761087,loss,-2.999999999999922
925,trade_742,BNB/USD,LONG,2026-07-24T19:56:34.000Z,2026-07-24T19:57:34.000Z,866.7443766814064,865.4442601163843,loss,-2.999999999999997
926,trade_743,BNB/USD,LONG,2026-07-24T19:57:34.000Z,2026-07-24T19:58:34.000Z,868.4432635892517,871.0485933800194,win,5.999999999999769
927,trade_744,BNB/USD,LONG,2026-07-24T19:58:34.000Z,2026-07-24T19:59:34.000Z,871.239318783803,869.9324598056273,loss,-2.9999999999999503
928,trade_745,BNB/USD,SHORT,2026-07-24T19:59:34.000Z,2026-07-24T20:00:34.000Z,870.6233973266549,871.9293324226448,loss,-2.999999999999995
929,trade_747,BNB/USD,SHORT,2026-07-24T20:01:35.000Z,2026-07-24T20:02:35.000Z,870.7112977983135,868.0991639049186,win,5.999999999999934
930,trade_759,BNB/USD,SHORT,2026-07-24T20:13:38.000Z,2026-07-24T20:14:38.000Z,874.3048659722865,875.6163232712449,loss,-3.0000000000000013
931,trade_762,BNB/USD,SHORT,2026-07-24T20:16:39.000Z,2026-07-24T20:17:39.000Z,878.68024764962,879.9982680210945,loss,-3.000000000000199
932,trade_763,BNB/USD,LONG,2026-07-24T20:17:39.000Z,2026-07-24T20:18:39.000Z,879.8467045432096,882.4862446568392,win,5.9999999999998215
933,trade_767,BNB/USD,LONG,2026-07-24T20:21:40.000Z,2026-07-24T20:22:40.000Z,879.6992255060588,882.3383231825769,win,5.999999999999773
934,trade_769,BNB/USD,LONG,2026-07-24T20:23:40.000Z,2026-07-24T20:24:40.000Z,883.5474071790361,882.2220860682676,loss,-2.999999999999939
935,trade_771,BNB/USD,SHORT,2026-07-24T20:25:41.000Z,2026-07-24T20:26:41.000Z,883.191385830274,884.5161729090195,loss,-3.0000000000000435
936,trade_783,BNB/USD,LONG,2026-07-24T20:37:44.000Z,2026-07-24T20:38:44.000Z,893.7209835118251,892.3804020365575,loss,-2.999999999999783
937,trade_793,BNB/USD,SHORT,2026-07-24T20:47:46.000Z,2026-07-24T20:48:46.000Z,895.7454005222042,897.0890186229876,loss,-3.0000000000001505
938,trade_794,BNB/USD,SHORT,2026-07-24T20:48:46.000Z,2026-07-24T20:49:46.000Z,893.5131099011955,890.8325705714919,win,6.0000000000000435
939,trade_796,BNB/USD,SHORT,2026-07-24T20:50:47.000Z,2026-07-24T20:51:47.000Z,888.3644508282249,889.6969975044673,loss,-3.0000000000000804
940,trade_797,BNB/USD,SHORT,2026-07-24T20:51:47.000Z,2026-07-24T20:52:47.000Z,891.5383804406782,892.8756880113393,loss,-3.000000000000177
941,trade_798,BNB/USD,SHORT,2026-07-24T20:52:47.000Z,2026-07-24T20:53:47.000Z,892.7975049638212,894.136701221267,loss,-3.000000000000135
942,trade_801,BNB/USD,SHORT,2026-07-24T20:55:48.000Z,2026-07-24T20:56:48.000Z,895.0043182994542,896.3468247769034,loss,-3.0000000000000546
943,trade_806,BNB/USD,LONG,2026-07-24T21:00:49.000Z,2026-07-24T21:01:49.000Z,898.9427026497453,897.5942885957708,loss,-2.9999999999999143
944,trade_807,BNB/USD,SHORT,2026-07-24T21:01:49.000Z,2026-07-24T21:02:49.000Z,899.3377446210735,900.6867512380052,loss,-3.000000000000112
945,trade_809,BNB/USD,LONG,2026-07-24T21:03:50.000Z,2026-07-24T21:04:50.000Z,900.7349204463641,903.437125207703,win,5.9999999999997415
946,trade_817,BNB/USD,LONG,2026-07-24T21:11:52.000Z,2026-07-24T21:12:52.000Z,911.3942971035137,910.0272056578585,loss,-2.999999999999857
947,trade_819,BNB/USD,LONG,2026-07-24T21:13:52.000Z,2026-07-24T21:14:52.000Z,909.8895415498735,912.619210174523,win,5.999999999999841
948,trade_826,BNB/USD,LONG,2026-07-24T21:20:54.000Z,2026-07-24T21:21:54.000Z,913.7981011949814,912.427404043189,loss,-2.999999999999964
949,trade_828,BNB/USD,LONG,2026-07-24T21:22:55.000Z,2026-07-24T21:23:55.000Z,913.7139059813884,912.3433351224163,loss,-3.00000000000001
950,trade_834,BNB/USD,SHORT,2026-07-24T21:28:56.000Z,2026-07-24T21:29:56.000Z,911.6321743428563,912.9996226043706,loss,-3.000000000000185
951,trade_105,EUR/USD,SHORT,2026-07-24T09:17:11.000Z,2026-07-24T09:18:11.000Z,1.0564057725967158,1.0532365552789256,win,6.000000000000071
952,trade_107,EUR/USD,SHORT,2026-07-24T09:19:12.000Z,2026-07-24T09:20:12.000Z,1.0571035400055482,1.0586891953155566,loss,-3.000000000000198
953,trade_108,EUR/USD,SHORT,2026-07-24T09:20:12.000Z,2026-07-24T09:21:12.000Z,1.0601274994177754,1.0617176906669021,loss,-3.000000000000141
954,trade_111,EUR/USD,SHORT,2026-07-24T09:23:13.000Z,2026-07-24T09:24:13.000Z,1.062275282743449,1.0590884568952186,win,6.00000000000006
955,trade_112,EUR/USD,SHORT,2026-07-24T09:24:13.000Z,2026-07-24T09:25:13.000Z,1.0588072465782767,1.0603954574481442,loss,-3.0000000000001417
956,trade_113,EUR/USD,SHORT,2026-07-24T09:25:13.000Z,2026-07-24T09:26:13.000Z,1.0635040104311102,1.065099266446757,loss,-3.000000000000057
957,trade_114,EUR/USD,SHORT,2026-07-24T09:26:13.000Z,2026-07-24T09:27:13.000Z,1.0669436897882711,1.0685441053229536,loss,-3.0000000000001497
958,trade_115,EUR/USD,SHORT,2026-07-24T09:27:14.000Z,2026-07-24T09:28:14.000Z,1.0681223123580545,1.0697244958265917,loss,-3.0000000000000955
959,trade_126,EUR/USD,SHORT,2026-07-24T09:38:16.000Z,2026-07-24T09:39:16.000Z,1.07843515574038,1.0800528084739907,loss,-3.000000000000236
960,trade_127,EUR/USD,SHORT,2026-07-24T09:39:16.000Z,2026-07-24T09:40:16.000Z,1.081922574761545,1.0835454586236875,loss,-3.0000000000001097
961,trade_128,EUR/USD,SHORT,2026-07-24T09:40:16.000Z,2026-07-24T09:41:16.000Z,1.0821309718925494,1.0837541683503882,loss,-2.999999999999985
962,trade_129,EUR/USD,SHORT,2026-07-24T09:41:17.000Z,2026-07-24T09:42:17.000Z,1.0892931442011997,1.0909270839175016,loss,-3.0000000000001474
963,trade_132,EUR/USD,SHORT,2026-07-24T09:44:17.000Z,2026-07-24T09:45:17.000Z,1.0886175772975217,1.090250503663468,loss,-2.999999999999944
964,trade_133,EUR/USD,LONG,2026-07-24T09:45:17.000Z,2026-07-24T09:46:17.000Z,1.091976492128474,1.0952524216048594,win,5.999999999999833
965,trade_137,EUR/USD,SHORT,2026-07-24T09:49:18.000Z,2026-07-24T09:50:18.000Z,1.0898837302139923,1.0915185558093135,loss,-3.000000000000264
966,trade_138,EUR/USD,SHORT,2026-07-24T09:50:19.000Z,2026-07-24T09:51:19.000Z,1.0909798920254925,1.087706952349416,win,5.999999999999945
967,trade_139,EUR/USD,SHORT,2026-07-24T09:51:19.000Z,2026-07-24T09:52:19.000Z,1.088438021472022,1.09007067850423,loss,-3.0000000000000338
968,trade_140,EUR/USD,SHORT,2026-07-24T09:52:19.000Z,2026-07-24T09:53:19.000Z,1.0899969825990958,1.0916319780729946,loss,-3.0000000000002527
969,trade_141,EUR/USD,SHORT,2026-07-24T09:53:19.000Z,2026-07-24T09:54:19.000Z,1.091340195456496,1.092977205749681,loss,-3.000000000000212
970,trade_142,EUR/USD,LONG,2026-07-24T09:54:19.000Z,2026-07-24T09:55:19.000Z,1.0952279427007396,1.0935851007866886,loss,-2.999999999999915
971,trade_144,EUR/USD,SHORT,2026-07-24T09:56:20.000Z,2026-07-24T09:57:20.000Z,1.0921062586210823,1.088829939845219,win,6.000000000000131
972,trade_145,EUR/USD,SHORT,2026-07-24T09:57:20.000Z,2026-07-24T09:58:20.000Z,1.08705866282451,1.088689250818747,loss,-3.0000000000002043
973,trade_146,EUR/USD,SHORT,2026-07-24T09:58:20.000Z,2026-07-24T09:59:20.000Z,1.0909185380526543,1.0925549158597334,loss,-3.0000000000003055
974,trade_147,EUR/USD,SHORT,2026-07-24T09:59:20.000Z,2026-07-24T10:00:20.000Z,1.087137452173699,1.0887681583519595,loss,-3.000000000000012
975,trade_151,EUR/USD,LONG,2026-07-24T10:03:21.000Z,2026-07-24T10:04:21.000Z,1.0888070841275412,1.0920735053799238,win,5.999999999999815
976,trade_152,EUR/USD,LONG,2026-07-24T10:04:22.000Z,2026-07-24T10:05:22.000Z,1.090724387121415,1.0890883005407328,loss,-3.0000000000000506
977,trade_153,EUR/USD,LONG,2026-07-24T10:05:22.000Z,2026-07-24T10:06:22.000Z,1.0874617871304417,1.0858305944497462,loss,-2.9999999999998095
978,trade_154,EUR/USD,LONG,2026-07-24T10:06:22.000Z,2026-07-24T10:07:22.000Z,1.0889210487122605,1.0921878118583972,win,5.999999999999886
979,trade_155,EUR/USD,LONG,2026-07-24T10:07:22.000Z,2026-07-24T10:08:22.000Z,1.0932358956146948,1.091596041771273,loss,-2.9999999999997624
980,trade_156,EUR/USD,LONG,2026-07-24T10:08:22.000Z,2026-07-24T10:09:22.000Z,1.089877832678059,1.088243015929042,loss,-2.999999999999835
981,trade_157,EUR/USD,LONG,2026-07-24T10:09:23.000Z,2026-07-24T10:10:23.000Z,1.0880224002284347,1.086390366628092,loss,-2.999999999999879
982,trade_158,EUR/USD,LONG,2026-07-24T10:10:23.000Z,2026-07-24T10:11:23.000Z,1.0839321221903315,1.082306224007046,loss,-3.000000000000028
983,trade_159,EUR/USD,LONG,2026-07-24T10:11:23.000Z,2026-07-24T10:12:23.000Z,1.0797455773033264,1.0781259589373715,loss,-2.999999999999875
984,trade_161,EUR/USD,LONG,2026-07-24T10:13:24.000Z,2026-07-24T10:14:24.000Z,1.082157694433383,1.080534457891733,loss,-2.9999999999998157
985,trade_168,EUR/USD,SHORT,2026-07-24T10:20:25.000Z,2026-07-24T10:21:25.000Z,1.090819148299585,1.0924553770220344,loss,-3.0000000000000324
986,trade_169,EUR/USD,SHORT,2026-07-24T10:21:25.000Z,2026-07-24T10:22:25.000Z,1.0925170377798892,1.094155813336559,loss,-2.9999999999999427
987,trade_172,EUR/USD,SHORT,2026-07-24T10:24:26.000Z,2026-07-24T10:25:26.000Z,1.0907873817260922,1.0924235627986814,loss,-2.9999999999999583
988,trade_182,EUR/USD,SHORT,2026-07-24T10:34:28.000Z,2026-07-24T10:35:28.000Z,1.1023009687001322,1.1039544201531823,loss,-2.9999999999999685
989,trade_194,EUR/USD,SHORT,2026-07-24T10:46:31.000Z,2026-07-24T10:47:31.000Z,1.1139279619341693,1.1155988538770707,loss,-3.0000000000002185
990,trade_196,EUR/USD,SHORT,2026-07-24T10:48:31.000Z,2026-07-24T10:49:31.000Z,1.1122104344989103,1.1138787501506588,loss,-3.0000000000002776
991,trade_197,EUR/USD,SHORT,2026-07-24T10:49:31.000Z,2026-07-24T10:50:31.000Z,1.109229297430764,1.1108931413769103,loss,-3.0000000000002247
992,trade_198,EUR/USD,SHORT,2026-07-24T10:50:32.000Z,2026-07-24T10:51:32.000Z,1.1119027933398289,1.1085670849598095,win,5.999999999999839
993,trade_199,EUR/USD,SHORT,2026-07-24T10:51:32.000Z,2026-07-24T10:52:32.000Z,1.1092239347134902,1.1108877706155604,loss,-2.9999999999999343
994,trade_200,EUR/USD,SHORT,2026-07-24T10:52:32.000Z,2026-07-24T10:53:32.000Z,1.1115250332125106,1.1131923207623295,loss,-3.000000000000295
995,trade_216,EUR/USD,LONG,2026-07-24T11:08:35.000Z,2026-07-24T11:09:35.000Z,1.1297626670098544,1.1331519550108837,win,5.999999999999593
996,trade_223,EUR/USD,LONG,2026-07-24T11:15:37.000Z,2026-07-24T11:16:37.000Z,1.1404444911539031,1.1387338244171723,loss,-2.9999999999999303
997,trade_224,EUR/USD,SHORT,2026-07-24T11:16:37.000Z,2026-07-24T11:17:37.000Z,1.1354317319337075,1.137134879531608,loss,-3.00000000000003
998,trade_225,EUR/USD,SHORT,2026-07-24T11:17:37.000Z,2026-07-24T11:18:37.000Z,1.1324666328150492,1.1341653327642718,loss,-2.999999999999975
999,trade_226,EUR/USD,SHORT,2026-07-24T11:18:37.000Z,2026-07-24T11:19:37.000Z,1.1351178128126023,1.1368204895318212,loss,-3.0000000000001283
1000,trade_227,EUR/USD,SHORT,2026-07-24T11:19:37.000Z,2026-07-24T11:20:37.000Z,1.1360493241227667,1.137753398108951,loss,-3.00000000000012
1001,trade_229,EUR/USD,LONG,2026-07-24T11:21:38.000Z,2026-07-24T11:22:38.000Z,1.1389180970728712,1.137209719927262,loss,-2.999999999999865
1002,trade_230,EUR/USD,SHORT,2026-07-24T11:22:38.000Z,2026-07-24T11:23:38.000Z,1.1361788009277076,1.1327702645249245,win,6.000000000000061
1003,trade_231,EUR/USD,SHORT,2026-07-24T11:23:38.000Z,2026-07-24T11:24:38.000Z,1.135312250134081,1.1370152185092823,loss,-3.0000000000001914
1004,trade_232,EUR/USD,LONG,2026-07-24T11:24:39.000Z,2026-07-24T11:25:39.000Z,1.1415282043892594,1.1398159120826756,loss,-2.9999999999997784
1005,trade_233,EUR/USD,LONG,2026-07-24T11:25:39.000Z,2026-07-24T11:26:39.000Z,1.1407562680236187,1.1390451336215834,loss,-2.9999999999997704
1006,trade_234,EUR/USD,SHORT,2026-07-24T11:26:39.000Z,2026-07-24T11:27:39.000Z,1.1358747550449744,1.1375785671775418,loss,-2.9999999999999414
1007,trade_236,EUR/USD,SHORT,2026-07-24T11:28:39.000Z,2026-07-24T11:29:39.000Z,1.1362244826756338,1.1328158092276068,win,6.000000000000134
1008,trade_237,EUR/USD,SHORT,2026-07-24T11:29:40.000Z,2026-07-24T11:30:40.000Z,1.1334793640084797,1.1351795830544924,loss,-2.999999999999959
1009,trade_241,EUR/USD,LONG,2026-07-24T11:33:40.000Z,2026-07-24T11:34:40.000Z,1.1309447516437798,1.134337585898711,win,5.99999999999975
1010,trade_242,EUR/USD,LONG,2026-07-24T11:34:41.000Z,2026-07-24T11:35:41.000Z,1.1343574337299367,1.1377605060311264,win,5.999999999999888
1011,trade_243,EUR/USD,LONG,2026-07-24T11:35:41.000Z,2026-07-24T11:36:41.000Z,1.1385024087132896,1.1367946551002197,loss,-2.999999999999854
1012,trade_244,EUR/USD,LONG,2026-07-24T11:36:41.000Z,2026-07-24T11:37:41.000Z,1.1360981316817556,1.1395064260768006,win,5.999999999999682
1013,trade_245,EUR/USD,LONG,2026-07-24T11:37:41.000Z,2026-07-24T11:38:41.000Z,1.1358783430403243,1.1341745255257638,loss,-3.000000000000027
1014,trade_247,EUR/USD,LONG,2026-07-24T11:39:42.000Z,2026-07-24T11:40:42.000Z,1.1291999166289415,1.1325875163788282,win,5.999999999999729
1015,trade_250,EUR/USD,LONG,2026-07-24T11:42:42.000Z,2026-07-24T11:43:42.000Z,1.1304553115234701,1.128759628556185,loss,-2.9999999999999423
1016,trade_251,EUR/USD,LONG,2026-07-24T11:43:43.000Z,2026-07-24T11:44:43.000Z,1.1328756858795763,1.131176372350757,loss,-2.9999999999997913
1017,trade_255,EUR/USD,SHORT,2026-07-24T11:47:43.000Z,2026-07-24T11:48:43.000Z,1.1387483136154486,1.1404564360858718,loss,-3.000000000000011
1018,trade_256,EUR/USD,LONG,2026-07-24T11:48:44.000Z,2026-07-24T11:49:44.000Z,1.1407244973533315,1.1390134106073015,loss,-2.999999999999887
1019,trade_257,EUR/USD,LONG,2026-07-24T11:49:44.000Z,2026-07-24T11:50:44.000Z,1.1417432886931975,1.1400306737601578,loss,-2.9999999999999325
1020,trade_258,EUR/USD,LONG,2026-07-24T11:50:44.000Z,2026-07-24T11:51:44.000Z,1.1414951908390134,1.139755942365814,loss,-3.047316339407679
1021,trade_259,EUR/USD,LONG,2026-07-24T11:51:44.000Z,2026-07-24T11:52:44.000Z,1.1411732538914274,1.1446688541437948,win,6.126326989258317
1022,trade_269,EUR/USD,LONG,2026-07-24T12:01:47.000Z,2026-07-24T12:02:47.000Z,1.1559499021451138,1.1542159772918963,loss,-2.999999999999791
1023,trade_277,EUR/USD,LONG,2026-07-24T12:09:48.000Z,2026-07-24T12:10:48.000Z,1.1597175271451439,1.1579779508544261,loss,-3.0000000000000555
1024,trade_281,EUR/USD,LONG,2026-07-24T12:13:49.000Z,2026-07-24T12:14:49.000Z,1.1547864106041212,1.153054230988215,loss,-3.0000000000000577
1025,trade_283,EUR/USD,LONG,2026-07-24T12:15:50.000Z,2026-07-24T12:16:50.000Z,1.1514727591604033,1.1497455500216627,loss,-2.99999999999996
1026,trade_284,EUR/USD,LONG,2026-07-24T12:16:50.000Z,2026-07-24T12:17:50.000Z,1.1521504787295145,1.1504222530114203,loss,-2.999999999999819
1027,trade_285,EUR/USD,LONG,2026-07-24T12:17:50.000Z,2026-07-24T12:18:50.000Z,1.151004390224598,1.1544574033952717,win,5.999999999999647
1028,trade_287,EUR/USD,LONG,2026-07-24T12:19:51.000Z,2026-07-24T12:20:51.000Z,1.1529680434032428,1.1564269475334523,win,5.999999999999691
1029,trade_288,EUR/USD,LONG,2026-07-24T12:20:51.000Z,2026-07-24T12:21:51.000Z,1.1584856340914234,1.1567479056402863,loss,-2.999999999999881
1030,trade_289,EUR/USD,LONG,2026-07-24T12:21:51.000Z,2026-07-24T12:22:51.000Z,1.1577233244398204,1.1559867394531607,loss,-3.000000000000015
1031,trade_290,EUR/USD,LONG,2026-07-24T12:22:52.000Z,2026-07-24T12:23:52.000Z,1.153775337463863,1.1572366634762545,win,5.999999999999782
1032,trade_292,EUR/USD,LONG,2026-07-24T12:24:52.000Z,2026-07-24T12:25:52.000Z,1.1562891081775144,1.1597579755020468,win,5.999999999999827
1033,trade_294,EUR/USD,LONG,2026-07-24T12:26:52.000Z,2026-07-24T12:27:52.000Z,1.1597323613630048,1.1579927628209603,loss,-3.0000000000000377
1034,trade_295,EUR/USD,LONG,2026-07-24T12:27:53.000Z,2026-07-24T12:28:53.000Z,1.1598207199879067,1.1580809889079249,loss,-2.999999999999933
1035,trade_296,EUR/USD,LONG,2026-07-24T12:28:53.000Z,2026-07-24T12:29:53.000Z,1.1582888799880189,1.1565514466680369,loss,-2.9999999999999436
1036,trade_297,EUR/USD,LONG,2026-07-24T12:29:53.000Z,2026-07-24T12:30:53.000Z,1.1576750239516076,1.1559385114156802,loss,-3.0000000000000444
1037,trade_327,EUR/USD,LONG,2026-07-24T13:00:00.000Z,2026-07-24T13:01:00.000Z,1.1946440553576947,1.1982279875237676,win,5.999999999999674
1038,trade_338,EUR/USD,LONG,2026-07-24T13:11:02.000Z,2026-07-24T13:12:02.000Z,1.2090605572731095,1.2072469664371999,loss,-2.999999999999886
1039,trade_339,EUR/USD,LONG,2026-07-24T13:12:02.000Z,2026-07-24T13:13:02.000Z,1.206994057212704,1.210615039384342,win,5.999999999999775
1040,trade_352,EUR/USD,LONG,2026-07-24T13:25:05.000Z,2026-07-24T13:26:05.000Z,1.2189642836022487,1.2171358371768455,loss,-2.999999999999801
1041,trade_359,EUR/USD,SHORT,2026-07-24T13:32:06.000Z,2026-07-24T13:33:06.000Z,1.228509469140614,1.230352233344325,loss,-3.0000000000002918
1042,trade_370,EUR/USD,LONG,2026-07-24T13:43:09.000Z,2026-07-24T13:44:09.000Z,1.2540228868706982,1.2521418525403922,loss,-2.9999999999998495
1043,trade_376,EUR/USD,LONG,2026-07-24T13:49:10.000Z,2026-07-24T13:50:10.000Z,1.2547367588287597,1.2528546536905165,loss,-3.0000000000000355
1044,trade_387,EUR/USD,LONG,2026-07-24T14:00:13.000Z,2026-07-24T14:01:13.000Z,1.2675378741463017,1.2656365673350822,loss,-3.0000000000000306
1045,trade_388,EUR/USD,LONG,2026-07-24T14:01:13.000Z,2026-07-24T14:02:13.000Z,1.2665011073722428,1.2703006106943593,win,5.999999999999699
1046,trade_391,EUR/USD,LONG,2026-07-24T14:04:14.000Z,2026-07-24T14:05:14.000Z,1.2697502466068031,1.267845621236893,loss,-3.000000000000003
1047,trade_392,EUR/USD,LONG,2026-07-24T14:05:14.000Z,2026-07-24T14:06:14.000Z,1.2697253810944962,1.2678207930228544,loss,-2.9999999999999822
1048,trade_393,EUR/USD,LONG,2026-07-24T14:06:14.000Z,2026-07-24T14:07:14.000Z,1.2712204502579076,1.2693136195825208,loss,-3.0000000000000346
1049,trade_410,EUR/USD,LONG,2026-07-24T14:23:18.000Z,2026-07-24T14:24:18.000Z,1.2931007077915262,1.291161056729839,loss,-2.999999999999772
1050,trade_417,EUR/USD,SHORT,2026-07-24T14:30:20.000Z,2026-07-24T14:31:20.000Z,1.2953784620076663,1.297321529700678,loss,-3.000000000000261
1051,trade_419,EUR/USD,SHORT,2026-07-24T14:32:20.000Z,2026-07-24T14:33:20.000Z,1.2956699597151977,1.2976134646547706,loss,-3.000000000000081
1052,trade_446,EUR/USD,LONG,2026-07-24T14:59:26.000Z,2026-07-24T15:00:26.000Z,1.3056532484407497,1.3095702081860718,win,5.999999999999825
1053,trade_448,EUR/USD,LONG,2026-07-24T15:01:26.000Z,2026-07-24T15:02:26.000Z,1.3066116792216964,1.304651761702864,loss,-2.999999999999947
1054,trade_449,EUR/USD,LONG,2026-07-24T15:02:27.000Z,2026-07-24T15:03:27.000Z,1.3067334162970414,1.3106536165459324,win,5.99999999999973
1055,trade_467,EUR/USD,LONG,2026-07-24T15:20:31.000Z,2026-07-24T15:21:31.000Z,1.3286995680758105,1.3267065187236968,loss,-2.9999999999998868
1056,trade_468,EUR/USD,LONG,2026-07-24T15:21:31.000Z,2026-07-24T15:22:31.000Z,1.3283113704022718,1.3263189033466685,loss,-2.999999999999834
1057,trade_469,EUR/USD,LONG,2026-07-24T15:22:31.000Z,2026-07-24T15:23:31.000Z,1.3254899977101735,1.3235017627136083,loss,-2.999999999999904
1058,trade_471,EUR/USD,LONG,2026-07-24T15:24:32.000Z,2026-07-24T15:25:32.000Z,1.3254381688783454,1.3294144833849804,win,5.99999999999985
1059,trade_477,EUR/USD,SHORT,2026-07-24T15:30:33.000Z,2026-07-24T15:31:33.000Z,1.3353312577207161,1.3373342546072973,loss,-3.0000000000000697
1060,trade_480,EUR/USD,SHORT,2026-07-24T15:33:34.000Z,2026-07-24T15:34:34.000Z,1.3311856965744817,1.3331824751193435,loss,-3.000000000000115
1061,trade_481,EUR/USD,SHORT,2026-07-24T15:34:34.000Z,2026-07-24T15:35:34.000Z,1.3333398150132707,1.329339795568231,win,5.999999999999988
1062,trade_485,EUR/USD,SHORT,2026-07-24T15:38:35.000Z,2026-07-24T15:39:35.000Z,1.3291996109752717,1.3311934103917347,loss,-3.0000000000000457
1063,trade_486,EUR/USD,SHORT,2026-07-24T15:39:35.000Z,2026-07-24T15:40:35.000Z,1.3276540207748144,1.3296455018059767,loss,-3.0000000000001363
1064,trade_487,EUR/USD,SHORT,2026-07-24T15:40:35.000Z,2026-07-24T15:41:35.000Z,1.3280173875365533,1.3300094136178582,loss,-3.000000000000086
1065,trade_489,EUR/USD,SHORT,2026-07-24T15:42:36.000Z,2026-07-24T15:43:36.000Z,1.33041173348705,1.3324073510872807,loss,-3.0000000000001936
1066,trade_495,EUR/USD,SHORT,2026-07-24T15:48:37.000Z,2026-07-24T15:49:37.000Z,1.3403338797357542,1.336312878096547,win,6.000000000000006
1067,trade_496,EUR/USD,SHORT,2026-07-24T15:49:38.000Z,2026-07-24T15:50:38.000Z,1.3413469683430677,1.3433589887955824,loss,-3.0000000000001408
1068,trade_497,EUR/USD,SHORT,2026-07-24T15:50:38.000Z,2026-07-24T15:51:38.000Z,1.3420954615801222,1.3441086047724924,loss,-3.0000000000000635
1069,trade_499,EUR/USD,SHORT,2026-07-24T15:52:38.000Z,2026-07-24T15:53:38.000Z,1.3437461316208,1.3457617508182311,loss,-3.00000000000001
1070,trade_503,EUR/USD,SHORT,2026-07-24T15:56:39.000Z,2026-07-24T15:57:39.000Z,1.3441398384142638,1.3461560481718853,loss,-3.000000000000173
1071,trade_504,EUR/USD,SHORT,2026-07-24T15:57:40.000Z,2026-07-24T15:58:40.000Z,1.3449903965724228,1.3470078821672815,loss,-3.000000000000103
1072,trade_509,EUR/USD,LONG,2026-07-24T16:02:41.000Z,2026-07-24T16:03:41.000Z,1.3499145236106547,1.3478896518252388,loss,-2.9999999999998526
1073,trade_510,EUR/USD,LONG,2026-07-24T16:03:41.000Z,2026-07-24T16:04:41.000Z,1.3532305607647062,1.357290252447,win,5.999999999999707
1074,trade_525,EUR/USD,SHORT,2026-07-24T16:18:45.000Z,2026-07-24T16:19:45.000Z,1.3650849976705508,1.3671326251670568,loss,-3.0000000000002536
1075,trade_533,EUR/USD,SHORT,2026-07-24T16:26:47.000Z,2026-07-24T16:27:47.000Z,1.36319178522747,1.3652365729053113,loss,-3.0000000000001847
1076,trade_536,EUR/USD,SHORT,2026-07-24T16:29:48.000Z,2026-07-24T16:30:48.000Z,1.3648653913295075,1.3669126894165018,loss,-3.000000000000103
1077,trade_544,EUR/USD,SHORT,2026-07-24T16:37:50.000Z,2026-07-24T16:38:50.000Z,1.375513764475613,1.3775770351223264,loss,-2.9999999999999876
1078,trade_546,EUR/USD,SHORT,2026-07-24T16:39:50.000Z,2026-07-24T16:40:50.000Z,1.3742797586024735,1.3763411782403774,loss,-3.0000000000002025
1079,trade_547,EUR/USD,SHORT,2026-07-24T16:40:50.000Z,2026-07-24T16:41:50.000Z,1.373759539162294,1.3758201784710375,loss,-3.0000000000000133
1080,trade_552,EUR/USD,SHORT,2026-07-24T16:45:52.000Z,2026-07-24T16:46:52.000Z,1.3790504035456914,1.3749132523350542,win,6.000000000000154
1081,trade_553,EUR/USD,SHORT,2026-07-24T16:46:52.000Z,2026-07-24T16:47:52.000Z,1.378238465807905,1.380305823506617,loss,-3.0000000000002425
1082,trade_554,EUR/USD,SHORT,2026-07-24T16:47:52.000Z,2026-07-24T16:48:52.000Z,1.3757636804652604,1.3778273259859584,loss,-3.0000000000000604
1083,trade_555,EUR/USD,SHORT,2026-07-24T16:48:52.000Z,2026-07-24T16:49:52.000Z,1.3766478570066052,1.378712828792115,loss,-2.9999999999999973
1084,trade_556,EUR/USD,SHORT,2026-07-24T16:49:53.000Z,2026-07-24T16:50:53.000Z,1.3773233687302673,1.3793893537833628,loss,-3.0000000000001736
1085,trade_557,EUR/USD,SHORT,2026-07-24T16:50:53.000Z,2026-07-24T16:51:53.000Z,1.372773092514763,1.3748322521535352,loss,-3.000000000000131
1086,trade_558,EUR/USD,SHORT,2026-07-24T16:51:53.000Z,2026-07-24T16:52:53.000Z,1.3756412111578347,1.3777046729745714,loss,-3.0000000000000377
1087,trade_559,EUR/USD,SHORT,2026-07-24T16:52:53.000Z,2026-07-24T16:53:53.000Z,1.3727005473722627,1.3747595981933212,loss,-3.0000000000001625
1088,trade_560,EUR/USD,SHORT,2026-07-24T16:53:54.000Z,2026-07-24T16:54:54.000Z,1.377185565864572,1.3730540091669783,win,5.999999999999956
1089,trade_562,EUR/USD,SHORT,2026-07-24T16:55:54.000Z,2026-07-24T16:56:54.000Z,1.3751183569781258,1.377181034513593,loss,-3.0000000000001537
1090,trade_563,EUR/USD,SHORT,2026-07-24T16:56:54.000Z,2026-07-24T16:57:54.000Z,1.3743057126894282,1.37018279555136,win,6.000000000000078
1091,trade_566,EUR/USD,SHORT,2026-07-24T16:59:55.000Z,2026-07-24T17:00:55.000Z,1.3726263680378696,1.3746853075899266,loss,-3.000000000000194
1092,trade_568,EUR/USD,LONG,2026-07-24T17:01:56.000Z,2026-07-24T17:02:56.000Z,1.3773788285769117,1.3815109650626423,win,5.999999999999687
1093,trade_569,EUR/USD,SHORT,2026-07-24T17:02:56.000Z,2026-07-24T17:03:56.000Z,1.3796099592165976,1.3816793741554225,loss,-3.0000000000000835
1094,trade_571,EUR/USD,LONG,2026-07-24T17:04:56.000Z,2026-07-24T17:05:56.000Z,1.3820258397924685,1.37995280103278,loss,-2.9999999999997953
1095,trade_573,EUR/USD,LONG,2026-07-24T17:06:57.000Z,2026-07-24T17:07:57.000Z,1.3812622062560944,1.3791903129467102,loss,-3.00000000000005
1096,trade_574,EUR/USD,SHORT,2026-07-24T17:07:57.000Z,2026-07-24T17:08:57.000Z,1.3797998772134736,1.3756604775818333,win,5.999999999999881
1097,trade_577,EUR/USD,SHORT,2026-07-24T17:10:58.000Z,2026-07-24T17:11:58.000Z,1.376388173181717,1.3784527554414896,loss,-3.0000000000001594
1098,trade_578,EUR/USD,SHORT,2026-07-24T17:11:58.000Z,2026-07-24T17:12:58.000Z,1.3758521796180747,1.377915957887502,loss,-3.000000000000236
1099,trade_579,EUR/USD,SHORT,2026-07-24T17:12:59.000Z,2026-07-24T17:13:59.000Z,1.375027218204575,1.377089759031882,loss,-3.0000000000001226
1100,trade_581,EUR/USD,SHORT,2026-07-24T17:14:59.000Z,2026-07-24T17:15:59.000Z,1.378432115486699,1.380499763659929,loss,-2.999999999999957
1101,trade_584,EUR/USD,LONG,2026-07-24T17:18:00.000Z,2026-07-24T17:19:00.000Z,1.3713657275010507,1.375580899614998,win,6.147407696455163
1102,trade_586,EUR/USD,LONG,2026-07-24T17:20:00.000Z,2026-07-24T17:21:00.000Z,1.3736684716867051,1.3780515542584342,win,6.381572645905049
1103,trade_603,EUR/USD,SHORT,2026-07-24T17:37:04.000Z,2026-07-24T17:38:04.000Z,1.3707270842791928,1.3666149030263552,win,5.9999999999999165
1104,trade_605,EUR/USD,SHORT,2026-07-24T17:39:04.000Z,2026-07-24T17:40:04.000Z,1.3719684989905048,1.3740264517389906,loss,-3.0000000000001474
1105,trade_607,EUR/USD,SHORT,2026-07-24T17:41:05.000Z,2026-07-24T17:42:05.000Z,1.3793512362480813,1.3814202631024535,loss,-3.000000000000052
1106,trade_615,EUR/USD,LONG,2026-07-24T17:49:06.000Z,2026-07-24T17:50:06.000Z,1.375340325437178,1.3794663464134895,win,5.999999999999846
1107,trade_616,EUR/USD,LONG,2026-07-24T17:50:07.000Z,2026-07-24T17:51:07.000Z,1.380264230020948,1.3781938336759167,loss,-2.999999999999759
1108,trade_620,EUR/USD,LONG,2026-07-24T17:54:07.000Z,2026-07-24T17:55:07.000Z,1.3819748613984313,1.3861207859826263,win,5.999999999999646
1109,trade_635,EUR/USD,SHORT,2026-07-24T18:09:11.000Z,2026-07-24T18:10:11.000Z,1.3836905486442963,1.3857660844672628,loss,-3.000000000000066
1110,trade_637,EUR/USD,SHORT,2026-07-24T18:11:11.000Z,2026-07-24T18:12:11.000Z,1.384881492666064,1.3807268481880657,win,6.000000000000146
1111,trade_643,EUR/USD,SHORT,2026-07-24T18:17:12.000Z,2026-07-24T18:18:12.000Z,1.3906864205048877,1.392772450135645,loss,-3.0000000000001497
1112,trade_644,EUR/USD,SHORT,2026-07-24T18:18:13.000Z,2026-07-24T18:19:13.000Z,1.390552049851357,1.3926378779261341,loss,-3.000000000000071
1113,trade_645,EUR/USD,SHORT,2026-07-24T18:19:13.000Z,2026-07-24T18:20:13.000Z,1.3917287987733797,1.3938163919715398,loss,-3.000000000000041
1114,trade_646,EUR/USD,LONG,2026-07-24T18:20:13.000Z,2026-07-24T18:21:13.000Z,1.3935219847652462,1.3914317017880984,loss,-2.999999999999989
1115,trade_647,EUR/USD,LONG,2026-07-24T18:21:14.000Z,2026-07-24T18:22:14.000Z,1.393656605447292,1.3978375752636338,win,5.99999999999982
1116,trade_649,EUR/USD,LONG,2026-07-24T18:23:14.000Z,2026-07-24T18:24:14.000Z,1.3946287805348208,1.3925368373640186,loss,-2.999999999999942
1117,trade_650,EUR/USD,LONG,2026-07-24T18:24:14.000Z,2026-07-24T18:25:14.000Z,1.3939335481438868,1.391842647821671,loss,-2.99999999999998
1118,trade_652,EUR/USD,LONG,2026-07-24T18:26:15.000Z,2026-07-24T18:27:15.000Z,1.3942299600294792,1.392138615089435,loss,-2.9999999999998996
1119,trade_653,EUR/USD,LONG,2026-07-24T18:27:15.000Z,2026-07-24T18:28:15.000Z,1.3944188224021954,1.3923271941685922,loss,-2.9999999999998725
1120,trade_661,EUR/USD,SHORT,2026-07-24T18:35:17.000Z,2026-07-24T18:36:17.000Z,1.3973125593438953,1.3994085281829112,loss,-3.000000000000025
1121,trade_687,EUR/USD,LONG,2026-07-24T19:01:22.000Z,2026-07-24T19:02:22.000Z,1.4142824340583788,1.4121350926333798,loss,-3.036651482458309
1122,trade_688,EUR/USD,LONG,2026-07-24T19:02:23.000Z,2026-07-24T19:03:23.000Z,1.4141869842305228,1.4184295451832143,win,5.999999999999885
1123,trade_694,EUR/USD,LONG,2026-07-24T19:08:24.000Z,2026-07-24T19:09:24.000Z,1.4102587861560056,1.4144895625144736,win,5.9999999999998535
1124,trade_697,EUR/USD,LONG,2026-07-24T19:11:25.000Z,2026-07-24T19:12:25.000Z,1.4134719645438356,1.417712380437467,win,5.999999999999754
1125,trade_700,EUR/USD,LONG,2026-07-24T19:14:25.000Z,2026-07-24T19:15:25.000Z,1.4168885317260893,1.4211391973212675,win,5.999999999999864
1126,trade_704,EUR/USD,SHORT,2026-07-24T19:18:26.000Z,2026-07-24T19:19:26.000Z,1.421944765234109,1.4176789309384068,win,5.999999999999912
1127,trade_711,EUR/USD,SHORT,2026-07-24T19:25:28.000Z,2026-07-24T19:26:28.000Z,1.422353818533549,1.4244873492613492,loss,-2.9999999999999876
1128,trade_721,EUR/USD,LONG,2026-07-24T19:35:30.000Z,2026-07-24T19:36:30.000Z,1.417328343799402,1.4218143568956043,win,6.330238318915961
1129,trade_723,EUR/USD,LONG,2026-07-24T19:37:31.000Z,2026-07-24T19:38:31.000Z,1.4223129524516123,1.4200615599953366,loss,-3.1658186792084297
1130,trade_724,EUR/USD,LONG,2026-07-24T19:38:31.000Z,2026-07-24T19:39:31.000Z,1.4192647006249115,1.416961357181077,loss,-3.2458264379016115
1131,trade_725,EUR/USD,LONG,2026-07-24T19:39:31.000Z,2026-07-24T19:40:31.000Z,1.4163451454573002,1.4141153519216605,loss,-3.1486584224069736
1132,trade_726,EUR/USD,LONG,2026-07-24T19:40:31.000Z,2026-07-24T19:41:31.000Z,1.4168268472297065,1.4146201467092812,loss,-3.114989703562003
1133,trade_729,EUR/USD,LONG,2026-07-24T19:43:32.000Z,2026-07-24T19:44:32.000Z,1.4157765682336165,1.4200238979383173,win,5.999999999999879
1134,trade_731,EUR/USD,SHORT,2026-07-24T19:45:33.000Z,2026-07-24T19:46:33.000Z,1.4221987893837598,1.4243320875678356,loss,-3.000000000000248
1135,trade_732,EUR/USD,SHORT,2026-07-24T19:46:33.000Z,2026-07-24T19:47:33.000Z,1.4206188316274853,1.4227497598749266,loss,-3.000000000000132
1136,trade_741,EUR/USD,LONG,2026-07-24T19:55:35.000Z,2026-07-24T19:56:35.000Z,1.432916857041387,1.4307674817558251,loss,-2.999999999999771
1137,trade_743,EUR/USD,LONG,2026-07-24T19:57:36.000Z,2026-07-24T19:58:36.000Z,1.4320446182361155,1.4298965513087614,loss,-2.9999999999999565
1138,trade_744,EUR/USD,LONG,2026-07-24T19:58:36.000Z,2026-07-24T19:59:36.000Z,1.4319443210917138,1.4297964046100762,loss,-3.000000000000028
1139,trade_745,EUR/USD,LONG,2026-07-24T19:59:36.000Z,2026-07-24T20:00:36.000Z,1.4327910606164298,1.437089433798279,win,5.999999999999754
1140,trade_748,EUR/USD,LONG,2026-07-24T20:02:37.000Z,2026-07-24T20:03:37.000Z,1.4347179044217415,1.4390220581350066,win,5.9999999999998135
1141,trade_754,EUR/USD,LONG,2026-07-24T20:08:39.000Z,2026-07-24T20:09:39.000Z,1.43581680798419,1.4336630827722139,loss,-2.99999999999974
1142,trade_755,EUR/USD,LONG,2026-07-24T20:09:39.000Z,2026-07-24T20:10:39.000Z,1.4351375682351477,1.4329848618827952,loss,-2.9999999999997473
1143,trade_764,EUR/USD,SHORT,2026-07-24T20:18:41.000Z,2026-07-24T20:19:41.000Z,1.4323825113009605,1.434531085067912,loss,-3.000000000000145
1144,trade_766,EUR/USD,LONG,2026-07-24T20:20:42.000Z,2026-07-24T20:21:42.000Z,1.434836792570322,1.4326845373814667,loss,-2.9999999999997615
1145,trade_768,EUR/USD,LONG,2026-07-24T20:22:42.000Z,2026-07-24T20:23:42.000Z,1.4346899618945832,1.4325379269517413,loss,-3.000000000000014
1146,trade_778,EUR/USD,SHORT,2026-07-24T20:32:45.000Z,2026-07-24T20:33:45.000Z,1.4351284841282568,1.430823098675872,win,5.999999999999875
1147,trade_781,EUR/USD,SHORT,2026-07-24T20:35:45.000Z,2026-07-24T20:36:45.000Z,1.4306359107306732,1.4327818645967694,loss,-3.0000000000002283
1148,trade_798,EUR/USD,SHORT,2026-07-24T20:52:50.000Z,2026-07-24T20:53:50.000Z,1.44520648814659,1.44737429787881,loss,-3.0000000000001203
1149,trade_800,EUR/USD,SHORT,2026-07-24T20:54:50.000Z,2026-07-24T20:55:50.000Z,1.4441086897017212,1.4462748527362739,loss,-3.000000000000077
1150,trade_802,EUR/USD,SHORT,2026-07-24T20:56:51.000Z,2026-07-24T20:57:51.000Z,1.4411063886036124,1.4432680481865179,loss,-3.0000000000000906
1151,trade_806,EUR/USD,LONG,2026-07-24T21:00:51.000Z,2026-07-24T21:01:51.000Z,1.4507199533978616,1.448543873467765,loss,-2.999999999999899
1152,trade_807,EUR/USD,LONG,2026-07-24T21:01:52.000Z,2026-07-24T21:02:52.000Z,1.4490616323745404,1.4468880399259787,loss,-2.99999999999991
1153,trade_808,EUR/USD,LONG,2026-07-24T21:02:52.000Z,2026-07-24T21:03:52.000Z,1.4495554518859335,1.4473811187081047,loss,-2.999999999999834
1154,trade_809,EUR/USD,SHORT,2026-07-24T21:03:53.000Z,2026-07-24T21:04:53.000Z,1.4518179127795412,1.4539956396487106,loss,-3.0000000000001132
1155,trade_812,EUR/USD,LONG,2026-07-24T21:06:53.000Z,2026-07-24T21:07:53.000Z,1.4548403148984035,1.452658054426056,loss,-2.9999999999999885
1156,trade_813,EUR/USD,LONG,2026-07-24T21:07:53.000Z,2026-07-24T21:08:53.000Z,1.4535698445930065,1.4579305541267853,win,5.999999999999646
1157,trade_822,EUR/USD,LONG,2026-07-24T21:16:56.000Z,2026-07-24T21:17:56.000Z,1.4541774758929469,1.4519962096791075,loss,-2.9999999999999796
1158,trade_823,EUR/USD,LONG,2026-07-24T21:17:56.000Z,2026-07-24T21:18:56.000Z,1.452973399471516,1.4573323196699304,win,5.999999999999852
1159,trade_824,EUR/USD,SHORT,2026-07-24T21:18:56.000Z,2026-07-24T21:19:56.000Z,1.4602611859264396,1.4624515777053293,loss,-3.00000000000004
1160,trade_104,GBP/USD,SHORT,2026-07-24T09:16:13.000Z,2026-07-24T09:17:13.000Z,1.265742100566227,1.267739939022604,loss,-3.156785976358521
1161,trade_122,GBP/USD,SHORT,2026-07-24T09:34:17.000Z,2026-07-24T09:35:17.000Z,1.288658723389933,1.284683757194883,win,6.169152659120457
1162,trade_123,GBP/USD,SHORT,2026-07-24T09:35:17.000Z,2026-07-24T09:36:17.000Z,1.2850162131658962,1.2870259796656558,loss,-3.1280017779824374
1163,trade_124,GBP/USD,SHORT,2026-07-24T09:36:18.000Z,2026-07-24T09:37:18.000Z,1.2896560619348139,1.2916805341061488,loss,-3.139553608266253
1164,trade_125,GBP/USD,LONG,2026-07-24T09:37:18.000Z,2026-07-24T09:38:18.000Z,1.2928562237064227,1.2908107108506266,loss,-3.1643315293512724
1165,trade_130,GBP/USD,LONG,2026-07-24T09:42:19.000Z,2026-07-24T09:43:19.000Z,1.2912455209934826,1.295119257556463,win,5.999999999999928
1166,trade_132,GBP/USD,LONG,2026-07-24T09:44:19.000Z,2026-07-24T09:45:19.000Z,1.2916699652577175,1.289732460309831,loss,-2.999999999999836
1167,trade_143,GBP/USD,SHORT,2026-07-24T09:55:22.000Z,2026-07-24T09:56:22.000Z,1.29639858803922,1.2925093922751023,win,5.99999999999993
1168,trade_145,GBP/USD,SHORT,2026-07-24T09:57:22.000Z,2026-07-24T09:58:22.000Z,1.289983946995192,1.2919189229156849,loss,-3.0000000000002744
1169,trade_146,GBP/USD,SHORT,2026-07-24T09:58:22.000Z,2026-07-24T09:59:22.000Z,1.2927754923251926,1.2947146555636806,loss,-3.000000000000285
1170,trade_147,GBP/USD,SHORT,2026-07-24T09:59:22.000Z,2026-07-24T10:00:22.000Z,1.2941621713637408,1.2961034146207864,loss,-2.999999999999965
1171,trade_150,GBP/USD,LONG,2026-07-24T10:02:23.000Z,2026-07-24T10:03:23.000Z,1.2975658140989128,1.3014585115412094,win,5.999999999999769
1172,trade_167,GBP/USD,SHORT,2026-07-24T10:19:27.000Z,2026-07-24T10:20:27.000Z,1.3164132390870933,1.318387858945724,loss,-3.0000000000002256
1173,trade_172,GBP/USD,SHORT,2026-07-24T10:24:28.000Z,2026-07-24T10:25:28.000Z,1.316773807405955,1.3187489681170639,loss,-2.9999999999999893
1174,trade_178,GBP/USD,SHORT,2026-07-24T10:30:29.000Z,2026-07-24T10:31:29.000Z,1.3218491443821128,1.323831918098686,loss,-3.000000000000021
1175,trade_194,GBP/USD,LONG,2026-07-24T10:46:33.000Z,2026-07-24T10:47:33.000Z,1.3359223933970954,1.3399301605772866,win,5.9999999999999405
1176,trade_197,GBP/USD,SHORT,2026-07-24T10:49:33.000Z,2026-07-24T10:50:33.000Z,1.3363062146772284,1.3322972960331967,win,6.00000000000009
1177,trade_198,GBP/USD,SHORT,2026-07-24T10:50:33.000Z,2026-07-24T10:51:33.000Z,1.3324904054018356,1.3344891410099384,loss,-3.0000000000000995
1178,trade_200,GBP/USD,SHORT,2026-07-24T10:52:34.000Z,2026-07-24T10:53:34.000Z,1.3329898531856985,1.3289908836261415,win,5.999999999999903
1179,trade_204,GBP/USD,SHORT,2026-07-24T10:56:35.000Z,2026-07-24T10:57:35.000Z,1.3304697892353674,1.3264783798676614,win,5.999999999999897
1180,trade_206,GBP/USD,SHORT,2026-07-24T10:58:35.000Z,2026-07-24T10:59:35.000Z,1.3251044706431523,1.3270921273491172,loss,-3.000000000000262
1181,trade_207,GBP/USD,SHORT,2026-07-24T10:59:35.000Z,2026-07-24T11:00:35.000Z,1.324951833672168,1.3269392614226763,loss,-3.0000000000000853
1182,trade_209,GBP/USD,LONG,2026-07-24T11:01:36.000Z,2026-07-24T11:02:36.000Z,1.3242428912894966,1.3222565269525623,loss,-2.999999999999964
1183,trade_210,GBP/USD,LONG,2026-07-24T11:02:36.000Z,2026-07-24T11:03:36.000Z,1.323544125144623,1.3215588089569061,loss,-2.999999999999799
1184,trade_212,GBP/USD,LONG,2026-07-24T11:04:36.000Z,2026-07-24T11:05:36.000Z,1.324847513799495,1.3288220563408935,win,5.999999999999865
1185,trade_214,GBP/USD,LONG,2026-07-24T11:06:37.000Z,2026-07-24T11:07:37.000Z,1.327852811463102,1.3319487161144,win,6.169214864687807
1186,trade_215,GBP/USD,LONG,2026-07-24T11:07:37.000Z,2026-07-24T11:08:37.000Z,1.3293012962439321,1.3333173050114342,win,6.042285189745461
1187,trade_216,GBP/USD,LONG,2026-07-24T11:08:37.000Z,2026-07-24T11:09:37.000Z,1.3343023075793712,1.3323008541180021,loss,-2.999999999999975
1188,trade_217,GBP/USD,LONG,2026-07-24T11:09:37.000Z,2026-07-24T11:10:37.000Z,1.3323543460271117,1.3303558145080712,loss,-2.999999999999753
1189,trade_218,GBP/USD,LONG,2026-07-24T11:10:38.000Z,2026-07-24T11:11:38.000Z,1.3303959823846379,1.328374402857928,loss,-3.0390643890644475
1190,trade_219,GBP/USD,LONG,2026-07-24T11:11:38.000Z,2026-07-24T11:12:38.000Z,1.3290726045169179,1.327015098563661,loss,-3.096152830574173
1191,trade_220,GBP/USD,LONG,2026-07-24T11:12:38.000Z,2026-07-24T11:13:38.000Z,1.328960211014626,1.3329470916476696,win,5.999999999999647
1192,trade_222,GBP/USD,LONG,2026-07-24T11:14:38.000Z,2026-07-24T11:15:38.000Z,1.3326183559172584,1.3306194283833825,loss,-2.999999999999976
1193,trade_230,GBP/USD,SHORT,2026-07-24T11:22:40.000Z,2026-07-24T11:23:40.000Z,1.334826180661441,1.3368284199324332,loss,-3.0000000000000426
1194,trade_233,GBP/USD,LONG,2026-07-24T11:25:41.000Z,2026-07-24T11:26:41.000Z,1.34063702337584,1.3446589344459674,win,5.99999999999981
1195,trade_238,GBP/USD,LONG,2026-07-24T11:30:42.000Z,2026-07-24T11:31:42.000Z,1.3337729987978229,1.3317723392996261,loss,-2.9999999999999813
1196,trade_239,GBP/USD,LONG,2026-07-24T11:31:42.000Z,2026-07-24T11:32:42.000Z,1.3323761674785712,1.3363732959810068,win,5.999999999999844
1197,trade_243,GBP/USD,LONG,2026-07-24T11:35:43.000Z,2026-07-24T11:36:43.000Z,1.34123303805134,1.3452567371654938,win,5.999999999999655
1198,trade_247,GBP/USD,SHORT,2026-07-24T11:39:44.000Z,2026-07-24T11:40:44.000Z,1.3434619725851555,1.3394315866674,win,6.000000000000061
1199,trade_249,GBP/USD,SHORT,2026-07-24T11:41:44.000Z,2026-07-24T11:42:44.000Z,1.3414627239913837,1.3434749180773708,loss,-3.0000000000001625
1200,trade_250,GBP/USD,SHORT,2026-07-24T11:42:44.000Z,2026-07-24T11:43:44.000Z,1.3416937161566278,1.3437062567308629,loss,-3.0000000000001696
1201,trade_254,GBP/USD,SHORT,2026-07-24T11:46:45.000Z,2026-07-24T11:47:45.000Z,1.3502209641111858,1.3522462955573527,loss,-3.00000000000018
1202,trade_255,GBP/USD,SHORT,2026-07-24T11:47:45.000Z,2026-07-24T11:48:45.000Z,1.3479227796952693,1.3438790113561836,win,5.99999999999985
1203,trade_256,GBP/USD,SHORT,2026-07-24T11:48:46.000Z,2026-07-24T11:49:46.000Z,1.3440100204547705,1.3460260354854527,loss,-3.000000000000173
1204,trade_257,GBP/USD,SHORT,2026-07-24T11:49:46.000Z,2026-07-24T11:50:46.000Z,1.34736000234499,1.3493810423485078,loss,-3.00000000000026
1205,trade_258,GBP/USD,SHORT,2026-07-24T11:50:46.000Z,2026-07-24T11:51:46.000Z,1.3445714494575594,1.3405377351091867,win,5.999999999999929
1206,trade_259,GBP/USD,SHORT,2026-07-24T11:51:46.000Z,2026-07-24T11:52:46.000Z,1.3417320042072927,1.3437446022136037,loss,-3.0000000000001497
1207,trade_260,GBP/USD,SHORT,2026-07-24T11:52:47.000Z,2026-07-24T11:53:47.000Z,1.345492458200202,1.3475106968875024,loss,-3.0000000000002105
1208,trade_261,GBP/USD,SHORT,2026-07-24T11:53:47.000Z,2026-07-24T11:54:47.000Z,1.3484751090796707,1.3504978217432904,loss,-3.0000000000002003
1209,trade_262,GBP/USD,SHORT,2026-07-24T11:54:47.000Z,2026-07-24T11:55:47.000Z,1.3494438202158,1.3514679859461236,loss,-3.0000000000000187
1210,trade_272,GBP/USD,LONG,2026-07-24T12:04:49.000Z,2026-07-24T12:05:49.000Z,1.3649001578074003,1.3689948582808222,win,5.999999999999669
1211,trade_283,GBP/USD,LONG,2026-07-24T12:15:52.000Z,2026-07-24T12:16:52.000Z,1.3546092010943862,1.3525772872927446,loss,-3.0000000000000053
1212,trade_284,GBP/USD,LONG,2026-07-24T12:16:52.000Z,2026-07-24T12:17:52.000Z,1.3568013256881961,1.3608717296652606,win,5.999999999999847
1213,trade_285,GBP/USD,LONG,2026-07-24T12:17:53.000Z,2026-07-24T12:18:53.000Z,1.3634551803673032,1.3614099975967522,loss,-3.0000000000000524
1214,trade_286,GBP/USD,LONG,2026-07-24T12:18:53.000Z,2026-07-24T12:19:53.000Z,1.3617897977025604,1.3597471130060066,loss,-2.999999999999905
1215,trade_287,GBP/USD,LONG,2026-07-24T12:19:53.000Z,2026-07-24T12:20:53.000Z,1.3597470402522436,1.3577074196918653,loss,-2.999999999999932
1216,trade_288,GBP/USD,LONG,2026-07-24T12:20:53.000Z,2026-07-24T12:21:53.000Z,1.3574815888999752,1.361554033666675,win,5.999999999999767
1217,trade_290,GBP/USD,LONG,2026-07-24T12:22:54.000Z,2026-07-24T12:23:54.000Z,1.3593898207180284,1.3572364649002082,loss,-3.1681211452396605
1218,trade_291,GBP/USD,LONG,2026-07-24T12:23:54.000Z,2026-07-24T12:24:54.000Z,1.356602910530613,1.360702455535904,win,6.043839318739928
1219,trade_293,GBP/USD,LONG,2026-07-24T12:25:54.000Z,2026-07-24T12:26:54.000Z,1.3593624994435958,1.3573234556944305,loss,-2.999999999999867
1220,trade_294,GBP/USD,LONG,2026-07-24T12:26:55.000Z,2026-07-24T12:27:55.000Z,1.3607601449054714,1.3587190046881132,loss,-2.999999999999884
1221,trade_295,GBP/USD,LONG,2026-07-24T12:27:55.000Z,2026-07-24T12:28:55.000Z,1.3586480301704424,1.3565933610955578,loss,-3.0245788890988186
1222,trade_297,GBP/USD,LONG,2026-07-24T12:29:55.000Z,2026-07-24T12:30:55.000Z,1.3593736072407936,1.3573345468299325,loss,-2.9999999999998734
1223,trade_305,GBP/USD,LONG,2026-07-24T12:37:57.000Z,2026-07-24T12:38:57.000Z,1.3654542861400794,1.3634061047108692,loss,-3.000000000000045
1224,trade_306,GBP/USD,SHORT,2026-07-24T12:38:58.000Z,2026-07-24T12:39:58.000Z,1.3609968851381609,1.3630383804658681,loss,-3.0000000000000195
1225,trade_307,GBP/USD,SHORT,2026-07-24T12:39:58.000Z,2026-07-24T12:40:58.000Z,1.360987008540826,1.3630284890536373,loss,-3.0000000000000573
1226,trade_328,GBP/USD,SHORT,2026-07-24T13:01:02.000Z,2026-07-24T13:02:02.000Z,1.3880533509969972,1.3901354310234928,loss,-3.000000000000106
1227,trade_350,GBP/USD,LONG,2026-07-24T13:23:07.000Z,2026-07-24T13:24:07.000Z,1.3929534815521587,1.3971323419968151,win,5.9999999999999325
1228,trade_351,GBP/USD,LONG,2026-07-24T13:24:07.000Z,2026-07-24T13:25:07.000Z,1.3946212093980603,1.3925292775839633,loss,-2.9999999999999547
1229,trade_374,GBP/USD,SHORT,2026-07-24T13:47:12.000Z,2026-07-24T13:48:12.000Z,1.4311360479683815,1.4332827520403342,loss,-3.000000000000208
1230,trade_393,GBP/USD,LONG,2026-07-24T14:06:16.000Z,2026-07-24T14:07:16.000Z,1.4499612333729333,1.4543111170730518,win,5.999999999999687
1231,trade_394,GBP/USD,SHORT,2026-07-24T14:07:17.000Z,2026-07-24T14:08:17.000Z,1.4530879815392657,1.4552676135115747,loss,-3.0000000000002522
1232,trade_404,GBP/USD,LONG,2026-07-24T14:17:19.000Z,2026-07-24T14:18:19.000Z,1.4547247800380037,1.4525426928679468,loss,-2.9999999999997953
1233,trade_405,GBP/USD,LONG,2026-07-24T14:18:19.000Z,2026-07-24T14:19:19.000Z,1.4550493607940604,1.4594145088764425,win,5.99999999999987
1234,trade_406,GBP/USD,LONG,2026-07-24T14:19:19.000Z,2026-07-24T14:20:19.000Z,1.4530524398430988,1.457411597162628,win,5.999999999999844
1235,trade_421,GBP/USD,LONG,2026-07-24T14:34:23.000Z,2026-07-24T14:35:23.000Z,1.4872503417296636,1.4917120927548524,win,5.999999999999681
1236,trade_431,GBP/USD,LONG,2026-07-24T14:44:25.000Z,2026-07-24T14:45:25.000Z,1.4978960410868285,1.5023897292100887,win,5.99999999999966
1237,trade_443,GBP/USD,LONG,2026-07-24T14:56:28.000Z,2026-07-24T14:57:28.000Z,1.5213520696610294,1.519070041556538,loss,-2.999999999999966
1238,trade_444,GBP/USD,LONG,2026-07-24T14:57:28.000Z,2026-07-24T14:58:28.000Z,1.522686422812713,1.527254482081151,win,5.9999999999999
1239,trade_449,GBP/USD,LONG,2026-07-24T15:02:29.000Z,2026-07-24T15:03:29.000Z,1.5295325383522458,1.5272382395447175,loss,-2.9999999999999027
1240,trade_451,GBP/USD,LONG,2026-07-24T15:04:29.000Z,2026-07-24T15:05:29.000Z,1.5304977001031241,1.5350891932034334,win,5.999999999999857
1241,trade_454,GBP/USD,LONG,2026-07-24T15:07:30.000Z,2026-07-24T15:08:30.000Z,1.529509906898694,1.53409843661939,win,5.999999999999908
1242,trade_459,GBP/USD,LONG,2026-07-24T15:12:31.000Z,2026-07-24T15:13:31.000Z,1.528618032152684,1.533203886249142,win,5.9999999999997256
1243,trade_462,GBP/USD,LONG,2026-07-24T15:15:32.000Z,2026-07-24T15:16:32.000Z,1.5306181655072544,1.535210020003776,win,5.999999999999725
1244,trade_464,GBP/USD,LONG,2026-07-24T15:17:32.000Z,2026-07-24T15:18:32.000Z,1.5305170990635912,1.528221323414996,loss,-2.999999999999871
1245,trade_465,GBP/USD,LONG,2026-07-24T15:18:33.000Z,2026-07-24T15:19:33.000Z,1.5238171334104613,1.5215314077103457,loss,-2.9999999999999427
1246,trade_466,GBP/USD,LONG,2026-07-24T15:19:33.000Z,2026-07-24T15:20:33.000Z,1.521120558535058,1.5256839202106631,win,5.999999999999923
1247,trade_467,GBP/USD,LONG,2026-07-24T15:20:33.000Z,2026-07-24T15:21:33.000Z,1.524173754895954,1.5287462761606416,win,5.99999999999973
1248,trade_468,GBP/USD,LONG,2026-07-24T15:21:33.000Z,2026-07-24T15:22:33.000Z,1.529690932655841,1.5273963962568573,loss,-2.9999999999999107
1249,trade_469,GBP/USD,LONG,2026-07-24T15:22:34.000Z,2026-07-24T15:23:34.000Z,1.528784893886343,1.5264917165455136,loss,-2.9999999999999223
1250,trade_471,GBP/USD,LONG,2026-07-24T15:24:34.000Z,2026-07-24T15:25:34.000Z,1.5279905269316132,1.532574498512408,win,5.999999999999831
1251,trade_472,GBP/USD,LONG,2026-07-24T15:25:34.000Z,2026-07-24T15:26:34.000Z,1.530439023936511,1.5281433654006065,loss,-2.9999999999998246
1252,trade_473,GBP/USD,LONG,2026-07-24T15:26:35.000Z,2026-07-24T15:27:35.000Z,1.5356428127612682,1.540249741199552,win,5.99999999999986
1253,trade_474,GBP/USD,LONG,2026-07-24T15:27:35.000Z,2026-07-24T15:28:35.000Z,1.5398967913559392,1.5375869461689053,loss,-2.9999999999998717
1254,trade_476,GBP/USD,LONG,2026-07-24T15:29:35.000Z,2026-07-24T15:30:35.000Z,1.5485824472130338,1.5532281945546729,win,5.999999999999906
1255,trade_480,GBP/USD,SHORT,2026-07-24T15:33:36.000Z,2026-07-24T15:34:36.000Z,1.5476648806047733,1.5499863779256804,loss,-2.9999999999999742
1256,trade_483,GBP/USD,SHORT,2026-07-24T15:36:37.000Z,2026-07-24T15:37:37.000Z,1.5454144482675662,1.5477325699399678,loss,-3.0000000000002336
1257,trade_484,GBP/USD,SHORT,2026-07-24T15:37:37.000Z,2026-07-24T15:38:37.000Z,1.5452361551046339,1.5475540093372908,loss,-3.0000000000000084
1258,trade_485,GBP/USD,SHORT,2026-07-24T15:38:38.000Z,2026-07-24T15:39:38.000Z,1.5458034898346271,1.548122195069379,loss,-3.000000000000041
1259,trade_487,GBP/USD,SHORT,2026-07-24T15:40:38.000Z,2026-07-24T15:41:38.000Z,1.5460939405737784,1.541455658752057,win,6.00000000000013
1260,trade_488,GBP/USD,SHORT,2026-07-24T15:41:38.000Z,2026-07-24T15:42:38.000Z,1.5411822375543707,1.5434940109107023,loss,-3.000000000000047
1261,trade_489,GBP/USD,SHORT,2026-07-24T15:42:39.000Z,2026-07-24T15:43:39.000Z,1.5436400262289214,1.545955486268265,loss,-3.0000000000002505
1262,trade_491,GBP/USD,SHORT,2026-07-24T15:44:39.000Z,2026-07-24T15:45:39.000Z,1.5455226375806101,1.547840921536981,loss,-2.999999999999985
1263,trade_497,GBP/USD,SHORT,2026-07-24T15:50:40.000Z,2026-07-24T15:51:40.000Z,1.5539725536326225,1.5563035124630715,loss,-3.0000000000000613
1264,trade_498,GBP/USD,SHORT,2026-07-24T15:51:41.000Z,2026-07-24T15:52:41.000Z,1.554874719204337,1.5502100950467241,win,5.999999999999894
1265,trade_499,GBP/USD,SHORT,2026-07-24T15:52:41.000Z,2026-07-24T15:53:41.000Z,1.555349679946932,1.5506836309070913,win,5.999999999999866
1266,trade_500,GBP/USD,SHORT,2026-07-24T15:53:41.000Z,2026-07-24T15:54:41.000Z,1.550774337428979,1.5531004989351227,loss,-3.000000000000196
1267,trade_501,GBP/USD,SHORT,2026-07-24T15:54:42.000Z,2026-07-24T15:55:42.000Z,1.5534629566077145,1.5557931510426262,loss,-3.000000000000126
1268,trade_502,GBP/USD,SHORT,2026-07-24T15:55:42.000Z,2026-07-24T15:56:42.000Z,1.5556209352657517,1.5579543666686504,loss,-3.000000000000036
1269,trade_512,GBP/USD,LONG,2026-07-24T16:05:44.000Z,2026-07-24T16:06:44.000Z,1.5644529769464977,1.562106297481078,loss,-2.9999999999998965
1270,trade_513,GBP/USD,LONG,2026-07-24T16:06:45.000Z,2026-07-24T16:07:45.000Z,1.5623426453581009,1.5599991313900639,loss,-2.9999999999998104
1271,trade_519,GBP/USD,LONG,2026-07-24T16:12:46.000Z,2026-07-24T16:13:46.000Z,1.5642056233961692,1.561859314961075,loss,-2.9999999999997917
1272,trade_524,GBP/USD,LONG,2026-07-24T16:17:48.000Z,2026-07-24T16:18:48.000Z,1.5559816790342036,1.5606496240713061,win,5.999999999999922
1273,trade_525,GBP/USD,LONG,2026-07-24T16:18:48.000Z,2026-07-24T16:19:48.000Z,1.5603732133548942,1.5579944839936863,loss,-3.0489236047489654
1274,trade_528,GBP/USD,LONG,2026-07-24T16:21:49.000Z,2026-07-24T16:22:49.000Z,1.5554919855472837,1.5601584615039255,win,5.999999999999823
1275,trade_529,GBP/USD,LONG,2026-07-24T16:22:49.000Z,2026-07-24T16:23:49.000Z,1.55957511828587,1.5643741707994883,win,6.154307615388199
1276,trade_531,GBP/USD,LONG,2026-07-24T16:24:50.000Z,2026-07-24T16:25:50.000Z,1.5610099863031506,1.558668471323696,loss,-2.99999999999979
1277,trade_532,GBP/USD,LONG,2026-07-24T16:25:50.000Z,2026-07-24T16:26:50.000Z,1.5609662172422485,1.5586247679163852,loss,-2.9999999999999476
1278,trade_533,GBP/USD,LONG,2026-07-24T16:26:50.000Z,2026-07-24T16:27:50.000Z,1.5574736692481157,1.5551374587442437,loss,-2.9999999999997837
1279,trade_534,GBP/USD,LONG,2026-07-24T16:27:51.000Z,2026-07-24T16:28:51.000Z,1.5555701449064316,1.553236789689072,loss,-3.0000000000000253
1280,trade_535,GBP/USD,LONG,2026-07-24T16:28:51.000Z,2026-07-24T16:29:51.000Z,1.5550552279081975,1.559720393591922,win,5.9999999999998
1281,trade_540,GBP/USD,LONG,2026-07-24T16:33:52.000Z,2026-07-24T16:34:52.000Z,1.5637210041881793,1.561375422681897,loss,-3.0000000000000133
1282,trade_543,GBP/USD,SHORT,2026-07-24T16:36:53.000Z,2026-07-24T16:37:53.000Z,1.5614646885161596,1.563806885548934,loss,-3.000000000000186
1283,trade_547,GBP/USD,SHORT,2026-07-24T16:40:54.000Z,2026-07-24T16:41:54.000Z,1.5621835221641054,1.557496971597613,win,6.000000000000061
1284,trade_553,GBP/USD,LONG,2026-07-24T16:46:56.000Z,2026-07-24T16:47:56.000Z,1.561398058465237,1.5590559613775392,loss,-2.9999999999998335
1285,trade_554,GBP/USD,SHORT,2026-07-24T16:47:56.000Z,2026-07-24T16:48:56.000Z,1.558565415931116,1.5538897196833226,win,6.000000000000072
1286,trade_560,GBP/USD,SHORT,2026-07-24T16:53:57.000Z,2026-07-24T16:54:57.000Z,1.5598624257980218,1.5622022194367189,loss,-3.000000000000053
1287,trade_562,GBP/USD,LONG,2026-07-24T16:55:58.000Z,2026-07-24T16:56:58.000Z,1.56211633276681,1.5597731582676597,loss,-3.000000000000012
1288,trade_571,GBP/USD,LONG,2026-07-24T17:05:00.000Z,2026-07-24T17:06:00.000Z,1.5520818357814201,1.5567380812887641,win,5.999999999999669
1289,trade_572,GBP/USD,LONG,2026-07-24T17:06:00.000Z,2026-07-24T17:07:00.000Z,1.5572883871390364,1.554952454558328,loss,-2.9999999999998153
1290,trade_574,GBP/USD,LONG,2026-07-24T17:08:01.000Z,2026-07-24T17:09:01.000Z,1.5552266071894678,1.5528937672786838,loss,-2.9999999999997855
1291,trade_577,GBP/USD,LONG,2026-07-24T17:11:01.000Z,2026-07-24T17:12:01.000Z,1.5529728124394329,1.5576317308767509,win,5.999999999999651
1292,trade_579,GBP/USD,SHORT,2026-07-24T17:13:02.000Z,2026-07-24T17:14:02.000Z,1.5612126237946455,1.5635544427303376,loss,-3.000000000000137
1293,trade_580,GBP/USD,SHORT,2026-07-24T17:14:02.000Z,2026-07-24T17:15:02.000Z,1.5598530910442752,1.5551735317711424,win,5.999999999999959
1294,trade_583,GBP/USD,LONG,2026-07-24T17:17:03.000Z,2026-07-24T17:18:03.000Z,1.5486573043484206,1.5463060872591665,loss,-3.036458850711801
1295,trade_610,GBP/USD,SHORT,2026-07-24T17:44:09.000Z,2026-07-24T17:45:09.000Z,1.5470247129299886,1.5493452499993836,loss,-3.0000000000000955
1296,trade_611,GBP/USD,SHORT,2026-07-24T17:45:09.000Z,2026-07-24T17:46:09.000Z,1.550632473332318,1.5529584220423165,loss,-2.9999999999999925
1297,trade_613,GBP/USD,SHORT,2026-07-24T17:47:09.000Z,2026-07-24T17:48:09.000Z,1.554763441833521,1.5570955869962713,loss,-2.999999999999979
1298,trade_625,GBP/USD,SHORT,2026-07-24T17:59:12.000Z,2026-07-24T18:00:12.000Z,1.5467971027499556,1.5491172984040806,loss,-3.0000000000000875
1299,trade_626,GBP/USD,LONG,2026-07-24T18:00:12.000Z,2026-07-24T18:01:12.000Z,1.5498922811521243,1.5475674427303963,loss,-2.9999999999998077
1300,trade_627,GBP/USD,LONG,2026-07-24T18:01:12.000Z,2026-07-24T18:02:12.000Z,1.5499752827282085,1.5476503198041163,loss,-2.9999999999998974
1301,trade_628,GBP/USD,LONG,2026-07-24T18:02:13.000Z,2026-07-24T18:03:13.000Z,1.547225651247698,1.551867328201441,win,5.999999999999822
1302,trade_644,GBP/USD,LONG,2026-07-24T18:18:16.000Z,2026-07-24T18:19:16.000Z,1.5534914345287434,1.5511353256453544,loss,-3.0333078522621264
1303,trade_645,GBP/USD,LONG,2026-07-24T18:19:16.000Z,2026-07-24T18:20:16.000Z,1.5512299835121315,1.5489031385368635,loss,-2.9999999999997815
1304,trade_648,GBP/USD,LONG,2026-07-24T18:22:17.000Z,2026-07-24T18:23:17.000Z,1.5511461057016434,1.5557995440187482,win,5.9999999999999
1305,trade_651,GBP/USD,SHORT,2026-07-24T18:25:18.000Z,2026-07-24T18:26:18.000Z,1.5607465723952922,1.5630876922538852,loss,-3.0000000000000493
1306,trade_652,GBP/USD,SHORT,2026-07-24T18:26:18.000Z,2026-07-24T18:27:18.000Z,1.5562967931890677,1.5586312383788514,loss,-3.000000000000207
1307,trade_653,GBP/USD,SHORT,2026-07-24T18:27:18.000Z,2026-07-24T18:28:18.000Z,1.5568046699367102,1.5591398769416154,loss,-3.0000000000001643
1308,trade_654,GBP/USD,SHORT,2026-07-24T18:28:18.000Z,2026-07-24T18:29:18.000Z,1.557664498759662,1.552991505263383,win,6.0000000000000595
1309,trade_655,GBP/USD,SHORT,2026-07-24T18:29:19.000Z,2026-07-24T18:30:19.000Z,1.5508941075679277,1.5532204487292796,loss,-2.999999999999993
1310,trade_658,GBP/USD,LONG,2026-07-24T18:32:19.000Z,2026-07-24T18:33:19.000Z,1.5474373108302657,1.5520796227627562,win,5.999999999999667
1311,trade_659,GBP/USD,LONG,2026-07-24T18:33:20.000Z,2026-07-24T18:34:20.000Z,1.551361760302075,1.5560158455829811,win,5.999999999999774
1312,trade_665,GBP/USD,LONG,2026-07-24T18:39:21.000Z,2026-07-24T18:40:21.000Z,1.5507621870042991,1.5484360437237927,loss,-2.9999999999999356
1313,trade_668,GBP/USD,LONG,2026-07-24T18:42:22.000Z,2026-07-24T18:43:22.000Z,1.553296974128435,1.5509670286672426,loss,-2.999999999999769
1314,trade_672,GBP/USD,LONG,2026-07-24T18:46:23.000Z,2026-07-24T18:47:23.000Z,1.5484812834889417,1.5531267273394083,win,5.999999999999726
1315,trade_679,GBP/USD,SHORT,2026-07-24T18:53:24.000Z,2026-07-24T18:54:24.000Z,1.559054132944452,1.5543769705456187,win,5.999999999999944
1316,trade_680,GBP/USD,SHORT,2026-07-24T18:54:24.000Z,2026-07-24T18:55:24.000Z,1.5571239587022085,1.559459644640262,loss,-3.000000000000169
1317,trade_681,GBP/USD,SHORT,2026-07-24T18:55:25.000Z,2026-07-24T18:56:25.000Z,1.5568000195873397,1.5591352196167207,loss,-3.0000000000000324
1318,trade_682,GBP/USD,SHORT,2026-07-24T18:56:25.000Z,2026-07-24T18:57:25.000Z,1.5595150291213007,1.5618543016649826,loss,-2.999999999999981
1319,trade_683,GBP/USD,SHORT,2026-07-24T18:57:25.000Z,2026-07-24T18:58:25.000Z,1.559165731497139,1.5544882343026476,win,5.999999999999976
1320,trade_684,GBP/USD,SHORT,2026-07-24T18:58:25.000Z,2026-07-24T18:59:25.000Z,1.5544708156153617,1.5569329724367553,loss,-3.167839237199097
1321,trade_685,GBP/USD,SHORT,2026-07-24T18:59:26.000Z,2026-07-24T19:00:26.000Z,1.5584072694819915,1.5533388776144919,win,6.5045793442485
1322,trade_699,GBP/USD,SHORT,2026-07-24T19:13:29.000Z,2026-07-24T19:14:29.000Z,1.5617084355408455,1.5640509981941568,loss,-3.0000000000000946
1323,trade_705,GBP/USD,SHORT,2026-07-24T19:19:30.000Z,2026-07-24T19:20:30.000Z,1.5658599791886596,1.5682087691574427,loss,-3.000000000000105
1324,trade_706,GBP/USD,SHORT,2026-07-24T19:20:30.000Z,2026-07-24T19:21:30.000Z,1.5651266789169507,1.567474368935326,loss,-2.9999999999999996
1325,trade_708,GBP/USD,SHORT,2026-07-24T19:22:31.000Z,2026-07-24T19:23:31.000Z,1.5670851827168852,1.5694358104909607,loss,-3.0000000000001745
1326,trade_709,GBP/USD,SHORT,2026-07-24T19:23:31.000Z,2026-07-24T19:24:31.000Z,1.563926323648131,1.566272213133603,loss,-3.0000000000000147
1327,trade_711,GBP/USD,SHORT,2026-07-24T19:25:32.000Z,2026-07-24T19:26:32.000Z,1.5661197525609833,1.5684689321898249,loss,-3.000000000000049
1328,trade_715,GBP/USD,LONG,2026-07-24T19:29:33.000Z,2026-07-24T19:30:33.000Z,1.5715274576606055,1.5762420400335873,win,5.999999999999882
1329,trade_717,GBP/USD,SHORT,2026-07-24T19:31:33.000Z,2026-07-24T19:32:33.000Z,1.5722181567934415,1.5675015023230612,win,5.99999999999994
1330,trade_721,GBP/USD,SHORT,2026-07-24T19:35:34.000Z,2026-07-24T19:36:34.000Z,1.5707908710787477,1.5660784984655114,win,6.000000000000092
1331,trade_724,GBP/USD,SHORT,2026-07-24T19:38:35.000Z,2026-07-24T19:39:35.000Z,1.5643125067993264,1.5666589755595255,loss,-3.000000000000091
1332,trade_725,GBP/USD,SHORT,2026-07-24T19:39:35.000Z,2026-07-24T19:40:35.000Z,1.5641808867406486,1.5594883440804266,win,6.000000000000082
1333,trade_726,GBP/USD,SHORT,2026-07-24T19:40:35.000Z,2026-07-24T19:41:35.000Z,1.5635041104331446,1.5658493665987945,loss,-3.0000000000001634
1334,trade_727,GBP/USD,SHORT,2026-07-24T19:41:35.000Z,2026-07-24T19:42:35.000Z,1.56594634810198,1.561248509057674,win,6.000000000000058
1335,trade_729,GBP/USD,SHORT,2026-07-24T19:43:36.000Z,2026-07-24T19:44:36.000Z,1.5585147756142983,1.5538392312874554,win,6.000000000000028
1336,trade_738,GBP/USD,LONG,2026-07-24T19:52:38.000Z,2026-07-24T19:53:38.000Z,1.5675106437295674,1.572213175660756,win,5.999999999999916
1337,trade_756,GBP/USD,SHORT,2026-07-24T20:10:42.000Z,2026-07-24T20:11:42.000Z,1.5874855983100427,1.5898668267075078,loss,-3.0000000000000826
1338,trade_757,GBP/USD,SHORT,2026-07-24T20:11:43.000Z,2026-07-24T20:12:43.000Z,1.5885840847170472,1.583818332462896,win,5.999999999999949
1339,trade_765,GBP/USD,SHORT,2026-07-24T20:19:45.000Z,2026-07-24T20:20:45.000Z,1.5868516102609962,1.5892318876763878,loss,-3.0000000000001283
1340,trade_767,GBP/USD,LONG,2026-07-24T20:21:45.000Z,2026-07-24T20:22:45.000Z,1.5913685987857469,1.596142704582104,win,5.999999999999778
1341,trade_784,GBP/USD,LONG,2026-07-24T20:38:49.000Z,2026-07-24T20:39:49.000Z,1.6223738318158214,1.6272409533112686,win,5.999999999999691
1342,trade_793,GBP/USD,LONG,2026-07-24T20:47:51.000Z,2026-07-24T20:48:51.000Z,1.6136436828772456,1.6112232173529297,loss,-2.9999999999999787
1343,trade_794,GBP/USD,LONG,2026-07-24T20:48:51.000Z,2026-07-24T20:49:51.000Z,1.615972793892548,1.6135488347017093,loss,-2.9999999999999973
1344,trade_795,GBP/USD,LONG,2026-07-24T20:49:52.000Z,2026-07-24T20:50:52.000Z,1.6195230262910427,1.6243815953699157,win,5.999999999999771
1345,trade_796,GBP/USD,LONG,2026-07-24T20:50:52.000Z,2026-07-24T20:51:52.000Z,1.6260619109181114,1.6236228180517343,loss,-2.9999999999999334
1346,trade_797,GBP/USD,LONG,2026-07-24T20:51:52.000Z,2026-07-24T20:52:52.000Z,1.6187613784054518,1.6163332363378438,loss,-2.9999999999997766
1347,trade_798,GBP/USD,LONG,2026-07-24T20:52:52.000Z,2026-07-24T20:53:52.000Z,1.6158030694252046,1.6133793648210668,loss,-2.99999999999995
1348,trade_799,GBP/USD,LONG,2026-07-24T20:53:53.000Z,2026-07-24T20:54:53.000Z,1.619439143967487,1.6170099852515358,loss,-2.999999999999793
1349,trade_801,GBP/USD,LONG,2026-07-24T20:55:53.000Z,2026-07-24T20:56:53.000Z,1.619477246706625,1.6170480308365651,loss,-2.9999999999998823
1350,trade_803,GBP/USD,LONG,2026-07-24T20:57:54.000Z,2026-07-24T20:58:54.000Z,1.6190265892604936,1.616598049376603,loss,-2.999999999999801
1351,trade_804,GBP/USD,LONG,2026-07-24T20:58:54.000Z,2026-07-24T20:59:54.000Z,1.6219522726087365,1.6268181294265627,win,5.9999999999999165
1352,trade_805,GBP/USD,LONG,2026-07-24T20:59:54.000Z,2026-07-24T21:00:54.000Z,1.6270283331301691,1.624587790630474,loss,-2.99999999999989
1353,trade_808,GBP/USD,LONG,2026-07-24T21:02:55.000Z,2026-07-24T21:03:55.000Z,1.624081006160286,1.6216448846510456,loss,-2.9999999999998783
1354,trade_816,GBP/USD,LONG,2026-07-24T21:10:57.000Z,2026-07-24T21:11:57.000Z,1.6154597649215598,1.6203061442163245,win,5.999999999999917
1355,trade_817,GBP/USD,LONG,2026-07-24T21:11:57.000Z,2026-07-24T21:12:57.000Z,1.616956932525292,1.6145314971265041,loss,-2.999999999999844
1356,trade_818,GBP/USD,LONG,2026-07-24T21:12:57.000Z,2026-07-24T21:13:57.000Z,1.6128764652657903,1.6104571505678917,loss,-2.9999999999998668
1357,trade_819,GBP/USD,LONG,2026-07-24T21:13:58.000Z,2026-07-24T21:14:58.000Z,1.6102524478242939,1.6150832051677666,win,5.999999999999791
1358,trade_820,GBP/USD,LONG,2026-07-24T21:14:58.000Z,2026-07-24T21:15:58.000Z,1.615920997951115,1.6134971164541885,loss,-2.999999999999944
1359,trade_827,GBP/USD,SHORT,2026-07-24T21:22:00.000Z,2026-07-24T21:23:00.000Z,1.620631492446037,1.6230624396847062,loss,-3.0000000000001936
1360,trade_828,GBP/USD,SHORT,2026-07-24T21:23:00.000Z,2026-07-24T21:24:00.000Z,1.6226687814183076,1.6251027845904351,loss,-3.000000000000044
1361,trade_829,GBP/USD,SHORT,2026-07-24T21:24:00.000Z,2026-07-24T21:25:00.000Z,1.625464718041293,1.6205883238871692,win,6.000000000000009
1362,trade_830,GBP/USD,SHORT,2026-07-24T21:25:00.000Z,2026-07-24T21:26:00.000Z,1.6229050665703966,1.6253394241702523,loss,-3.000000000000221
1363,,SOL/USD,SHORT,2026-07-24T21:30:55.000Z,2026-07-24T21:46:46.715Z,317.5866020663019,317.5866020663019,breakeven,0
1364,,BTC/USD,LONG,2026-07-24T21:33:53.000Z,2026-07-24T21:46:43.096Z,133993.67261010635,133993.67261010635,breakeven,0
1365,,GBP/USD,SHORT,2026-07-24T21:34:03.000Z,2026-07-24T21:46:49.953Z,1.6300321756170928,1.6300321756170928,breakeven,0
1366,,BNB/USD,LONG,2026-07-24T21:35:58.000Z,2026-07-24T21:46:47.809Z,918.8744910613029,918.8744910613029,breakeven,0
1367,,EUR/USD,SHORT,2026-07-24T21:42:01.000Z,2026-07-24T21:46:48.934Z,1.477677175536606,1.477677175536606,breakeven,0
1368,trade_842,BTC/USD,LONG,2026-07-24T21:36:54.000Z,2026-07-24T21:37:54.000Z,133988.65517491734,133787.67219215498,loss,-2.999999999999786
1369,trade_843,BTC/USD,LONG,2026-07-24T21:37:54.000Z,2026-07-24T21:38:54.000Z,133577.75087185568,133377.3842455479,loss,-2.999999999999883
1370,trade_847,BTC/USD,LONG,2026-07-24T21:41:55.000Z,2026-07-24T21:42:55.000Z,134123.4382522097,134525.8085669663,win,5.999999999999747
1371,trade_848,BTC/USD,LONG,2026-07-24T21:42:56.000Z,2026-07-24T21:43:56.000Z,134420.83295927904,134219.20170984013,loss,-2.9999999999999187
1372,trade_849,BTC/USD,LONG,2026-07-24T21:43:56.000Z,2026-07-24T21:44:56.000Z,134183.74980490882,133982.47418020145,loss,-3.0000000000001052
1373,trade_850,BTC/USD,LONG,2026-07-24T21:44:56.000Z,2026-07-24T21:45:56.000Z,134047.86066838473,134450.00425038987,win,5.999999999999804
1374,trade_839,ETH/USD,SHORT,2026-07-24T21:33:54.000Z,2026-07-24T21:34:54.000Z,4433.047066076854,4419.747924878624,win,5.999999999999857
1375,trade_843,ETH/USD,SHORT,2026-07-24T21:37:55.000Z,2026-07-24T21:38:55.000Z,4430.17178098757,4436.817038659052,loss,-3.00000000000024
1376,trade_846,ETH/USD,LONG,2026-07-24T21:40:56.000Z,2026-07-24T21:41:56.000Z,4406.471095755641,4419.690509042907,win,5.999999999999778
1377,trade_850,ETH/USD,SHORT,2026-07-24T21:44:57.000Z,2026-07-24T21:45:57.000Z,4437.43544333533,4444.091596500333,loss,-3.0000000000000746
1378,,ETH/USD,LONG,2026-07-24T21:45:57.000Z,,4436.7114977377,,,0
1379,trade_838,SOL/USD,SHORT,2026-07-24T21:32:55.000Z,2026-07-24T21:33:55.000Z,316.6871585498212,317.16218928764596,loss,-3.000000000000042
1380,trade_842,SOL/USD,SHORT,2026-07-24T21:36:56.000Z,2026-07-24T21:37:56.000Z,317.4091934919944,317.8853072822324,loss,-3.0000000000000706
1381,trade_843,SOL/USD,SHORT,2026-07-24T21:37:56.000Z,2026-07-24T21:38:56.000Z,316.68647791254017,317.161507629409,loss,-3.000000000000227
1382,trade_844,SOL/USD,SHORT,2026-07-24T21:38:57.000Z,2026-07-24T21:39:57.000Z,317.06198072238556,317.53757369346914,loss,-3.000000000000047
1383,trade_845,SOL/USD,SHORT,2026-07-24T21:39:57.000Z,2026-07-24T21:40:57.000Z,316.8050274876975,317.28023502892904,loss,-3.000000000000054
1384,trade_847,SOL/USD,SHORT,2026-07-24T21:41:57.000Z,2026-07-24T21:42:57.000Z,317.3108311701889,317.78679741694424,loss,-3.00000000000023
1385,trade_847,BNB/USD,LONG,2026-07-24T21:41:59.000Z,2026-07-24T21:42:59.000Z,923.2568250606662,921.8719398230752,loss,-2.999999999999986
1386,trade_848,EUR/USD,SHORT,2026-07-24T21:43:01.000Z,2026-07-24T21:44:01.000Z,1.4757472587554692,1.4779608796436026,loss,-3.000000000000228
1387,trade_849,EUR/USD,SHORT,2026-07-24T21:44:02.000Z,2026-07-24T21:45:02.000Z,1.4757737503146662,1.4779874109401383,loss,-3.00000000000017
1388,trade_851,EUR/USD,SHORT,2026-07-24T21:46:02.000Z,2026-07-24T21:47:02.000Z,1.4820732142568007,1.484296324078186,loss,-2.9999999999999756
1389,trade_845,GBP/USD,LONG,2026-07-24T21:40:04.000Z,2026-07-24T21:41:04.000Z,1.6331386495818359,1.6306889416074632,loss,-2.999999999999819
1390,trade_846,GBP/USD,LONG,2026-07-24T21:41:04.000Z,2026-07-24T21:42:04.000Z,1.6355464495630008,1.6404530889116895,win,5.999999999999673
1391,,BNB/USD,SHORT,2026-07-24T21:48:01.000Z,,921.0192724017618,,,0
1392,,EUR/USD,SHORT,2026-07-24T21:48:03.000Z,,1.481113019062559,,,0
1393,,BTC/USD,LONG,2026-07-24T21:50:58.000Z,,135527.2067641685,,,0
1394,,SOL/USD,LONG,2026-07-24T21:51:00.000Z,,318.6240269936355,,,0
1395,,GBP/USD,SHORT,2026-07-24T21:51:07.000Z,,1.6401393382048794,,,0